id,theme,sub,file,source_url,source_page,licence,fichier,statut
7-2-001,animaux,europe,7-2-001_bison-d-europe.md,https://thumb.wikimedia.org/wikipedia/commons/thumb/1/1b/European_Bison.JPG/1280px-European_Bison.JPG?utm_source=fr.wikipedia.org&utm_campaign=api&utm_content=thumbnail,Bison d'Europe,,images/cartes-500/7-2-001.webp,ok
7-2-002,animaux,europe,7-2-002_elan.md,https://upload.wikimedia.org/wikipedia/commons/6/67/Wading_moose.jpg?utm_source=fr.wikipedia.org&utm_campaign=api&utm_content=thumbnail_unscaled,Alces,,images/cartes-500/7-2-002.webp,ok
7-2-003,animaux,europe,7-2-003_renne.md,https://thumb.wikimedia.org/wikipedia/commons/thumb/a/af/20070818-0001-strolling_reindeer.jpg/1280px-20070818-0001-strolling_reindeer.jpg?utm_source=fr.wikipedia.org&utm_campaign=api&utm_content=thumbnail,Rangifer tarandus,,images/cartes-500/7-2-003.webp,ok
7-2-004,animaux,europe,7-2-004_glouton.md,https://thumb.wikimedia.org/wikipedia/commons/thumb/8/86/J%C3%A4rv1.jpg/1280px-J%C3%A4rv1.jpg?utm_source=fr.wikipedia.org&utm_campaign=api&utm_content=thumbnail,Gulo gulo,,images/cartes-500/7-2-004.webp,ok
7-2-005,animaux,europe,7-2-005_ours-polaire.md,https://thumb.wikimedia.org/wikipedia/commons/thumb/e/ec/Polar_Bear_2004-11-15.jpg/1280px-Polar_Bear_2004-11-15.jpg?utm_source=fr.wikipedia.org&utm_campaign=api&utm_content=thumbnail,Ours blanc,,images/cartes-500/7-2-005.webp,ok
7-2-009,animaux,europe,7-2-009_morse.md,https://upload.wikimedia.org/wikipedia/commons/3/35/7_Walross_1999.jpg?utm_source=fr.wikipedia.org&utm_campaign=api&utm_content=thumbnail_unscaled,Morse (animal),,images/cartes-500/7-2-009.webp,ok
7-2-012,animaux,europe,7-2-012_orque.md,https://thumb.wikimedia.org/wikipedia/commons/thumb/3/37/Killerwhales_jumping.jpg/1280px-Killerwhales_jumping.jpg?utm_source=fr.wikipedia.org&utm_campaign=api&utm_content=thumbnail,Orque,,images/cartes-500/7-2-012.webp,ok
7-2-013,animaux,europe,7-2-013_baleine-a-bosse.md,https://thumb.wikimedia.org/wikipedia/commons/thumb/9/9e/Humpback_stellwagen_edit.jpg/1280px-Humpback_stellwagen_edit.jpg?utm_source=fr.wikipedia.org&utm_campaign=api&utm_content=thumbnail,Baleine à bosse,,images/cartes-500/7-2-013.webp,ok
7-2-014,animaux,europe,7-2-014_cachalot.md,https://thumb.wikimedia.org/wikipedia/commons/thumb/c/c4/Sperm_whale_12.jpg/1280px-Sperm_whale_12.jpg?utm_source=fr.wikipedia.org&utm_campaign=api&utm_content=thumbnail,Physeteroidea,,images/cartes-500/7-2-014.webp,ok
7-2-023,animaux,europe,7-2-023_cigogne-blanche.md,https://upload.wikimedia.org/wikipedia/commons/c/c6/Stork_%28Palic%2C_Serbia%29.jpg?utm_source=fr.wikipedia.org&utm_campaign=api&utm_content=thumbnail_unscaled,Cigogne blanche,,images/cartes-500/7-2-023.webp,ok
7-2-025,animaux,europe,7-2-025_flamant-rose.md,https://thumb.wikimedia.org/wikipedia/commons/thumb/a/ae/Flamant_Rose_Villeneuve-l%C3%A8s-Maguelone.jpg/1280px-Flamant_Rose_Villeneuve-l%C3%A8s-Maguelone.jpg?utm_source=fr.wikipedia.org&utm_campaign=api&utm_content=thumbnail,Flamant rose,,images/cartes-500/7-2-025.webp,ok
7-2-027,animaux,europe,7-2-027_aigle-imperial.md,https://upload.wikimedia.org/wikipedia/commons/2/2e/Eastern_Imperial_Eagle_cr.jpg?utm_source=fr.wikipedia.org&utm_campaign=api&utm_content=thumbnail_unscaled,Aigle impérial,,images/cartes-500/7-2-027.webp,ok
7-2-028,animaux,europe,7-2-028_vautour-fauve.md,https://upload.wikimedia.org/wikipedia/commons/f/f3/Gyps_fulvus_-_Vautours_du_Verdon.jpg?utm_source=fr.wikipedia.org&utm_campaign=api&utm_content=thumbnail_unscaled,Vautour fauve,,images/cartes-500/7-2-028.webp,ok
7-2-035,animaux,europe,7-2-035_grue-cendree.md,https://thumb.wikimedia.org/wikipedia/commons/thumb/f/fd/Common_crane_grus_grus.jpg/1280px-Common_crane_grus_grus.jpg?utm_source=fr.wikipedia.org&utm_campaign=api&utm_content=thumbnail,Grue cendrée,,images/cartes-500/7-2-035.webp,ok
7-2-037,animaux,europe,7-2-037_macareux-moine.md,https://thumb.wikimedia.org/wikipedia/commons/thumb/7/77/Papageitaucher_Fratercula_arctica_02.jpg/1280px-Papageitaucher_Fratercula_arctica_02.jpg?utm_source=fr.wikipedia.org&utm_campaign=api&utm_content=thumbnail,Macareux moine,,images/cartes-500/7-2-037.webp,ok
7-2-038,animaux,europe,7-2-038_fou-de-bassan.md,https://thumb.wikimedia.org/wikipedia/commons/thumb/7/76/Two_Gannets_edit_2.jpg/1280px-Two_Gannets_edit_2.jpg?utm_source=fr.wikipedia.org&utm_campaign=api&utm_content=thumbnail,Fou de Bassan,,images/cartes-500/7-2-038.webp,ok
7-2-039,animaux,europe,7-2-039_pingouin-torda.md,https://upload.wikimedia.org/wikipedia/commons/0/02/Razorbill_iceland.JPG?utm_source=fr.wikipedia.org&utm_campaign=api&utm_content=thumbnail_unscaled,Petit Pingouin,,images/cartes-500/7-2-039.webp,ok
7-2-042,animaux,europe,7-2-042_harfang-des-neiges.md,https://thumb.wikimedia.org/wikipedia/commons/thumb/5/5a/Bubo_scandiacus_Delta_3.jpg/1280px-Bubo_scandiacus_Delta_3.jpg?utm_source=fr.wikipedia.org&utm_campaign=api&utm_content=thumbnail,Harfang des neiges,,images/cartes-500/7-2-042.webp,ok
7-2-047,animaux,europe,7-2-047_tortue-d-hermann.md,https://upload.wikimedia.org/wikipedia/commons/6/6c/Testudo_hermanni_hermanni_Mallorca_02.jpg?utm_source=fr.wikipedia.org&utm_campaign=api&utm_content=thumbnail_unscaled,Tortue d'Hermann,,images/cartes-500/7-2-047.webp,ok
7-2-057,animaux,europe,7-2-057_thon-rouge.md,https://thumb.wikimedia.org/wikipedia/commons/thumb/3/3d/Trancio_tonno.jpg/1280px-Trancio_tonno.jpg?utm_source=fr.wikipedia.org&utm_campaign=api&utm_content=thumbnail,Thon rouge,,images/cartes-500/7-2-057.webp,ok
7-2-058,animaux,europe,7-2-058_sardine.md,https://upload.wikimedia.org/wikipedia/commons/6/6a/Sardina_pilchardus_2011.jpg?utm_source=fr.wikipedia.org&utm_campaign=api&utm_content=thumbnail_unscaled,Sardine,,images/cartes-500/7-2-058.webp,ok
7-2-060,animaux,europe,7-2-060_maquereau.md,https://thumb.wikimedia.org/wikipedia/commons/thumb/c/c3/Scomber_scombrus.jpg/1280px-Scomber_scombrus.jpg?utm_source=fr.wikipedia.org&utm_campaign=api&utm_content=thumbnail,Maquereau,,images/cartes-500/7-2-060.webp,ok
7-2-061,animaux,europe,7-2-061_cabillaud.md,https://thumb.wikimedia.org/wikipedia/commons/thumb/3/3c/Morue.jpg/1280px-Morue.jpg?utm_source=fr.wikipedia.org&utm_campaign=api&utm_content=thumbnail,Morue,,images/cartes-500/7-2-061.webp,ok
7-2-062,animaux,europe,7-2-062_hareng.md,https://upload.wikimedia.org/wikipedia/commons/4/4d/Heringsschwarm.gif?utm_source=fr.wikipedia.org&utm_campaign=api&utm_content=thumbnail_unscaled,Hareng,,images/cartes-500/7-2-062.webp,ok
7-2-066,animaux,europe,7-2-066_homard-europeen.md,https://thumb.wikimedia.org/wikipedia/commons/thumb/0/0b/KreeftbijDenOsse.jpg/1280px-KreeftbijDenOsse.jpg?utm_source=fr.wikipedia.org&utm_campaign=api&utm_content=thumbnail,Homard européen,,images/cartes-500/7-2-066.webp,ok
7-2-067,animaux,europe,7-2-067_poulpe-commun.md,https://thumb.wikimedia.org/wikipedia/commons/thumb/9/9f/Octopus_vulgaris_2.jpg/1280px-Octopus_vulgaris_2.jpg?utm_source=fr.wikipedia.org&utm_campaign=api&utm_content=thumbnail,Pieuvre commune,,images/cartes-500/7-2-067.webp,ok
7-2-069,animaux,europe,7-2-069_meduse-commune.md,https://upload.wikimedia.org/wikipedia/commons/7/75/Moon_jelly_-_adult_%28rev2%29.jpg?utm_source=fr.wikipedia.org&utm_campaign=api&utm_content=thumbnail_unscaled,Aurelia aurita,,images/cartes-500/7-2-069.webp,ok
7-2-071,animaux,europe,7-2-071_vache-normande.md,https://thumb.wikimedia.org/wikipedia/commons/thumb/5/58/Vachesnormandes.jpg/1280px-Vachesnormandes.jpg?utm_source=fr.wikipedia.org&utm_campaign=api&utm_content=thumbnail,Normande,,images/cartes-500/7-2-071.webp,ok
7-2-072,animaux,europe,7-2-072_vache-montbeliarde.md,https://thumb.wikimedia.org/wikipedia/commons/thumb/a/aa/Montbeliarde.jpg/1280px-Montbeliarde.jpg?utm_source=fr.wikipedia.org&utm_campaign=api&utm_content=thumbnail,Montbéliarde,,images/cartes-500/7-2-072.webp,ok
7-2-073,animaux,europe,7-2-073_mouton-merinos.md,https://upload.wikimedia.org/wikipedia/commons/3/3f/Champion_Merino_ram_%281905%29.jpg?utm_source=fr.wikipedia.org&utm_campaign=api&utm_content=thumbnail_unscaled,Mérinos,,images/cartes-500/7-2-073.webp,ok
7-2-074,animaux,europe,7-2-074_berger-allemand.md,https://thumb.wikimedia.org/wikipedia/commons/thumb/4/4f/Berger_allemand_en_montagne.jpg/1280px-Berger_allemand_en_montagne.jpg?utm_source=fr.wikipedia.org&utm_campaign=api&utm_content=thumbnail,Berger allemand,,images/cartes-500/7-2-074.webp,ok
7-2-075,animaux,europe,7-2-075_border-collie.md,https://thumb.wikimedia.org/wikipedia/commons/thumb/c/c3/Border_collie_taking_break_at_park.jpg/1280px-Border_collie_taking_break_at_park.jpg?utm_source=fr.wikipedia.org&utm_campaign=api&utm_content=thumbnail,Border collie,,images/cartes-500/7-2-075.webp,ok
7-2-076,animaux,europe,7-2-076_pur-sang-anglais.md,https://thumb.wikimedia.org/wikipedia/commons/thumb/7/7b/Horseracing_Churchill_Downs.jpg/1280px-Horseracing_Churchill_Downs.jpg?utm_source=fr.wikipedia.org&utm_campaign=api&utm_content=thumbnail,Pur-sang,,images/cartes-500/7-2-076.webp,ok
7-3-001,animaux,monde,7-3-001_elephant-d-afrique.md,https://upload.wikimedia.org/wikipedia/commons/e/ec/African_elephant.jpg?utm_source=fr.wikipedia.org&utm_campaign=api&utm_content=thumbnail_unscaled,Éléphant d'Afrique,,images/cartes-500/7-3-001.webp,ok
7-3-002,animaux,monde,7-3-002_elephant-d-asie.md,https://upload.wikimedia.org/wikipedia/commons/4/4c/Asian_elephant_-_melbourne_zoo.jpg?utm_source=fr.wikipedia.org&utm_campaign=api&utm_content=thumbnail_unscaled,Éléphant d'Asie,,images/cartes-500/7-3-002.webp,ok
7-3-003,animaux,monde,7-3-003_lion.md,https://thumb.wikimedia.org/wikipedia/commons/thumb/6/6f/011_The_lion_king_Tryggve_in_the_Serengeti_National_Park_Photo_by_Giles_Laurent.jpg/1280px-011_The_lion_king_Tryggve_in_the_Serengeti_National_Park_Photo_by_Giles_Laurent.jpg?utm_source=fr.wikipedia.org&utm_campaign=api&utm_content=thumbnail,Lion,,images/cartes-500/7-3-003.webp,ok
7-3-004,animaux,monde,7-3-004_tigre.md,https://thumb.wikimedia.org/wikipedia/commons/thumb/7/71/Sibirischer_tiger_de_edit02.jpg/1280px-Sibirischer_tiger_de_edit02.jpg?utm_source=fr.wikipedia.org&utm_campaign=api&utm_content=thumbnail,Tigre,,images/cartes-500/7-3-004.webp,ok
7-3-005,animaux,monde,7-3-005_leopard.md,https://thumb.wikimedia.org/wikipedia/commons/thumb/a/a1/Namibie_Etosha_Leopard_01edit.jpg/1280px-Namibie_Etosha_Leopard_01edit.jpg?utm_source=fr.wikipedia.org&utm_campaign=api&utm_content=thumbnail,Léopard,,images/cartes-500/7-3-005.webp,ok
7-3-006,animaux,monde,7-3-006_guepard.md,https://upload.wikimedia.org/wikipedia/commons/0/09/TheCheethcat.jpg?utm_source=fr.wikipedia.org&utm_campaign=api&utm_content=thumbnail_unscaled,Guépard,,images/cartes-500/7-3-006.webp,ok
7-3-007,animaux,monde,7-3-007_girafe.md,https://thumb.wikimedia.org/wikipedia/commons/thumb/e/e0/Giraffa_camelopardalis_angolensis.jpg/1280px-Giraffa_camelopardalis_angolensis.jpg?utm_source=fr.wikipedia.org&utm_campaign=api&utm_content=thumbnail,Girafe,,images/cartes-500/7-3-007.webp,ok
7-3-008,animaux,monde,7-3-008_zebre.md,https://upload.wikimedia.org/wikipedia/commons/9/96/Plains_Zebra_Equus_quagga_cropped.jpg?utm_source=fr.wikipedia.org&utm_campaign=api&utm_content=thumbnail_unscaled,Zèbre,,images/cartes-500/7-3-008.webp,ok
7-3-009,animaux,monde,7-3-009_rhinoceros-blanc.md,https://thumb.wikimedia.org/wikipedia/commons/thumb/3/38/Rhinoc%C3%A9ros_blanc_JHE.jpg/1280px-Rhinoc%C3%A9ros_blanc_JHE.jpg?utm_source=fr.wikipedia.org&utm_campaign=api&utm_content=thumbnail,Rhinocéros blanc,,images/cartes-500/7-3-009.webp,ok
7-3-010,animaux,monde,7-3-010_hippopotame.md,https://thumb.wikimedia.org/wikipedia/commons/thumb/a/a3/Hippo_pod_edit.jpg/1280px-Hippo_pod_edit.jpg?utm_source=fr.wikipedia.org&utm_campaign=api&utm_content=thumbnail,Hippopotamidae,,images/cartes-500/7-3-010.webp,ok
7-3-011,animaux,monde,7-3-011_gorille.md,https://thumb.wikimedia.org/wikipedia/commons/thumb/6/6e/Gorilla_gorilla_gorilla8.jpg/1280px-Gorilla_gorilla_gorilla8.jpg?utm_source=fr.wikipedia.org&utm_campaign=api&utm_content=thumbnail,Gorille,,images/cartes-500/7-3-011.webp,ok
7-3-012,animaux,monde,7-3-012_chimpanze.md,https://thumb.wikimedia.org/wikipedia/commons/thumb/f/ff/Composite_image_of_male_chimpanzee_%28left%29_and_male_bonobo_%28right%29_%28CC_BY_version%29.png/1280px-Composite_image_of_male_chimpanzee_%28left%29_and_male_bonobo_%28right%29_%28CC_BY_version%29.png?utm_source=fr.wikipedia.org&utm_campaign=api&utm_content=thumbnail,Chimpanzé,,images/cartes-500/7-3-012.webp,ok
7-3-013,animaux,monde,7-3-013_orang-outan.md,https://thumb.wikimedia.org/wikipedia/commons/thumb/b/be/Orang_Utan%2C_Semenggok_Forest_Reserve%2C_Sarawak%2C_Borneo%2C_Malaysia.JPG/1280px-Orang_Utan%2C_Semenggok_Forest_Reserve%2C_Sarawak%2C_Borneo%2C_Malaysia.JPG?utm_source=fr.wikipedia.org&utm_campaign=api&utm_content=thumbnail,Orang-outan,,images/cartes-500/7-3-013.webp,ok
7-3-014,animaux,monde,7-3-014_panda-geant.md,https://upload.wikimedia.org/wikipedia/commons/5/56/Panda_at_the_Chengdu_Research_Base_of_Giant_Panda_Breeding%2C_Chengdu%2C_China_-_panoramio.jpg?utm_source=fr.wikipedia.org&utm_campaign=api&utm_content=thumbnail_unscaled,Panda géant,,images/cartes-500/7-3-014.webp,ok
7-3-015,animaux,monde,7-3-015_koala.md,https://upload.wikimedia.org/wikipedia/commons/4/49/Koala_climbing_tree.jpg?utm_source=fr.wikipedia.org&utm_campaign=api&utm_content=thumbnail_unscaled,Koala,,images/cartes-500/7-3-015.webp,ok
7-3-016,animaux,monde,7-3-016_kangourou-roux.md,https://thumb.wikimedia.org/wikipedia/commons/thumb/f/f1/Red_kangaroo_-_melbourne_zoo.jpg/1280px-Red_kangaroo_-_melbourne_zoo.jpg?utm_source=fr.wikipedia.org&utm_campaign=api&utm_content=thumbnail,Kangourou roux,,images/cartes-500/7-3-016.webp,ok
7-3-017,animaux,monde,7-3-017_paresseux.md,https://thumb.wikimedia.org/wikipedia/commons/thumb/1/18/Bradypus.jpg/1280px-Bradypus.jpg?utm_source=fr.wikipedia.org&utm_campaign=api&utm_content=thumbnail,Paresseux,,images/cartes-500/7-3-017.webp,ok
7-3-021,animaux,monde,7-3-021_autruche.md,https://thumb.wikimedia.org/wikipedia/commons/thumb/c/c9/Struthio_Diversity.jpg/1280px-Struthio_Diversity.jpg?utm_source=fr.wikipedia.org&utm_campaign=api&utm_content=thumbnail,Autruche,,images/cartes-500/7-3-021.webp,ok
7-3-022,animaux,monde,7-3-022_manchot-empereur.md,https://upload.wikimedia.org/wikipedia/commons/0/07/Emperor_Penguin_Manchot_empereur.jpg?utm_source=fr.wikipedia.org&utm_campaign=api&utm_content=thumbnail_unscaled,Manchot empereur,,images/cartes-500/7-3-022.webp,ok
7-3-024,animaux,monde,7-3-024_toucan.md,https://thumb.wikimedia.org/wikipedia/commons/thumb/4/47/Toucan_%28PSF%29.png/1280px-Toucan_%28PSF%29.png?utm_source=fr.wikipedia.org&utm_campaign=api&utm_content=thumbnail,Toucan,,images/cartes-500/7-3-024.webp,ok
7-3-026,animaux,monde,7-3-026_paon-bleu.md,https://thumb.wikimedia.org/wikipedia/commons/thumb/f/fb/023_Indian_peafowl_in_Jim_Corbett_National_Park_Photo_by_Giles_Laurent.jpg/1280px-023_Indian_peafowl_in_Jim_Corbett_National_Park_Photo_by_Giles_Laurent.jpg?utm_source=fr.wikipedia.org&utm_campaign=api&utm_content=thumbnail,Paon bleu,,images/cartes-500/7-3-026.webp,ok
7-3-031,animaux,monde,7-3-031_kiwi.md,https://thumb.wikimedia.org/wikipedia/commons/thumb/b/b8/Kiwi_%28Actinidia_chinensis%29_1_Luc_Viatour.jpg/1280px-Kiwi_%28Actinidia_chinensis%29_1_Luc_Viatour.jpg?utm_source=fr.wikipedia.org&utm_campaign=api&utm_content=thumbnail,Kiwi,,images/cartes-500/7-3-031.webp,ok
7-3-040,animaux,monde,7-3-040_crocodile-du-nil.md,https://thumb.wikimedia.org/wikipedia/commons/thumb/8/81/NileCrocodile.jpg/1280px-NileCrocodile.jpg?utm_source=fr.wikipedia.org&utm_campaign=api&utm_content=thumbnail,Crocodile du Nil,,images/cartes-500/7-3-040.webp,ok
7-3-042,animaux,monde,7-3-042_dragon-de-komodo.md,https://thumb.wikimedia.org/wikipedia/commons/thumb/5/50/Varanus_komodoensis1.jpg/1280px-Varanus_komodoensis1.jpg?utm_source=fr.wikipedia.org&utm_campaign=api&utm_content=thumbnail,Dragon de Komodo,,images/cartes-500/7-3-042.webp,ok
7-3-045,animaux,monde,7-3-045_cobra-royal.md,https://upload.wikimedia.org/wikipedia/commons/4/4d/12_-_The_Mystical_King_Cobra_and_Coffee_Forests.jpg?utm_source=fr.wikipedia.org&utm_campaign=api&utm_content=thumbnail_unscaled,Cobra royal,,images/cartes-500/7-3-045.webp,ok
7-3-048,animaux,monde,7-3-048_tortue-geante-des-galapagos.md,https://thumb.wikimedia.org/wikipedia/commons/thumb/8/8f/Tortue_g%C3%A9ante.jpg/1280px-Tortue_g%C3%A9ante.jpg?utm_source=fr.wikipedia.org&utm_campaign=api&utm_content=thumbnail,Tortue géante des Galápagos,,images/cartes-500/7-3-048.webp,ok
7-3-049,animaux,monde,7-3-049_crocodile-marin.md,https://thumb.wikimedia.org/wikipedia/commons/thumb/4/43/SaltwaterCrocodile%28%27Maximo%27%29.jpg/1280px-SaltwaterCrocodile%28%27Maximo%27%29.jpg?utm_source=fr.wikipedia.org&utm_campaign=api&utm_content=thumbnail,Crocodile marin,,images/cartes-500/7-3-049.webp,ok
7-3-050,animaux,monde,7-3-050_requin-blanc.md,https://thumb.wikimedia.org/wikipedia/commons/thumb/7/79/Great_White_Shark_%2814730796397%29.jpg/1280px-Great_White_Shark_%2814730796397%29.jpg?utm_source=fr.wikipedia.org&utm_campaign=api&utm_content=thumbnail,Grand requin blanc,,images/cartes-500/7-3-050.webp,ok
7-3-052,animaux,monde,7-3-052_baleine-bleue.md,https://thumb.wikimedia.org/wikipedia/commons/thumb/1/1c/Anim1754_-_Flickr_-_NOAA_Photo_Library.jpg/1280px-Anim1754_-_Flickr_-_NOAA_Photo_Library.jpg?utm_source=fr.wikipedia.org&utm_campaign=api&utm_content=thumbnail,Baleine bleue,,images/cartes-500/7-3-052.webp,ok
7-3-056,animaux,monde,7-3-056_poisson-clown.md,https://thumb.wikimedia.org/wikipedia/commons/thumb/9/9e/Anemone_purple_anemonefish.jpg/1280px-Anemone_purple_anemonefish.jpg?utm_source=fr.wikipedia.org&utm_campaign=api&utm_content=thumbnail,Poisson-clown,,images/cartes-500/7-3-056.webp,ok
7-3-059,animaux,monde,7-3-059_hippocampe.md,https://thumb.wikimedia.org/wikipedia/commons/thumb/3/37/Hippocampus_barbouri_01.JPG/1280px-Hippocampus_barbouri_01.JPG?utm_source=fr.wikipedia.org&utm_campaign=api&utm_content=thumbnail,Hippocampe (poisson),,images/cartes-500/7-3-059.webp,ok
7-3-060,animaux,monde,7-3-060_requin-marteau.md,https://upload.wikimedia.org/wikipedia/commons/5/53/Sphyrnalewini.jpg?utm_source=fr.wikipedia.org&utm_campaign=api&utm_content=thumbnail_unscaled,Sphyrnidae,,images/cartes-500/7-3-060.webp,ok
7-3-070,animaux,monde,7-3-070_diable-de-tasmanie.md,https://upload.wikimedia.org/wikipedia/commons/a/ac/Tasmanian_devil_cropped.jpg?utm_source=fr.wikipedia.org&utm_campaign=api&utm_content=thumbnail_unscaled,Diable de Tasmanie,,images/cartes-500/7-3-070.webp,ok
7-3-072,animaux,monde,7-3-072_ornithorynque.md,https://thumb.wikimedia.org/wikipedia/commons/thumb/3/32/Ornithorhynchus.jpg/1280px-Ornithorhynchus.jpg?utm_source=fr.wikipedia.org&utm_campaign=api&utm_content=thumbnail,Ornithorynque,,images/cartes-500/7-3-072.webp,ok
7-3-074,animaux,monde,7-3-074_suricate.md,https://thumb.wikimedia.org/wikipedia/commons/thumb/d/dd/Suricata_suricatta18082009b.jpg/1280px-Suricata_suricatta18082009b.jpg?utm_source=fr.wikipedia.org&utm_campaign=api&utm_content=thumbnail,Suricate,,images/cartes-500/7-3-074.webp,ok
7-3-075,animaux,monde,7-3-075_fennec.md,https://thumb.wikimedia.org/wikipedia/commons/thumb/9/9f/Fennec_Fox_Vulpes_zerda.jpg/1280px-Fennec_Fox_Vulpes_zerda.jpg?utm_source=fr.wikipedia.org&utm_campaign=api&utm_content=thumbnail,Fennec,,images/cartes-500/7-3-075.webp,ok
7-3-076,animaux,monde,7-3-076_dromadaire.md,https://thumb.wikimedia.org/wikipedia/commons/thumb/7/72/Camels_near_Lake_Natron_%287%29_%2828507868971%29.jpg/1280px-Camels_near_Lake_Natron_%287%29_%2828507868971%29.jpg?utm_source=fr.wikipedia.org&utm_campaign=api&utm_content=thumbnail,Dromadaire,,images/cartes-500/7-3-076.webp,ok
7-1-001,animaux,suisse,7-1-001_cerf-elaphe.md,https://thumb.wikimedia.org/wikipedia/commons/thumb/4/4b/Cervus_elaphus_Luc_Viatour_6.jpg/1280px-Cervus_elaphus_Luc_Viatour_6.jpg?utm_source=fr.wikipedia.org&utm_campaign=api&utm_content=thumbnail,Cerf élaphe,,images/cartes-500/7-1-001.webp,ok
7-1-002,animaux,suisse,7-1-002_chevreuil.md,https://upload.wikimedia.org/wikipedia/commons/4/42/The_deer_of_all_lands_%281898%29_European_roe_deer_%28summer_%26_winter_pelage%29.png?utm_source=fr.wikipedia.org&utm_campaign=api&utm_content=thumbnail_unscaled,Chevreuil,,images/cartes-500/7-1-002.webp,ok
7-1-003,animaux,suisse,7-1-003_chamois.md,https://thumb.wikimedia.org/wikipedia/commons/thumb/f/f0/064_Wild_Chamois_Parc_r%C3%A9gional_Chasseral_Photo_by_Giles_Laurent.jpg/1280px-064_Wild_Chamois_Parc_r%C3%A9gional_Chasseral_Photo_by_Giles_Laurent.jpg?utm_source=fr.wikipedia.org&utm_campaign=api&utm_content=thumbnail,Chamois,,images/cartes-500/7-1-003.webp,ok
7-1-004,animaux,suisse,7-1-004_bouquetin-des-alpes.md,https://thumb.wikimedia.org/wikipedia/commons/thumb/9/9b/003_Wild_Alpine_Ibex_Sunset_Creux_du_Van_Mont_Racine_Photo_by_Giles_Laurent.jpg/1280px-003_Wild_Alpine_Ibex_Sunset_Creux_du_Van_Mont_Racine_Photo_by_Giles_Laurent.jpg?utm_source=fr.wikipedia.org&utm_campaign=api&utm_content=thumbnail,Bouquetin des Alpes,,images/cartes-500/7-1-004.webp,ok
7-1-005,animaux,suisse,7-1-005_marmotte-alpine.md,https://thumb.wikimedia.org/wikipedia/commons/thumb/9/9d/071_Wild_marmot_at_Grand_Muveran_Nature_Reserve_Photo_by_Giles_Laurent.jpg/1280px-071_Wild_marmot_at_Grand_Muveran_Nature_Reserve_Photo_by_Giles_Laurent.jpg?utm_source=fr.wikipedia.org&utm_campaign=api&utm_content=thumbnail,Marmota marmota,,images/cartes-500/7-1-005.webp,ok
7-1-006,animaux,suisse,7-1-006_renard-roux.md,https://thumb.wikimedia.org/wikipedia/commons/thumb/c/cc/Portrait_of_a_red_fox_in_Rautas_fj%C3%A4llurskog.jpg/1280px-Portrait_of_a_red_fox_in_Rautas_fj%C3%A4llurskog.jpg?utm_source=fr.wikipedia.org&utm_campaign=api&utm_content=thumbnail,Renard roux,,images/cartes-500/7-1-006.webp,ok
7-1-007,animaux,suisse,7-1-007_blaireau.md,https://upload.wikimedia.org/wikipedia/commons/c/c6/Le_Blaireau_-_Badger_-_Gallica_-_ark_12148-btv1b2300254t-f9.png?utm_source=fr.wikipedia.org&utm_campaign=api&utm_content=thumbnail_unscaled,Blaireau,,images/cartes-500/7-1-007.webp,ok
7-1-010,animaux,suisse,7-1-010_loutre-d-europe.md,https://upload.wikimedia.org/wikipedia/commons/c/c3/Loutre_des_pyrenees_baronnies_2004.jpg?utm_source=fr.wikipedia.org&utm_campaign=api&utm_content=thumbnail_unscaled,Lutra lutra,,images/cartes-500/7-1-010.webp,ok
7-1-011,animaux,suisse,7-1-011_castor-d-europe.md,https://upload.wikimedia.org/wikipedia/commons/c/cc/Beaver_pho34.jpg?utm_source=fr.wikipedia.org&utm_campaign=api&utm_content=thumbnail_unscaled,Castor d'Europe,,images/cartes-500/7-1-011.webp,ok
7-1-012,animaux,suisse,7-1-012_sanglier.md,https://thumb.wikimedia.org/wikipedia/commons/thumb/a/a4/Eberswalde_Zoo_12-2017_img2.jpg/1280px-Eberswalde_Zoo_12-2017_img2.jpg?utm_source=fr.wikipedia.org&utm_campaign=api&utm_content=thumbnail,Sanglier,,images/cartes-500/7-1-012.webp,ok
7-1-013,animaux,suisse,7-1-013_lievre-brun.md,https://upload.wikimedia.org/wikipedia/commons/4/44/Lepus_europaeus_%28Causse_M%C3%A9jean%2C_Loz%C3%A8re%29-cropped.jpg?utm_source=fr.wikipedia.org&utm_campaign=api&utm_content=thumbnail_unscaled,Lièvre d'Europe,,images/cartes-500/7-1-013.webp,ok
7-1-014,animaux,suisse,7-1-014_ecureuil-roux.md,https://thumb.wikimedia.org/wikipedia/commons/thumb/0/02/Eichh%C3%B6rnchen_D%C3%BCsseldorf_Hofgarten_edit.jpg/1280px-Eichh%C3%B6rnchen_D%C3%BCsseldorf_Hofgarten_edit.jpg?utm_source=fr.wikipedia.org&utm_campaign=api&utm_content=thumbnail,Écureuil roux,,images/cartes-500/7-1-014.webp,ok
7-1-015,animaux,suisse,7-1-015_herisson-d-europe.md,https://thumb.wikimedia.org/wikipedia/commons/thumb/e/e1/Erinaceus_europaeus_LC0119.jpg/1280px-Erinaceus_europaeus_LC0119.jpg?utm_source=fr.wikipedia.org&utm_campaign=api&utm_content=thumbnail,Erinaceus europaeus,,images/cartes-500/7-1-015.webp,ok
7-1-016,animaux,suisse,7-1-016_lynx-boreal.md,https://upload.wikimedia.org/wikipedia/commons/6/63/Lynx_lynx2.jpg?utm_source=fr.wikipedia.org&utm_campaign=api&utm_content=thumbnail_unscaled,Lynx boréal,,images/cartes-500/7-1-016.webp,ok
7-1-017,animaux,suisse,7-1-017_loup-gris.md,https://thumb.wikimedia.org/wikipedia/commons/thumb/6/68/Eurasian_wolf_2.jpg/1280px-Eurasian_wolf_2.jpg?utm_source=fr.wikipedia.org&utm_campaign=api&utm_content=thumbnail,Canis lupus,,images/cartes-500/7-1-017.webp,ok
7-1-018,animaux,suisse,7-1-018_ours-brun.md,https://thumb.wikimedia.org/wikipedia/commons/thumb/c/ca/Niedzwied%C5%BA_brunatny_02_%28cropped%29.jpg/1280px-Niedzwied%C5%BA_brunatny_02_%28cropped%29.jpg?utm_source=fr.wikipedia.org&utm_campaign=api&utm_content=thumbnail,Ours brun,,images/cartes-500/7-1-018.webp,ok
7-1-019,animaux,suisse,7-1-019_aigle-royal.md,https://thumb.wikimedia.org/wikipedia/commons/thumb/c/cc/015_Wild_Golden_Eagle_in_flight_at_Pfyn-Finges_%28Switzerland%29_Photo_by_Giles_Laurent.jpg/1280px-015_Wild_Golden_Eagle_in_flight_at_Pfyn-Finges_%28Switzerland%29_Photo_by_Giles_Laurent.jpg?utm_source=fr.wikipedia.org&utm_campaign=api&utm_content=thumbnail,Aigle royal,,images/cartes-500/7-1-019.webp,ok
7-1-020,animaux,suisse,7-1-020_gypaete-barbu.md,https://thumb.wikimedia.org/wikipedia/commons/thumb/c/cf/010e_Wild_Bearded_Vulture_in_flight_at_Pfyn-Finges_%28Switzerland%29_Photo_by_Giles_Laurent.jpg/1280px-010e_Wild_Bearded_Vulture_in_flight_at_Pfyn-Finges_%28Switzerland%29_Photo_by_Giles_Laurent.jpg?utm_source=fr.wikipedia.org&utm_campaign=api&utm_content=thumbnail,Gypaète barbu,,images/cartes-500/7-1-020.webp,ok
7-1-021,animaux,suisse,7-1-021_faucon-pelerin.md,https://upload.wikimedia.org/wikipedia/commons/3/3f/Faucon_pelerin_7_mai.jpg?utm_source=fr.wikipedia.org&utm_campaign=api&utm_content=thumbnail_unscaled,Faucon pèlerin,,images/cartes-500/7-1-021.webp,ok
7-1-024,animaux,suisse,7-1-024_grand-duc-d-europe.md,https://upload.wikimedia.org/wikipedia/commons/c/ca/Bubo_bubo_1_%28Martin_Mecnarowski%29.jpg?utm_source=fr.wikipedia.org&utm_campaign=api&utm_content=thumbnail_unscaled,Hibou grand-duc,,images/cartes-500/7-1-024.webp,ok
7-1-032,animaux,suisse,7-1-032_rougegorge-familier.md,https://thumb.wikimedia.org/wikipedia/commons/thumb/a/a3/030_European_robin_in_the_Camargue_Photo_by_Giles_Laurent.jpg/1280px-030_European_robin_in_the_Camargue_Photo_by_Giles_Laurent.jpg?utm_source=fr.wikipedia.org&utm_campaign=api&utm_content=thumbnail,Rouge-gorge familier,,images/cartes-500/7-1-032.webp,ok
7-1-035,animaux,suisse,7-1-035_hirondelle-rustique.md,https://thumb.wikimedia.org/wikipedia/commons/thumb/3/33/%D0%94%D0%B5%D1%80%D0%B5%D0%B2%D0%B5%D0%BD%D1%81%D0%BA%D0%B0%D1%8F_%D0%BB%D0%B0%D1%81%D1%82%D0%BE%D1%87%D0%BA%D0%B0_%28Hirundo_rustica%29%2C_%D0%9C%D0%B5%D0%BB%D0%B8%D1%85%D0%BE%D0%B2%D0%BE.jpg/1280px-%D0%94%D0%B5%D1%80%D0%B5%D0%B2%D0%B5%D0%BD%D1%81%D0%BA%D0%B0%D1%8F_%D0%BB%D0%B0%D1%81%D1%82%D0%BE%D1%87%D0%BA%D0%B0_%28Hirundo_rustica%29%2C_%D0%9C%D0%B5%D0%BB%D0%B8%D1%85%D0%BE%D0%B2%D0%BE.jpg?utm_source=fr.wikipedia.org&utm_campaign=api&utm_content=thumbnail,Hirondelle rustique,,images/cartes-500/7-1-035.webp,ok
7-1-039,animaux,suisse,7-1-039_truite-fario.md,https://upload.wikimedia.org/wikipedia/commons/3/35/Bachforelle_Zeichnung.jpg?utm_source=fr.wikipedia.org&utm_campaign=api&utm_content=thumbnail_unscaled,Salmo trutta,,images/cartes-500/7-1-039.webp,ok
7-1-042,animaux,suisse,7-1-042_brochet.md,https://thumb.wikimedia.org/wikipedia/commons/thumb/8/81/Esox_lucius_Drawing.svg/1280px-Esox_lucius_Drawing.svg.png?utm_source=fr.wikipedia.org&utm_campaign=api&utm_content=thumbnail,Brochet,,images/cartes-500/7-1-042.webp,ok
7-1-046,animaux,suisse,7-1-046_vipere-aspic.md,https://thumb.wikimedia.org/wikipedia/commons/thumb/4/40/Vipera_aspis_Lothringen_044.jpg/1280px-Vipera_aspis_Lothringen_044.jpg?utm_source=fr.wikipedia.org&utm_campaign=api&utm_content=thumbnail,Vipère aspic,,images/cartes-500/7-1-046.webp,ok
7-1-052,animaux,suisse,7-1-052_grenouille-rousse.md,https://thumb.wikimedia.org/wikipedia/commons/thumb/b/be/Grasfrosch-Rana-temporaria-side.jpg/1280px-Grasfrosch-Rana-temporaria-side.jpg?utm_source=fr.wikipedia.org&utm_campaign=api&utm_content=thumbnail,Grenouille rousse,,images/cartes-500/7-1-052.webp,ok
7-1-053,animaux,suisse,7-1-053_salamandre-tachetee.md,https://thumb.wikimedia.org/wikipedia/commons/thumb/1/1b/Salamandra_salamandra_MHNT_1.jpg/1280px-Salamandra_salamandra_MHNT_1.jpg?utm_source=fr.wikipedia.org&utm_campaign=api&utm_content=thumbnail,Salamandra salamandra,,images/cartes-500/7-1-053.webp,ok
7-1-056,animaux,suisse,7-1-056_paon-du-jour.md,https://thumb.wikimedia.org/wikipedia/commons/thumb/d/d0/Paon-du-jour_MHNT_CUT_2013_3_14_Cahors_Dos.jpg/1280px-Paon-du-jour_MHNT_CUT_2013_3_14_Cahors_Dos.jpg?utm_source=fr.wikipedia.org&utm_campaign=api&utm_content=thumbnail,Paon-du-jour,,images/cartes-500/7-1-056.webp,ok
7-1-059,animaux,suisse,7-1-059_coccinelle-a-sept-points.md,https://thumb.wikimedia.org/wikipedia/commons/thumb/9/9d/P1170487_Coccinella_septempunctata.jpg/1280px-P1170487_Coccinella_septempunctata.jpg?utm_source=fr.wikipedia.org&utm_campaign=api&utm_content=thumbnail,Coccinella septempunctata,,images/cartes-500/7-1-059.webp,ok
7-1-060,animaux,suisse,7-1-060_abeille-mellifere.md,https://thumb.wikimedia.org/wikipedia/commons/thumb/5/52/%28MHNT%29_Apis_mellifera_%28female%29_-_on_viburnum_tinus_flowers.jpg/1280px-%28MHNT%29_Apis_mellifera_%28female%29_-_on_viburnum_tinus_flowers.jpg?utm_source=fr.wikipedia.org&utm_campaign=api&utm_content=thumbnail,Apis mellifera,,images/cartes-500/7-1-060.webp,ok
7-1-064,animaux,suisse,7-1-064_vache-d-herens.md,https://thumb.wikimedia.org/wikipedia/commons/thumb/e/e0/Herd_grazing_near_chalets%2C_Place_du_Praz%2C_Saint-Luc.jpg/1280px-Herd_grazing_near_chalets%2C_Place_du_Praz%2C_Saint-Luc.jpg?utm_source=fr.wikipedia.org&utm_campaign=api&utm_content=thumbnail,Vache d'Hérens,,images/cartes-500/7-1-064.webp,ok
7-1-065,animaux,suisse,7-1-065_vache-simmental.md,https://thumb.wikimedia.org/wikipedia/commons/thumb/9/9c/Simmental-vache.JPG/1280px-Simmental-vache.JPG?utm_source=fr.wikipedia.org&utm_campaign=api&utm_content=thumbnail,Simmental française,,images/cartes-500/7-1-065.webp,ok
7-1-071,animaux,suisse,7-1-071_chien-du-saint-bernard.md,https://upload.wikimedia.org/wikipedia/commons/a/a6/Saint_Bernard.png?utm_source=fr.wikipedia.org&utm_campaign=api&utm_content=thumbnail_unscaled,Saint-bernard,,images/cartes-500/7-1-071.webp,ok
7-1-072,animaux,suisse,7-1-072_bouvier-bernois.md,https://upload.wikimedia.org/wikipedia/commons/5/5a/Bouvier_Bernois_de_face.jpg?utm_source=fr.wikipedia.org&utm_campaign=api&utm_content=thumbnail_unscaled,Bouvier bernois,,images/cartes-500/7-1-072.webp,ok
7-1-075,animaux,suisse,7-1-075_cheval-des-franches-montagnes.md,https://thumb.wikimedia.org/wikipedia/commons/thumb/5/50/Nepal%2C_franches-montagnes.jpg/1280px-Nepal%2C_franches-montagnes.jpg?utm_source=fr.wikipedia.org&utm_campaign=api&utm_content=thumbnail,Franches-Montagnes (cheval),,images/cartes-500/7-1-075.webp,ok
2-2-001,capitales-chefs-lieux,europe,2-2-001_paris.md,https://thumb.wikimedia.org/wikipedia/commons/thumb/4/4b/La_Tour_Eiffel_vue_de_la_Tour_Saint-Jacques%2C_Paris_ao%C3%BBt_2014_%282%29.jpg/1280px-La_Tour_Eiffel_vue_de_la_Tour_Saint-Jacques%2C_Paris_ao%C3%BBt_2014_%282%29.jpg?utm_source=fr.wikipedia.org&utm_campaign=api&utm_content=thumbnail,Paris,,images/cartes-500/2-2-001.webp,ok
2-2-002,capitales-chefs-lieux,europe,2-2-002_berlin.md,https://thumb.wikimedia.org/wikipedia/commons/thumb/e/ec/Flag_of_Berlin.svg/1280px-Flag_of_Berlin.svg.png?utm_source=fr.wikipedia.org&utm_campaign=api&utm_content=thumbnail,Berlin,,images/cartes-500/2-2-002.webp,ok
2-2-003,capitales-chefs-lieux,europe,2-2-003_rome.md,https://thumb.wikimedia.org/wikipedia/commons/thumb/7/75/Collage_Rome.jpg/1280px-Collage_Rome.jpg?utm_source=fr.wikipedia.org&utm_campaign=api&utm_content=thumbnail,Rome,,images/cartes-500/2-2-003.webp,ok
2-2-004,capitales-chefs-lieux,europe,2-2-004_vienne.md,https://thumb.wikimedia.org/wikipedia/commons/thumb/b/bf/Flag_of_Salzburg%2C_Vienna%2C_Vorarlberg.svg/1280px-Flag_of_Salzburg%2C_Vienna%2C_Vorarlberg.svg.png?utm_source=fr.wikipedia.org&utm_campaign=api&utm_content=thumbnail,Vienne (Autriche),,images/cartes-500/2-2-004.webp,ok
2-2-005,capitales-chefs-lieux,europe,2-2-005_londres.md,https://thumb.wikimedia.org/wikipedia/commons/thumb/6/67/London_Skyline_%28125508655%29.jpeg/1280px-London_Skyline_%28125508655%29.jpeg?utm_source=fr.wikipedia.org&utm_campaign=api&utm_content=thumbnail,Londres,,images/cartes-500/2-2-005.webp,ok
2-2-006,capitales-chefs-lieux,europe,2-2-006_madrid.md,https://thumb.wikimedia.org/wikipedia/commons/thumb/d/d7/Bandera_de_la_ciudad_de_Madrid.svg/1280px-Bandera_de_la_ciudad_de_Madrid.svg.png?utm_source=fr.wikipedia.org&utm_campaign=api&utm_content=thumbnail,Madrid,,images/cartes-500/2-2-006.webp,ok
2-2-007,capitales-chefs-lieux,europe,2-2-007_lisbonne.md,https://thumb.wikimedia.org/wikipedia/commons/thumb/1/16/Bandeira_municipal_de_Lisboa.png/1280px-Bandeira_municipal_de_Lisboa.png?utm_source=fr.wikipedia.org&utm_campaign=api&utm_content=thumbnail,Lisbonne,,images/cartes-500/2-2-007.webp,ok
2-2-008,capitales-chefs-lieux,europe,2-2-008_bruxelles.md,https://upload.wikimedia.org/wikipedia/commons/1/1f/Agglomeratie_Brussel.png?utm_source=fr.wikipedia.org&utm_campaign=api&utm_content=thumbnail_unscaled,Bruxelles,,images/cartes-500/2-2-008.webp,ok
2-2-009,capitales-chefs-lieux,europe,2-2-009_amsterdam.md,https://thumb.wikimedia.org/wikipedia/commons/thumb/6/6d/Flag_of_Amsterdam.svg/1280px-Flag_of_Amsterdam.svg.png?utm_source=fr.wikipedia.org&utm_campaign=api&utm_content=thumbnail,Amsterdam,,images/cartes-500/2-2-009.webp,ok
2-2-010,capitales-chefs-lieux,europe,2-2-010_athenes.md,https://upload.wikimedia.org/wikipedia/commons/8/8e/Athens_Montage_L.png?utm_source=fr.wikipedia.org&utm_campaign=api&utm_content=thumbnail_unscaled,Athènes,,images/cartes-500/2-2-010.webp,ok
2-2-011,capitales-chefs-lieux,europe,2-2-011_copenhague.md,https://upload.wikimedia.org/wikipedia/commons/6/68/Copenhagen_Collage2.jpg?utm_source=fr.wikipedia.org&utm_campaign=api&utm_content=thumbnail_unscaled,Copenhague,,images/cartes-500/2-2-011.webp,ok
2-2-012,capitales-chefs-lieux,europe,2-2-012_oslo.md,https://thumb.wikimedia.org/wikipedia/commons/thumb/2/21/Flag_of_Oslo.svg/1280px-Flag_of_Oslo.svg.png?utm_source=fr.wikipedia.org&utm_campaign=api&utm_content=thumbnail,Oslo,,images/cartes-500/2-2-012.webp,ok
2-2-013,capitales-chefs-lieux,europe,2-2-013_stockholm.md,https://thumb.wikimedia.org/wikipedia/commons/thumb/0/09/Dramaten_September_2012.jpg/1280px-Dramaten_September_2012.jpg?utm_source=fr.wikipedia.org&utm_campaign=api&utm_content=thumbnail,Stockholm,,images/cartes-500/2-2-013.webp,ok
2-2-014,capitales-chefs-lieux,europe,2-2-014_dublin.md,https://thumb.wikimedia.org/wikipedia/commons/thumb/8/8f/IRL_Dublin_flag.svg/1280px-IRL_Dublin_flag.svg.png?utm_source=fr.wikipedia.org&utm_campaign=api&utm_content=thumbnail,Dublin,,images/cartes-500/2-2-014.webp,ok
2-2-015,capitales-chefs-lieux,europe,2-2-015_luxembourg.md,https://thumb.wikimedia.org/wikipedia/commons/thumb/c/c3/EU-Luxembourg.svg/1280px-EU-Luxembourg.svg.png?utm_source=fr.wikipedia.org&utm_campaign=api&utm_content=thumbnail,Luxembourg,,images/cartes-500/2-2-015.webp,ok
2-3-001,capitales-chefs-lieux,monde,2-3-001_washington-d-c.md,https://thumb.wikimedia.org/wikipedia/commons/thumb/0/03/Flag_of_Washington%2C_D.C.svg/1280px-Flag_of_Washington%2C_D.C.svg.png?utm_source=fr.wikipedia.org&utm_campaign=api&utm_content=thumbnail,Washington (district de Columbia),,images/cartes-500/2-3-001.webp,ok
2-3-002,capitales-chefs-lieux,monde,2-3-002_tokyo.md,https://upload.wikimedia.org/wikipedia/commons/b/bf/Tokyo_Montage_2015.jpg?utm_source=fr.wikipedia.org&utm_campaign=api&utm_content=thumbnail_unscaled,Tokyo,,images/cartes-500/2-3-002.webp,ok
2-3-003,capitales-chefs-lieux,monde,2-3-003_pekin.md,https://thumb.wikimedia.org/wikipedia/commons/thumb/e/e4/%E5%A4%A9%E5%AE%89%E9%97%A8%E5%A4%9C%E6%99%AF.jpg/1280px-%E5%A4%A9%E5%AE%89%E9%97%A8%E5%A4%9C%E6%99%AF.jpg?utm_source=fr.wikipedia.org&utm_campaign=api&utm_content=thumbnail,Pékin,,images/cartes-500/2-3-003.webp,ok
2-3-004,capitales-chefs-lieux,monde,2-3-004_le-caire.md,https://thumb.wikimedia.org/wikipedia/commons/thumb/1/1a/Flag_of_Cairo.svg/1280px-Flag_of_Cairo.svg.png?utm_source=fr.wikipedia.org&utm_campaign=api&utm_content=thumbnail,Le Caire,,images/cartes-500/2-3-004.webp,ok
2-3-005,capitales-chefs-lieux,monde,2-3-005_canberra.md,https://thumb.wikimedia.org/wikipedia/commons/thumb/8/8c/Flag_of_the_Australian_Capital_Territory.svg/1280px-Flag_of_the_Australian_Capital_Territory.svg.png?utm_source=fr.wikipedia.org&utm_campaign=api&utm_content=thumbnail,Canberra,,images/cartes-500/2-3-005.webp,ok
2-3-007,capitales-chefs-lieux,monde,2-3-007_ottawa.md,https://thumb.wikimedia.org/wikipedia/commons/thumb/b/b2/Centre_Block_-_Parliament_Hill.jpg/1280px-Centre_Block_-_Parliament_Hill.jpg?utm_source=fr.wikipedia.org&utm_campaign=api&utm_content=thumbnail,Ottawa,,images/cartes-500/2-3-007.webp,ok
2-3-008,capitales-chefs-lieux,monde,2-3-008_mexico.md,https://thumb.wikimedia.org/wikipedia/commons/thumb/b/b3/Flag_of_Mexico_City%2C_Mexico.svg/1280px-Flag_of_Mexico_City%2C_Mexico.svg.png?utm_source=fr.wikipedia.org&utm_campaign=api&utm_content=thumbnail,Mexico,,images/cartes-500/2-3-008.webp,ok
2-3-009,capitales-chefs-lieux,monde,2-3-009_brasilia.md,https://thumb.wikimedia.org/wikipedia/commons/thumb/3/3c/Bandeira_do_Distrito_Federal_%28Brasil%29.svg/1280px-Bandeira_do_Distrito_Federal_%28Brasil%29.svg.png?utm_source=fr.wikipedia.org&utm_campaign=api&utm_content=thumbnail,Brasilia,,images/cartes-500/2-3-009.webp,ok
2-3-024,capitales-chefs-lieux,monde,2-3-024_nairobi.md,https://thumb.wikimedia.org/wikipedia/commons/thumb/8/84/Flag_of_Nairobi.svg/1280px-Flag_of_Nairobi.svg.png?utm_source=fr.wikipedia.org&utm_campaign=api&utm_content=thumbnail,Nairobi,,images/cartes-500/2-3-024.webp,ok
2-3-027,capitales-chefs-lieux,monde,2-3-027_new-delhi.md,https://upload.wikimedia.org/wikipedia/commons/d/d4/New_Delhi_Municipal_Council_Flag_of_India.png?utm_source=fr.wikipedia.org&utm_campaign=api&utm_content=thumbnail_unscaled,New Delhi,,images/cartes-500/2-3-027.webp,ok
2-3-028,capitales-chefs-lieux,monde,2-3-028_seoul.md,https://thumb.wikimedia.org/wikipedia/commons/thumb/a/a5/Seoul_Sunset_%28192602565%29.jpeg/1280px-Seoul_Sunset_%28192602565%29.jpeg?utm_source=fr.wikipedia.org&utm_campaign=api&utm_content=thumbnail,Séoul,,images/cartes-500/2-3-028.webp,ok
2-3-029,capitales-chefs-lieux,monde,2-3-029_bangkok.md,https://thumb.wikimedia.org/wikipedia/commons/thumb/b/b6/Flag_of_Bangkok.svg/1280px-Flag_of_Bangkok.svg.png?utm_source=fr.wikipedia.org&utm_campaign=api&utm_content=thumbnail,Bangkok,,images/cartes-500/2-3-029.webp,ok
2-3-031,capitales-chefs-lieux,monde,2-3-031_jakarta.md,https://thumb.wikimedia.org/wikipedia/commons/thumb/8/8e/Flag_of_Jakarta_%28vectorised%29.svg/1280px-Flag_of_Jakarta_%28vectorised%29.svg.png?utm_source=fr.wikipedia.org&utm_campaign=api&utm_content=thumbnail,Jakarta,,images/cartes-500/2-3-031.webp,ok
2-1-001,capitales-chefs-lieux,suisse,2-1-001_berne.md,https://thumb.wikimedia.org/wikipedia/commons/thumb/1/18/Bern_Panorama_07.jpg/1280px-Bern_Panorama_07.jpg?utm_source=fr.wikipedia.org&utm_campaign=api&utm_content=thumbnail,Berne,,images/cartes-500/2-1-001.webp,ok
2-1-002,capitales-chefs-lieux,suisse,2-1-002_lausanne.md,https://upload.wikimedia.org/wikipedia/commons/e/e4/Lausanne_Wiki.jpg?utm_source=fr.wikipedia.org&utm_campaign=api&utm_content=thumbnail_unscaled,Lausanne,,images/cartes-500/2-1-002.webp,ok
2-1-003,capitales-chefs-lieux,suisse,2-1-003_geneve.md,https://thumb.wikimedia.org/wikipedia/commons/thumb/7/74/Views_of_Geneva_2.jpg/1280px-Views_of_Geneva_2.jpg?utm_source=fr.wikipedia.org&utm_campaign=api&utm_content=thumbnail,Genève,,images/cartes-500/2-1-003.webp,ok
2-1-004,capitales-chefs-lieux,suisse,2-1-004_sion.md,https://thumb.wikimedia.org/wikipedia/commons/thumb/c/c1/Sion_depuis_Nax_-_2022.jpg/1280px-Sion_depuis_Nax_-_2022.jpg?utm_source=fr.wikipedia.org&utm_campaign=api&utm_content=thumbnail,Sion (Valais),,images/cartes-500/2-1-004.webp,ok
2-1-005,capitales-chefs-lieux,suisse,2-1-005_fribourg.md,https://thumb.wikimedia.org/wikipedia/commons/thumb/2/29/Fribourg_022.JPG/1280px-Fribourg_022.JPG?utm_source=fr.wikipedia.org&utm_campaign=api&utm_content=thumbnail,Fribourg (ville suisse),,images/cartes-500/2-1-005.webp,ok
2-1-006,capitales-chefs-lieux,suisse,2-1-006_neuchatel.md,https://upload.wikimedia.org/wikipedia/commons/6/69/Vuevilledeneuchatel.jpg?utm_source=fr.wikipedia.org&utm_campaign=api&utm_content=thumbnail_unscaled,Neuchâtel,,images/cartes-500/2-1-006.webp,ok
2-1-007,capitales-chefs-lieux,suisse,2-1-007_zurich.md,https://thumb.wikimedia.org/wikipedia/commons/thumb/c/cf/1_zurich_panorama_grossmunster_limmat_river_2012.jpg/1280px-1_zurich_panorama_grossmunster_limmat_river_2012.jpg?utm_source=fr.wikipedia.org&utm_campaign=api&utm_content=thumbnail,Zurich,,images/cartes-500/2-1-007.webp,ok
2-1-008,capitales-chefs-lieux,suisse,2-1-008_lucerne.md,https://thumb.wikimedia.org/wikipedia/commons/thumb/9/94/Karte_Gemeinde_Luzern_2013.png/1280px-Karte_Gemeinde_Luzern_2013.png?utm_source=fr.wikipedia.org&utm_campaign=api&utm_content=thumbnail,Lucerne,,images/cartes-500/2-1-008.webp,ok
2-1-009,capitales-chefs-lieux,suisse,2-1-009_lugano.md,https://thumb.wikimedia.org/wikipedia/commons/thumb/7/74/Lugano_from_Sighignola.jpg/1280px-Lugano_from_Sighignola.jpg?utm_source=fr.wikipedia.org&utm_campaign=api&utm_content=thumbnail,Lugano,,images/cartes-500/2-1-009.webp,ok
2-1-010,capitales-chefs-lieux,suisse,2-1-010_saint-gall.md,https://thumb.wikimedia.org/wikipedia/commons/thumb/1/1c/Aerial_View_of_Sankt_Gallen_14.02.2008_14-48-58.JPG/1280px-Aerial_View_of_Sankt_Gallen_14.02.2008_14-48-58.JPG?utm_source=fr.wikipedia.org&utm_campaign=api&utm_content=thumbnail,Saint-Gall,,images/cartes-500/2-1-010.webp,ok
2-1-011,capitales-chefs-lieux,suisse,2-1-011_coire.md,https://thumb.wikimedia.org/wikipedia/commons/thumb/e/e7/View_of_Chur.jpg/1280px-View_of_Chur.jpg?utm_source=fr.wikipedia.org&utm_campaign=api&utm_content=thumbnail,Coire,,images/cartes-500/2-1-011.webp,ok
2-1-012,capitales-chefs-lieux,suisse,2-1-012_bellinzone.md,https://thumb.wikimedia.org/wikipedia/commons/thumb/1/19/Castelgrande_Bellinzona.JPG/1280px-Castelgrande_Bellinzona.JPG?utm_source=fr.wikipedia.org&utm_campaign=api&utm_content=thumbnail,Bellinzone,,images/cartes-500/2-1-012.webp,ok
2-1-013,capitales-chefs-lieux,suisse,2-1-013_altdorf.md,https://upload.wikimedia.org/wikipedia/commons/d/d0/Altdorf_night.jpg?utm_source=fr.wikipedia.org&utm_campaign=api&utm_content=thumbnail_unscaled,Altdorf (Uri),,images/cartes-500/2-1-013.webp,ok
2-1-014,capitales-chefs-lieux,suisse,2-1-014_schwytz.md,https://upload.wikimedia.org/wikipedia/commons/5/5b/Schwyz.jpg?utm_source=fr.wikipedia.org&utm_campaign=api&utm_content=thumbnail_unscaled,Schwytz,,images/cartes-500/2-1-014.webp,ok
2-1-015,capitales-chefs-lieux,suisse,2-1-015_sarnen.md,https://upload.wikimedia.org/wikipedia/commons/1/1d/Sarnen-See.jpg?utm_source=fr.wikipedia.org&utm_campaign=api&utm_content=thumbnail_unscaled,Sarnen,,images/cartes-500/2-1-015.webp,ok
2-1-016,capitales-chefs-lieux,suisse,2-1-016_stans.md,https://thumb.wikimedia.org/wikipedia/commons/thumb/3/38/Ortsmitte_Stans.JPG/1280px-Ortsmitte_Stans.JPG?utm_source=fr.wikipedia.org&utm_campaign=api&utm_content=thumbnail,Stans,,images/cartes-500/2-1-016.webp,ok
2-1-017,capitales-chefs-lieux,suisse,2-1-017_glaris.md,https://upload.wikimedia.org/wikipedia/commons/9/9e/Picswiss_GL-13-08.jpg?utm_source=fr.wikipedia.org&utm_campaign=api&utm_content=thumbnail_unscaled,Glaris,,images/cartes-500/2-1-017.webp,ok
2-1-018,capitales-chefs-lieux,suisse,2-1-018_zoug.md,https://thumb.wikimedia.org/wikipedia/commons/thumb/5/54/City_of_zug_oldtown_aerial_view_%E8%80%81%E9%95%87.jpg/1280px-City_of_zug_oldtown_aerial_view_%E8%80%81%E9%95%87.jpg?utm_source=fr.wikipedia.org&utm_campaign=api&utm_content=thumbnail,Zoug,,images/cartes-500/2-1-018.webp,ok
2-1-019,capitales-chefs-lieux,suisse,2-1-019_soleure.md,https://thumb.wikimedia.org/wikipedia/commons/thumb/6/65/Solothurn_2023.jpg/1280px-Solothurn_2023.jpg?utm_source=fr.wikipedia.org&utm_campaign=api&utm_content=thumbnail,Soleure,,images/cartes-500/2-1-019.webp,ok
2-1-020,capitales-chefs-lieux,suisse,2-1-020_bale.md,https://thumb.wikimedia.org/wikipedia/commons/thumb/1/18/Basel_-_M%C3%BCnsterpfalz3.jpg/1280px-Basel_-_M%C3%BCnsterpfalz3.jpg?utm_source=fr.wikipedia.org&utm_campaign=api&utm_content=thumbnail,Bâle,,images/cartes-500/2-1-020.webp,ok
2-1-021,capitales-chefs-lieux,suisse,2-1-021_liestal.md,https://thumb.wikimedia.org/wikipedia/commons/thumb/d/d1/Panorama-2000.jpg/1280px-Panorama-2000.jpg?utm_source=fr.wikipedia.org&utm_campaign=api&utm_content=thumbnail,Liestal,,images/cartes-500/2-1-021.webp,ok
2-1-022,capitales-chefs-lieux,suisse,2-1-022_schaffhouse.md,https://thumb.wikimedia.org/wikipedia/commons/thumb/0/00/Schaffhausen.jpg/1280px-Schaffhausen.jpg?utm_source=fr.wikipedia.org&utm_campaign=api&utm_content=thumbnail,Schaffhouse,,images/cartes-500/2-1-022.webp,ok
2-1-023,capitales-chefs-lieux,suisse,2-1-023_herisau.md,https://upload.wikimedia.org/wikipedia/commons/e/e3/Herisau.jpg?utm_source=fr.wikipedia.org&utm_campaign=api&utm_content=thumbnail_unscaled,Herisau,,images/cartes-500/2-1-023.webp,ok
2-1-024,capitales-chefs-lieux,suisse,2-1-024_appenzell.md,https://thumb.wikimedia.org/wikipedia/commons/thumb/3/3e/Appenzell_2022.JPG/1280px-Appenzell_2022.JPG?utm_source=fr.wikipedia.org&utm_campaign=api&utm_content=thumbnail,Appenzell,,images/cartes-500/2-1-024.webp,ok
2-1-025,capitales-chefs-lieux,suisse,2-1-025_aarau.md,https://upload.wikimedia.org/wikipedia/commons/a/a8/Aarau_Altstadt.jpg?utm_source=fr.wikipedia.org&utm_campaign=api&utm_content=thumbnail_unscaled,Aarau,,images/cartes-500/2-1-025.webp,ok
2-1-026,capitales-chefs-lieux,suisse,2-1-026_frauenfeld.md,https://thumb.wikimedia.org/wikipedia/commons/thumb/f/fa/20080507_1708MESZ_Schloss_Frauenfeld_1680x1050_HDR.jpg/1280px-20080507_1708MESZ_Schloss_Frauenfeld_1680x1050_HDR.jpg?utm_source=fr.wikipedia.org&utm_campaign=api&utm_content=thumbnail,Frauenfeld,,images/cartes-500/2-1-026.webp,ok
2-1-027,capitales-chefs-lieux,suisse,2-1-027_delemont.md,https://thumb.wikimedia.org/wikipedia/commons/thumb/7/74/Ville_de_Del%C3%A9mont.jpg/1280px-Ville_de_Del%C3%A9mont.jpg?utm_source=fr.wikipedia.org&utm_campaign=api&utm_content=thumbnail,Delémont,,images/cartes-500/2-1-027.webp,ok
4-3-001,lacs-mers-oceans-rivieres,fleuves-et-rivieres,4-3-001_rhone.md,https://thumb.wikimedia.org/wikipedia/commons/thumb/f/ff/Saint-benezet_in_southeastern_France.jpg/1280px-Saint-benezet_in_southeastern_France.jpg?utm_source=fr.wikipedia.org&utm_campaign=api&utm_content=thumbnail,Rhône,,images/cartes-500/4-3-001.webp,ok
4-3-002,lacs-mers-oceans-rivieres,fleuves-et-rivieres,4-3-002_rhin.md,https://thumb.wikimedia.org/wikipedia/commons/thumb/c/cb/Rhine_Rhein_Basel_2006_871.JPG/1280px-Rhine_Rhein_Basel_2006_871.JPG?utm_source=fr.wikipedia.org&utm_campaign=api&utm_content=thumbnail,Rhin,,images/cartes-500/4-3-002.webp,ok
4-3-003,lacs-mers-oceans-rivieres,fleuves-et-rivieres,4-3-003_danube.md,https://thumb.wikimedia.org/wikipedia/commons/thumb/4/43/Golubac.JPG/1280px-Golubac.JPG?utm_source=fr.wikipedia.org&utm_campaign=api&utm_content=thumbnail,Danube,,images/cartes-500/4-3-003.webp,ok
4-3-004,lacs-mers-oceans-rivieres,fleuves-et-rivieres,4-3-004_nil.md,https://upload.wikimedia.org/wikipedia/commons/d/d8/Agilkia.jpg?utm_source=fr.wikipedia.org&utm_campaign=api&utm_content=thumbnail_unscaled,Nil,,images/cartes-500/4-3-004.webp,ok
4-3-005,lacs-mers-oceans-rivieres,fleuves-et-rivieres,4-3-005_amazone.md,https://upload.wikimedia.org/wikipedia/commons/6/6f/Mouths_of_amazon_geocover_1990.png?utm_source=fr.wikipedia.org&utm_campaign=api&utm_content=thumbnail_unscaled,Amazone (fleuve),,images/cartes-500/4-3-005.webp,ok
4-3-006,lacs-mers-oceans-rivieres,fleuves-et-rivieres,4-3-006_mississippi.md,https://upload.wikimedia.org/wikipedia/commons/6/68/Miss_R_dam_27.jpg?utm_source=fr.wikipedia.org&utm_campaign=api&utm_content=thumbnail_unscaled,Mississippi (fleuve),,images/cartes-500/4-3-006.webp,ok
4-3-007,lacs-mers-oceans-rivieres,fleuves-et-rivieres,4-3-007_gange.md,https://upload.wikimedia.org/wikipedia/commons/b/b9/Varanasiganga.jpg?utm_source=fr.wikipedia.org&utm_campaign=api&utm_content=thumbnail_unscaled,Gange,,images/cartes-500/4-3-007.webp,ok
4-3-008,lacs-mers-oceans-rivieres,fleuves-et-rivieres,4-3-008_yangtse.md,https://thumb.wikimedia.org/wikipedia/commons/thumb/4/4b/Qutang_Gorge_on_Changjiang.jpg/1280px-Qutang_Gorge_on_Changjiang.jpg?utm_source=fr.wikipedia.org&utm_campaign=api&utm_content=thumbnail,Yangtsé,,images/cartes-500/4-3-008.webp,ok
4-3-009,lacs-mers-oceans-rivieres,fleuves-et-rivieres,4-3-009_mekong.md,https://thumb.wikimedia.org/wikipedia/commons/thumb/b/b3/Mekong-GD.jpg/1280px-Mekong-GD.jpg?utm_source=fr.wikipedia.org&utm_campaign=api&utm_content=thumbnail,Mékong,,images/cartes-500/4-3-009.webp,ok
4-3-013,lacs-mers-oceans-rivieres,fleuves-et-rivieres,4-3-013_volga.md,https://thumb.wikimedia.org/wikipedia/commons/thumb/8/89/Volga_Ulyanovsk-oliv.jpg/1280px-Volga_Ulyanovsk-oliv.jpg?utm_source=fr.wikipedia.org&utm_campaign=api&utm_content=thumbnail,Volga,,images/cartes-500/4-3-013.webp,ok
4-3-020,lacs-mers-oceans-rivieres,fleuves-et-rivieres,4-3-020_seine.md,https://thumb.wikimedia.org/wikipedia/commons/thumb/2/26/Pont_au_Change_and_Palais_de_justice%2C_Paris_20_April_2021_001.jpg/1280px-Pont_au_Change_and_Palais_de_justice%2C_Paris_20_April_2021_001.jpg?utm_source=fr.wikipedia.org&utm_campaign=api&utm_content=thumbnail,Seine,,images/cartes-500/4-3-020.webp,ok
4-3-021,lacs-mers-oceans-rivieres,fleuves-et-rivieres,4-3-021_tamise.md,https://upload.wikimedia.org/wikipedia/commons/3/3a/TamiseLondres.jpg?utm_source=fr.wikipedia.org&utm_campaign=api&utm_content=thumbnail_unscaled,Tamise,,images/cartes-500/4-3-021.webp,ok
4-3-026,lacs-mers-oceans-rivieres,fleuves-et-rivieres,4-3-026_euphrate.md,https://thumb.wikimedia.org/wikipedia/commons/thumb/a/a3/The_Euphrates_River_in_Turkey%2C_Rumkale_%2852031477798%29.jpg/1280px-The_Euphrates_River_in_Turkey%2C_Rumkale_%2852031477798%29.jpg?utm_source=fr.wikipedia.org&utm_campaign=api&utm_content=thumbnail,Euphrate,,images/cartes-500/4-3-026.webp,ok
4-3-033,lacs-mers-oceans-rivieres,fleuves-et-rivieres,4-3-033_congo.md,https://thumb.wikimedia.org/wikipedia/commons/thumb/c/cb/Aerial_view_of_the_Congo_River_near_Kisangani.jpg/1280px-Aerial_view_of_the_Congo_River_near_Kisangani.jpg?utm_source=fr.wikipedia.org&utm_campaign=api&utm_content=thumbnail,Congo (fleuve),,images/cartes-500/4-3-033.webp,ok
4-3-034,lacs-mers-oceans-rivieres,fleuves-et-rivieres,4-3-034_niger.md,https://thumb.wikimedia.org/wikipedia/commons/thumb/8/88/Niger_%28orthographic_projection%29.svg/1280px-Niger_%28orthographic_projection%29.svg.png?utm_source=fr.wikipedia.org&utm_campaign=api&utm_content=thumbnail,Niger,,images/cartes-500/4-3-034.webp,ok
4-1-001,lacs-mers-oceans-rivieres,lacs,4-1-001_lac-leman.md,https://thumb.wikimedia.org/wikipedia/commons/thumb/1/17/Lake_Geneva_from_Chillon_Castle.jpg/1280px-Lake_Geneva_from_Chillon_Castle.jpg?utm_source=fr.wikipedia.org&utm_campaign=api&utm_content=thumbnail,Léman,,images/cartes-500/4-1-001.webp,ok
4-1-002,lacs-mers-oceans-rivieres,lacs,4-1-002_lac-de-neuchatel.md,https://thumb.wikimedia.org/wikipedia/commons/thumb/c/c4/Lac_de_Neuchatel.jpg/1280px-Lac_de_Neuchatel.jpg?utm_source=fr.wikipedia.org&utm_campaign=api&utm_content=thumbnail,Lac de Neuchâtel,,images/cartes-500/4-1-002.webp,ok
4-1-003,lacs-mers-oceans-rivieres,lacs,4-1-003_lac-de-zurich.md,https://upload.wikimedia.org/wikipedia/commons/5/5e/Karte_Z%C3%BCrichsee.png?utm_source=fr.wikipedia.org&utm_campaign=api&utm_content=thumbnail_unscaled,Lac de Zurich,,images/cartes-500/4-1-003.webp,ok
4-1-004,lacs-mers-oceans-rivieres,lacs,4-1-004_lac-des-quatre-cantons.md,https://thumb.wikimedia.org/wikipedia/commons/thumb/4/42/1005L_Viewaldstaetter_%2817%29.JPG/1280px-1005L_Viewaldstaetter_%2817%29.JPG?utm_source=fr.wikipedia.org&utm_campaign=api&utm_content=thumbnail,Lac des Quatre-Cantons,,images/cartes-500/4-1-004.webp,ok
4-1-005,lacs-mers-oceans-rivieres,lacs,4-1-005_lac-de-constance.md,https://thumb.wikimedia.org/wikipedia/commons/thumb/6/63/Karte_Bodensee-fr.svg/1280px-Karte_Bodensee-fr.svg.png?utm_source=fr.wikipedia.org&utm_campaign=api&utm_content=thumbnail,Lac de Constance,,images/cartes-500/4-1-005.webp,ok
4-1-006,lacs-mers-oceans-rivieres,lacs,4-1-006_lac-majeur.md,https://thumb.wikimedia.org/wikipedia/commons/thumb/b/b0/Lago-Maggiore_1387.JPG/1280px-Lago-Maggiore_1387.JPG?utm_source=fr.wikipedia.org&utm_campaign=api&utm_content=thumbnail,Lac Majeur,,images/cartes-500/4-1-006.webp,ok
4-1-007,lacs-mers-oceans-rivieres,lacs,4-1-007_lac-de-lugano.md,https://upload.wikimedia.org/wikipedia/commons/2/26/Lake_Lugano.jpg?utm_source=fr.wikipedia.org&utm_campaign=api&utm_content=thumbnail_unscaled,Lac de Lugano,,images/cartes-500/4-1-007.webp,ok
4-1-008,lacs-mers-oceans-rivieres,lacs,4-1-008_lac-de-thoune.md,https://thumb.wikimedia.org/wikipedia/commons/thumb/6/65/Aerial_image_of_Lake_Thun_%28view_from_the_east%29.jpg/1280px-Aerial_image_of_Lake_Thun_%28view_from_the_east%29.jpg?utm_source=fr.wikipedia.org&utm_campaign=api&utm_content=thumbnail,Lac de Thoune,,images/cartes-500/4-1-008.webp,ok
4-1-009,lacs-mers-oceans-rivieres,lacs,4-1-009_lac-de-brienz.md,https://thumb.wikimedia.org/wikipedia/commons/thumb/0/04/Aerial_image_of_Lake_Brienz_%28view_from_the_southwest%29.jpg/1280px-Aerial_image_of_Lake_Brienz_%28view_from_the_southwest%29.jpg?utm_source=fr.wikipedia.org&utm_campaign=api&utm_content=thumbnail,Lac de Brienz,,images/cartes-500/4-1-009.webp,ok
4-1-010,lacs-mers-oceans-rivieres,lacs,4-1-010_lac-baikal.md,https://thumb.wikimedia.org/wikipedia/commons/thumb/4/46/Baikal.A2001296.0420.250m-NASA_%281%29.jpg/1280px-Baikal.A2001296.0420.250m-NASA_%281%29.jpg?utm_source=fr.wikipedia.org&utm_campaign=api&utm_content=thumbnail,Lac Baïkal,,images/cartes-500/4-1-010.webp,ok
4-1-011,lacs-mers-oceans-rivieres,lacs,4-1-011_lac-titicaca.md,https://upload.wikimedia.org/wikipedia/commons/d/d3/Lake_Titicaca_on_the_Andes_from_Bolivia.jpg?utm_source=fr.wikipedia.org&utm_campaign=api&utm_content=thumbnail_unscaled,Lac Titicaca,,images/cartes-500/4-1-011.webp,ok
4-1-012,lacs-mers-oceans-rivieres,lacs,4-1-012_lac-superieur.md,https://upload.wikimedia.org/wikipedia/commons/7/7d/Lake-Superior-red.png?utm_source=fr.wikipedia.org&utm_campaign=api&utm_content=thumbnail_unscaled,Lac Supérieur,,images/cartes-500/4-1-012.webp,ok
4-1-039,lacs-mers-oceans-rivieres,lacs,4-1-039_lac-victoria.md,https://upload.wikimedia.org/wikipedia/commons/d/dc/Lake_Victoria_composite_satellite_photo.jpg?utm_source=fr.wikipedia.org&utm_campaign=api&utm_content=thumbnail_unscaled,Lac Victoria,,images/cartes-500/4-1-039.webp,ok
4-1-040,lacs-mers-oceans-rivieres,lacs,4-1-040_lac-tanganyika.md,https://upload.wikimedia.org/wikipedia/commons/4/42/NASA_-_Visible_Earth%2C_Lakes_of_the_African_Rift_Valley.jpg?utm_source=fr.wikipedia.org&utm_campaign=api&utm_content=thumbnail_unscaled,Lac Tanganyika,,images/cartes-500/4-1-040.webp,ok
4-1-041,lacs-mers-oceans-rivieres,lacs,4-1-041_lac-malawi.md,https://thumb.wikimedia.org/wikipedia/commons/thumb/8/80/Otter_Point%2C_Cape_Maclear_%28Malawi%29.jpg/1280px-Otter_Point%2C_Cape_Maclear_%28Malawi%29.jpg?utm_source=fr.wikipedia.org&utm_campaign=api&utm_content=thumbnail,Lac Malawi,,images/cartes-500/4-1-041.webp,ok
4-1-044,lacs-mers-oceans-rivieres,lacs,4-1-044_mer-caspienne.md,https://thumb.wikimedia.org/wikipedia/commons/thumb/5/55/Satellite_image_of_the_Caucasus-Caspian_Region.jpg/1280px-Satellite_image_of_the_Caucasus-Caspian_Region.jpg?utm_source=fr.wikipedia.org&utm_campaign=api&utm_content=thumbnail,Mer Caspienne,,images/cartes-500/4-1-044.webp,ok
4-1-045,lacs-mers-oceans-rivieres,lacs,4-1-045_mer-d-aral.md,https://upload.wikimedia.org/wikipedia/commons/7/75/AralSea1989_2014.jpg?utm_source=fr.wikipedia.org&utm_campaign=api&utm_content=thumbnail_unscaled,Mer d'Aral,,images/cartes-500/4-1-045.webp,ok
4-1-047,lacs-mers-oceans-rivieres,lacs,4-1-047_lac-michigan.md,https://thumb.wikimedia.org/wikipedia/commons/thumb/2/29/Lake-Michigan.svg/1280px-Lake-Michigan.svg.png?utm_source=fr.wikipedia.org&utm_campaign=api&utm_content=thumbnail,Lac Michigan,,images/cartes-500/4-1-047.webp,ok
4-1-048,lacs-mers-oceans-rivieres,lacs,4-1-048_lac-huron.md,https://thumb.wikimedia.org/wikipedia/commons/thumb/1/1b/Lake-Huron.svg/1280px-Lake-Huron.svg.png?utm_source=fr.wikipedia.org&utm_campaign=api&utm_content=thumbnail,Lac Huron,,images/cartes-500/4-1-048.webp,ok
4-1-049,lacs-mers-oceans-rivieres,lacs,4-1-049_lac-erie.md,https://thumb.wikimedia.org/wikipedia/commons/thumb/f/fd/Lake-Erie.svg/1280px-Lake-Erie.svg.png?utm_source=fr.wikipedia.org&utm_campaign=api&utm_content=thumbnail,Lac Érié,,images/cartes-500/4-1-049.webp,ok
4-1-050,lacs-mers-oceans-rivieres,lacs,4-1-050_lac-ontario.md,https://thumb.wikimedia.org/wikipedia/commons/thumb/7/72/Lake-Ontario.svg/1280px-Lake-Ontario.svg.png?utm_source=fr.wikipedia.org&utm_campaign=api&utm_content=thumbnail,Lac Ontario,,images/cartes-500/4-1-050.webp,ok
4-1-054,lacs-mers-oceans-rivieres,lacs,4-1-054_lac-eyre.md,https://upload.wikimedia.org/wikipedia/commons/c/c6/NEO_lake_eyre_big.jpg?utm_source=fr.wikipedia.org&utm_campaign=api&utm_content=thumbnail_unscaled,Lac Eyre,,images/cartes-500/4-1-054.webp,ok
4-2-001,lacs-mers-oceans-rivieres,mers-et-oceans,4-2-001_mediterranee.md,https://thumb.wikimedia.org/wikipedia/commons/thumb/e/eb/Carte_Mediterranee_03.jpg/1280px-Carte_Mediterranee_03.jpg?utm_source=fr.wikipedia.org&utm_campaign=api&utm_content=thumbnail,Mer Méditerranée,,images/cartes-500/4-2-001.webp,ok
4-2-002,lacs-mers-oceans-rivieres,mers-et-oceans,4-2-002_mer-rouge.md,https://thumb.wikimedia.org/wikipedia/commons/thumb/5/5e/Red_Sea_topographic_map-fr.svg/1280px-Red_Sea_topographic_map-fr.svg.png?utm_source=fr.wikipedia.org&utm_campaign=api&utm_content=thumbnail,Mer Rouge,,images/cartes-500/4-2-002.webp,ok
4-2-003,lacs-mers-oceans-rivieres,mers-et-oceans,4-2-003_mer-du-nord.md,https://upload.wikimedia.org/wikipedia/commons/e/e4/Carte_de_la_mer_du_Nord.png?utm_source=fr.wikipedia.org&utm_campaign=api&utm_content=thumbnail_unscaled,Mer du Nord,,images/cartes-500/4-2-003.webp,ok
4-2-004,lacs-mers-oceans-rivieres,mers-et-oceans,4-2-004_mer-baltique.md,https://upload.wikimedia.org/wikipedia/commons/6/60/Mer_Baltique.png?utm_source=fr.wikipedia.org&utm_campaign=api&utm_content=thumbnail_unscaled,Mer Baltique,,images/cartes-500/4-2-004.webp,ok
4-2-005,lacs-mers-oceans-rivieres,mers-et-oceans,4-2-005_mer-morte.md,https://upload.wikimedia.org/wikipedia/commons/c/cd/Dode_zee.jpg?utm_source=fr.wikipedia.org&utm_campaign=api&utm_content=thumbnail_unscaled,Mer Morte,,images/cartes-500/4-2-005.webp,ok
4-2-006,lacs-mers-oceans-rivieres,mers-et-oceans,4-2-006_ocean-atlantique.md,https://upload.wikimedia.org/wikipedia/commons/6/65/Oc%C3%A9an_Atlantique.png?utm_source=fr.wikipedia.org&utm_campaign=api&utm_content=thumbnail_unscaled,Océan Atlantique,,images/cartes-500/4-2-006.webp,ok
4-2-007,lacs-mers-oceans-rivieres,mers-et-oceans,4-2-007_ocean-pacifique.md,https://upload.wikimedia.org/wikipedia/commons/f/f5/Oc%C3%A9an_Pacifique_d%C3%A9tour%C3%A9e.png?utm_source=fr.wikipedia.org&utm_campaign=api&utm_content=thumbnail_unscaled,Océan Pacifique,,images/cartes-500/4-2-007.webp,ok
4-2-008,lacs-mers-oceans-rivieres,mers-et-oceans,4-2-008_ocean-indien.md,https://upload.wikimedia.org/wikipedia/commons/d/d6/Oc%C3%A9an_Indien.png?utm_source=fr.wikipedia.org&utm_campaign=api&utm_content=thumbnail_unscaled,Océan Indien,,images/cartes-500/4-2-008.webp,ok
4-2-009,lacs-mers-oceans-rivieres,mers-et-oceans,4-2-009_ocean-arctique.md,https://thumb.wikimedia.org/wikipedia/commons/thumb/3/31/Arctic_circle.svg/1280px-Arctic_circle.svg.png?utm_source=fr.wikipedia.org&utm_campaign=api&utm_content=thumbnail,Arctique,,images/cartes-500/4-2-009.webp,ok
4-2-010,lacs-mers-oceans-rivieres,mers-et-oceans,4-2-010_mer-adriatique.md,https://upload.wikimedia.org/wikipedia/commons/f/f5/Adriatic_Sea_map_fr.png?utm_source=fr.wikipedia.org&utm_campaign=api&utm_content=thumbnail_unscaled,Mer Adriatique,,images/cartes-500/4-2-010.webp,ok
4-2-014,lacs-mers-oceans-rivieres,mers-et-oceans,4-2-014_mer-noire.md,https://upload.wikimedia.org/wikipedia/commons/2/2e/Mer_Noire_%28carte%29.png?utm_source=fr.wikipedia.org&utm_campaign=api&utm_content=thumbnail_unscaled,Mer Noire,,images/cartes-500/4-2-014.webp,ok
4-2-018,lacs-mers-oceans-rivieres,mers-et-oceans,4-2-018_golfe-persique.md,https://thumb.wikimedia.org/wikipedia/commons/thumb/2/2b/Base_map_of_Persian_Gulf-fr.svg/1280px-Base_map_of_Persian_Gulf-fr.svg.png?utm_source=fr.wikipedia.org&utm_campaign=api&utm_content=thumbnail,Golfe Persique,,images/cartes-500/4-2-018.webp,ok
4-2-023,lacs-mers-oceans-rivieres,mers-et-oceans,4-2-023_mer-du-japon.md,https://upload.wikimedia.org/wikipedia/commons/a/a7/Cartedujapon.png?utm_source=fr.wikipedia.org&utm_campaign=api&utm_content=thumbnail_unscaled,Mer du Japon,,images/cartes-500/4-2-023.webp,ok
4-2-025,lacs-mers-oceans-rivieres,mers-et-oceans,4-2-025_mer-de-bering.md,https://upload.wikimedia.org/wikipedia/commons/e/e6/LA2-Bering-Sea.png?utm_source=fr.wikipedia.org&utm_campaign=api&utm_content=thumbnail_unscaled,Mer de Béring,,images/cartes-500/4-2-025.webp,ok
4-2-034,lacs-mers-oceans-rivieres,mers-et-oceans,4-2-034_mer-des-sargasses.md,https://thumb.wikimedia.org/wikipedia/commons/thumb/f/f6/Sargasso.svg/1280px-Sargasso.svg.png?utm_source=fr.wikipedia.org&utm_campaign=api&utm_content=thumbnail,Mer des Sargasses,,images/cartes-500/4-2-034.webp,ok
4-2-035,lacs-mers-oceans-rivieres,mers-et-oceans,4-2-035_mer-des-caraibes.md,https://upload.wikimedia.org/wikipedia/commons/9/91/La2-demis-caribbean.png?utm_source=fr.wikipedia.org&utm_campaign=api&utm_content=thumbnail_unscaled,Mer des Caraïbes,,images/cartes-500/4-2-035.webp,ok
4-2-036,lacs-mers-oceans-rivieres,mers-et-oceans,4-2-036_golfe-du-mexique.md,https://thumb.wikimedia.org/wikipedia/commons/thumb/b/b7/GulfofMexico3D.jpg/1280px-GulfofMexico3D.jpg?utm_source=fr.wikipedia.org&utm_campaign=api&utm_content=thumbnail,Golfe du Mexique,,images/cartes-500/4-2-036.webp,ok
4-2-037,lacs-mers-oceans-rivieres,mers-et-oceans,4-2-037_mer-de-corail.md,https://thumb.wikimedia.org/wikipedia/commons/thumb/8/8a/Coral_Sea.svg/1280px-Coral_Sea.svg.png?utm_source=fr.wikipedia.org&utm_campaign=api&utm_content=thumbnail,Mer de Corail,,images/cartes-500/4-2-037.webp,ok
6-3-001,merveilles-et-espace,espace,6-3-001_soleil.md,https://thumb.wikimedia.org/wikipedia/commons/thumb/8/83/The_Sun_in_white_light.jpg/1280px-The_Sun_in_white_light.jpg?utm_source=fr.wikipedia.org&utm_campaign=api&utm_content=thumbnail,Soleil,,images/cartes-500/6-3-001.webp,ok
6-3-002,merveilles-et-espace,espace,6-3-002_terre.md,https://thumb.wikimedia.org/wikipedia/commons/thumb/c/cb/The_Blue_Marble_%28remastered%29.jpg/1280px-The_Blue_Marble_%28remastered%29.jpg?utm_source=fr.wikipedia.org&utm_campaign=api&utm_content=thumbnail,Terre,,images/cartes-500/6-3-002.webp,ok
6-3-003,merveilles-et-espace,espace,6-3-003_lune.md,https://thumb.wikimedia.org/wikipedia/commons/thumb/e/e1/FullMoon2010.jpg/1280px-FullMoon2010.jpg?utm_source=fr.wikipedia.org&utm_campaign=api&utm_content=thumbnail,Lune,,images/cartes-500/6-3-003.webp,ok
6-3-004,merveilles-et-espace,espace,6-3-004_mercure.md,https://thumb.wikimedia.org/wikipedia/commons/thumb/3/30/Mercury_in_color_-_Prockter07_centered.jpg/1280px-Mercury_in_color_-_Prockter07_centered.jpg?utm_source=fr.wikipedia.org&utm_campaign=api&utm_content=thumbnail,Mercure (planète),,images/cartes-500/6-3-004.webp,ok
6-3-005,merveilles-et-espace,espace,6-3-005_venus.md,https://upload.wikimedia.org/wikipedia/commons/c/c7/PIA23791-Venus-RealAndEnhancedContrastViews-20200608_%28cropped%29.jpg?utm_source=fr.wikipedia.org&utm_campaign=api&utm_content=thumbnail_unscaled,Vénus (planète),,images/cartes-500/6-3-005.webp,ok
6-3-006,merveilles-et-espace,espace,6-3-006_mars.md,https://thumb.wikimedia.org/wikipedia/commons/thumb/3/36/Mars_Valles_Marineris_EDIT.jpg/1280px-Mars_Valles_Marineris_EDIT.jpg?utm_source=fr.wikipedia.org&utm_campaign=api&utm_content=thumbnail,Mars (planète),,images/cartes-500/6-3-006.webp,ok
6-3-007,merveilles-et-espace,espace,6-3-007_jupiter.md,https://thumb.wikimedia.org/wikipedia/commons/thumb/3/30/Hubble%E2%80%99s_observation_of_Jupiter_in_2021_%2851688147562%29.jpg/1280px-Hubble%E2%80%99s_observation_of_Jupiter_in_2021_%2851688147562%29.jpg?utm_source=fr.wikipedia.org&utm_campaign=api&utm_content=thumbnail,Jupiter (planète),,images/cartes-500/6-3-007.webp,ok
6-3-008,merveilles-et-espace,espace,6-3-008_saturne.md,https://thumb.wikimedia.org/wikipedia/commons/thumb/c/c7/Saturn_during_Equinox.jpg/1280px-Saturn_during_Equinox.jpg?utm_source=fr.wikipedia.org&utm_campaign=api&utm_content=thumbnail,Saturne (planète),,images/cartes-500/6-3-008.webp,ok
6-3-009,merveilles-et-espace,espace,6-3-009_uranus.md,https://thumb.wikimedia.org/wikipedia/commons/thumb/3/3d/Uranus2.jpg/1280px-Uranus2.jpg?utm_source=fr.wikipedia.org&utm_campaign=api&utm_content=thumbnail,Uranus (planète),,images/cartes-500/6-3-009.webp,ok
6-3-010,merveilles-et-espace,espace,6-3-010_neptune.md,https://upload.wikimedia.org/wikipedia/commons/b/b9/Neptune_Voyager2_color_calibrated.png?utm_source=fr.wikipedia.org&utm_campaign=api&utm_content=thumbnail_unscaled,Neptune (planète),,images/cartes-500/6-3-010.webp,ok
6-3-011,merveilles-et-espace,espace,6-3-011_pluton.md,https://thumb.wikimedia.org/wikipedia/commons/thumb/e/ef/Pluto_in_True_Color_-_High-Res.jpg/1280px-Pluto_in_True_Color_-_High-Res.jpg?utm_source=fr.wikipedia.org&utm_campaign=api&utm_content=thumbnail,Pluton (planète naine),,images/cartes-500/6-3-011.webp,ok
6-3-012,merveilles-et-espace,espace,6-3-012_europe.md,https://thumb.wikimedia.org/wikipedia/commons/thumb/4/44/Europe_orthographic_Caucasus_Urals_boundary_%28with_borders%29.svg/1280px-Europe_orthographic_Caucasus_Urals_boundary_%28with_borders%29.svg.png?utm_source=fr.wikipedia.org&utm_campaign=api&utm_content=thumbnail,Europe,,images/cartes-500/6-3-012.webp,ok
6-3-013,merveilles-et-espace,espace,6-3-013_titan.md,https://thumb.wikimedia.org/wikipedia/commons/thumb/0/0c/PIA21923-Titan-SaturnMoon-InfraredViews-20180718.jpg/1280px-PIA21923-Titan-SaturnMoon-InfraredViews-20180718.jpg?utm_source=fr.wikipedia.org&utm_campaign=api&utm_content=thumbnail,Titan (lune),,images/cartes-500/6-3-013.webp,ok
6-3-014,merveilles-et-espace,espace,6-3-014_ganymede.md,https://thumb.wikimedia.org/wikipedia/commons/thumb/3/31/Bust_Ganymede_Louvre_Ma535.jpg/1280px-Bust_Ganymede_Louvre_Ma535.jpg?utm_source=fr.wikipedia.org&utm_campaign=api&utm_content=thumbnail,Ganymède,,images/cartes-500/6-3-014.webp,ok
6-3-015,merveilles-et-espace,espace,6-3-015_io.md,https://thumb.wikimedia.org/wikipedia/commons/thumb/7/7b/Io_highest_resolution_true_color.jpg/1280px-Io_highest_resolution_true_color.jpg?utm_source=fr.wikipedia.org&utm_campaign=api&utm_content=thumbnail,Io (lune),,images/cartes-500/6-3-015.webp,ok
6-3-019,merveilles-et-espace,espace,6-3-019_comete.md,https://thumb.wikimedia.org/wikipedia/commons/thumb/d/df/Comet-Hale-Bopp-29-03-1997_hires_adj.jpg/1280px-Comet-Hale-Bopp-29-03-1997_hires_adj.jpg?utm_source=fr.wikipedia.org&utm_campaign=api&utm_content=thumbnail,Comète,,images/cartes-500/6-3-019.webp,ok
6-3-021,merveilles-et-espace,espace,6-3-021_voie-lactee.md,https://thumb.wikimedia.org/wikipedia/commons/thumb/4/43/ESO-VLT-Laser-phot-33a-07.jpg/1280px-ESO-VLT-Laser-phot-33a-07.jpg?utm_source=fr.wikipedia.org&utm_campaign=api&utm_content=thumbnail,Voie lactée,,images/cartes-500/6-3-021.webp,ok
6-3-022,merveilles-et-espace,espace,6-3-022_andromede.md,https://thumb.wikimedia.org/wikipedia/commons/thumb/e/e4/M31_Galaxie_d_Andromede_Hamois_25_10_2024_Luc_Viatour_annotated.jpg/1280px-M31_Galaxie_d_Andromede_Hamois_25_10_2024_Luc_Viatour_annotated.jpg?utm_source=fr.wikipedia.org&utm_campaign=api&utm_content=thumbnail,Galaxie d'Andromède,,images/cartes-500/6-3-022.webp,ok
6-3-026,merveilles-et-espace,espace,6-3-026_trou-noir.md,https://thumb.wikimedia.org/wikipedia/commons/thumb/4/4f/Black_hole_-_Messier_87_crop_max_res.jpg/1280px-Black_hole_-_Messier_87_crop_max_res.jpg?utm_source=fr.wikipedia.org&utm_campaign=api&utm_content=thumbnail,Trou noir,,images/cartes-500/6-3-026.webp,ok
6-3-028,merveilles-et-espace,espace,6-3-028_nebuleuse-d-orion.md,https://upload.wikimedia.org/wikipedia/commons/f/f3/NGC_1976_DSS.jpg?utm_source=fr.wikipedia.org&utm_campaign=api&utm_content=thumbnail_unscaled,Nébuleuse d'Orion,,images/cartes-500/6-3-028.webp,ok
6-3-032,merveilles-et-espace,espace,6-3-032_grande-ourse.md,https://upload.wikimedia.org/wikipedia/commons/3/34/Ursa_major_constellation_map-fr.png?utm_source=fr.wikipedia.org&utm_campaign=api&utm_content=thumbnail_unscaled,Grande Ourse,,images/cartes-500/6-3-032.webp,ok
6-3-033,merveilles-et-espace,espace,6-3-033_orion.md,https://upload.wikimedia.org/wikipedia/commons/d/d5/Orion_constellation_map-fr.png?utm_source=fr.wikipedia.org&utm_campaign=api&utm_content=thumbnail_unscaled,Orion (constellation),,images/cartes-500/6-3-033.webp,ok
6-3-038,merveilles-et-espace,espace,6-3-038_big-bang.md,https://thumb.wikimedia.org/wikipedia/commons/thumb/3/3a/Observable_Universe_French_Annotations_for_wiki.png/1280px-Observable_Universe_French_Annotations_for_wiki.png?utm_source=fr.wikipedia.org&utm_campaign=api&utm_content=thumbnail,Univers,,images/cartes-500/6-3-038.webp,ok
6-3-041,merveilles-et-espace,espace,6-3-041_station-spatiale-internationale.md,https://thumb.wikimedia.org/wikipedia/commons/thumb/5/59/The_station_pictured_from_the_SpaceX_Crew_Dragon_5.jpg/1280px-The_station_pictured_from_the_SpaceX_Crew_Dragon_5.jpg?utm_source=fr.wikipedia.org&utm_campaign=api&utm_content=thumbnail,Station spatiale internationale,,images/cartes-500/6-3-041.webp,ok
6-3-042,merveilles-et-espace,espace,6-3-042_apollo-11.md,https://thumb.wikimedia.org/wikipedia/commons/thumb/2/27/Apollo_11_insignia.png/1280px-Apollo_11_insignia.png?utm_source=fr.wikipedia.org&utm_campaign=api&utm_content=thumbnail,Apollo 11,,images/cartes-500/6-3-042.webp,ok
6-3-044,merveilles-et-espace,espace,6-3-044_james-webb.md,https://thumb.wikimedia.org/wikipedia/commons/thumb/5/50/James_Webb_Space_Telescope.jpg/1280px-James_Webb_Space_Telescope.jpg?utm_source=fr.wikipedia.org&utm_campaign=api&utm_content=thumbnail,James Webb (télescope spatial),,images/cartes-500/6-3-044.webp,ok
6-3-046,merveilles-et-espace,espace,6-3-046_youri-gagarine.md,https://thumb.wikimedia.org/wikipedia/commons/thumb/2/2b/Yuri_Gagarin_%281961%29.jpg/1280px-Yuri_Gagarin_%281961%29.jpg?utm_source=fr.wikipedia.org&utm_campaign=api&utm_content=thumbnail,Youri Gagarine,,images/cartes-500/6-3-046.webp,ok
6-3-048,merveilles-et-espace,espace,6-3-048_neil-armstrong.md,https://thumb.wikimedia.org/wikipedia/commons/thumb/0/0d/Neil_Armstrong_pose.jpg/1280px-Neil_Armstrong_pose.jpg?utm_source=fr.wikipedia.org&utm_campaign=api&utm_content=thumbnail,Neil Armstrong,,images/cartes-500/6-3-048.webp,ok
6-3-050,merveilles-et-espace,espace,6-3-050_spacex.md,https://thumb.wikimedia.org/wikipedia/commons/thumb/e/ee/Iridium-4_Mission_%2825557986177%29.jpg/1280px-Iridium-4_Mission_%2825557986177%29.jpg?utm_source=fr.wikipedia.org&utm_campaign=api&utm_content=thumbnail,SpaceX,,images/cartes-500/6-3-050.webp,ok
6-3-052,merveilles-et-espace,espace,6-3-052_voyager-1.md,https://thumb.wikimedia.org/wikipedia/commons/thumb/2/29/Voyager_spacecraft.jpg/1280px-Voyager_spacecraft.jpg?utm_source=fr.wikipedia.org&utm_campaign=api&utm_content=thumbnail,Voyager 1,,images/cartes-500/6-3-052.webp,ok
6-3-056,merveilles-et-espace,espace,6-3-056_hubble.md,https://thumb.wikimedia.org/wikipedia/commons/thumb/3/3f/HST-SM4.jpeg/1280px-HST-SM4.jpeg?utm_source=fr.wikipedia.org&utm_campaign=api&utm_content=thumbnail,Hubble (télescope spatial),,images/cartes-500/6-3-056.webp,ok
6-3-058,merveilles-et-espace,espace,6-3-058_claude-nicollier.md,https://thumb.wikimedia.org/wikipedia/commons/thumb/1/14/Claude_Nicollier-2.jpg/1280px-Claude_Nicollier-2.jpg?utm_source=fr.wikipedia.org&utm_campaign=api&utm_content=thumbnail,Claude Nicollier,,images/cartes-500/6-3-058.webp,ok
6-2-001,merveilles-et-espace,monde,6-2-001_chutes-d-iguazu.md,https://thumb.wikimedia.org/wikipedia/commons/thumb/8/83/Iguacu-004.jpg/1280px-Iguacu-004.jpg?utm_source=fr.wikipedia.org&utm_campaign=api&utm_content=thumbnail,Chutes d'Iguazú,,images/cartes-500/6-2-001.webp,ok
6-2-002,merveilles-et-espace,monde,6-2-002_salar-d-uyuni.md,https://upload.wikimedia.org/wikipedia/commons/5/53/Uyuni_landsat.JPG?utm_source=fr.wikipedia.org&utm_campaign=api&utm_content=thumbnail_unscaled,Salar d'Uyuni,,images/cartes-500/6-2-002.webp,ok
6-2-003,merveilles-et-espace,monde,6-2-003_sahara.md,https://thumb.wikimedia.org/wikipedia/commons/thumb/a/a7/Sahara_satellite_hires.jpg/1280px-Sahara_satellite_hires.jpg?utm_source=fr.wikipedia.org&utm_campaign=api&utm_content=thumbnail,Sahara,,images/cartes-500/6-2-003.webp,ok
6-2-004,merveilles-et-espace,monde,6-2-004_amazonie.md,https://upload.wikimedia.org/wikipedia/commons/8/85/Amazonie_jt01.png?utm_source=fr.wikipedia.org&utm_campaign=api&utm_content=thumbnail_unscaled,Amazonie,,images/cartes-500/6-2-004.webp,ok
6-2-005,merveilles-et-espace,monde,6-2-005_grand-canyon.md,https://thumb.wikimedia.org/wikipedia/commons/thumb/2/25/Grand_Canyon_North.jpg/1280px-Grand_Canyon_North.jpg?utm_source=fr.wikipedia.org&utm_campaign=api&utm_content=thumbnail,Grand Canyon,,images/cartes-500/6-2-005.webp,ok
6-2-007,merveilles-et-espace,monde,6-2-007_baie-d-ha-long.md,https://upload.wikimedia.org/wikipedia/commons/e/e4/Halong_ensemble_%28colour_corrected%29.jpg?utm_source=fr.wikipedia.org&utm_campaign=api&utm_content=thumbnail_unscaled,Baie d'Along,,images/cartes-500/6-2-007.webp,ok
6-2-010,merveilles-et-espace,monde,6-2-010_grande-barriere-de-corail.md,https://upload.wikimedia.org/wikipedia/commons/1/1b/GreatBarrierReef-EO.JPG?utm_source=fr.wikipedia.org&utm_campaign=api&utm_content=thumbnail_unscaled,Grande Barrière de corail,,images/cartes-500/6-2-010.webp,ok
6-2-011,merveilles-et-espace,monde,6-2-011_glacier-perito-moreno.md,https://thumb.wikimedia.org/wikipedia/commons/thumb/5/5c/Perito_Moreno_Glacier_Patagonia_Argentina_Luca_Galuzzi_2005.JPG/1280px-Perito_Moreno_Glacier_Patagonia_Argentina_Luca_Galuzzi_2005.JPG?utm_source=fr.wikipedia.org&utm_campaign=api&utm_content=thumbnail,Glacier Perito Moreno,,images/cartes-500/6-2-011.webp,ok
6-2-012,merveilles-et-espace,monde,6-2-012_iles-galapagos.md,https://thumb.wikimedia.org/wikipedia/commons/thumb/b/b1/Galapagos-satellite-2002.jpg/1280px-Galapagos-satellite-2002.jpg?utm_source=fr.wikipedia.org&utm_campaign=api&utm_content=thumbnail,Îles Galápagos,,images/cartes-500/6-2-012.webp,ok
6-2-015,merveilles-et-espace,monde,6-2-015_vesuve.md,https://thumb.wikimedia.org/wikipedia/commons/thumb/5/5e/Il_cratere_del_Vulcano_-_panoramio.jpg/1280px-Il_cratere_del_Vulcano_-_panoramio.jpg?utm_source=fr.wikipedia.org&utm_campaign=api&utm_content=thumbnail,Vésuve,,images/cartes-500/6-2-015.webp,ok
6-2-016,merveilles-et-espace,monde,6-2-016_etna.md,https://thumb.wikimedia.org/wikipedia/commons/thumb/8/8d/Mt_Etna_and_Catania.JPG/1280px-Mt_Etna_and_Catania.JPG?utm_source=fr.wikipedia.org&utm_campaign=api&utm_content=thumbnail,Etna,,images/cartes-500/6-2-016.webp,ok
6-2-019,merveilles-et-espace,monde,6-2-019_bora-bora.md,https://upload.wikimedia.org/wikipedia/commons/9/99/BoraBora_without_Tupai_topographic_map-fr.png?utm_source=fr.wikipedia.org&utm_campaign=api&utm_content=thumbnail_unscaled,Bora-Bora,,images/cartes-500/6-2-019.webp,ok
6-2-020,merveilles-et-espace,monde,6-2-020_fjords-de-norvege.md,https://upload.wikimedia.org/wikipedia/commons/7/77/Flam_Fjord.jpg?utm_source=fr.wikipedia.org&utm_campaign=api&utm_content=thumbnail_unscaled,Fjord norvégien,,images/cartes-500/6-2-020.webp,ok
6-2-024,merveilles-et-espace,monde,6-2-024_aurores-boreales.md,https://upload.wikimedia.org/wikipedia/commons/2/2a/Northern_Lights_timelapse.gif?utm_source=fr.wikipedia.org&utm_campaign=api&utm_content=thumbnail_unscaled,Aurore polaire,,images/cartes-500/6-2-024.webp,ok
6-2-025,merveilles-et-espace,monde,6-2-025_chutes-du-niagara.md,https://thumb.wikimedia.org/wikipedia/commons/thumb/5/56/Niagara_Falls_Sunset_%28cropped%29.jpg/1280px-Niagara_Falls_Sunset_%28cropped%29.jpg?utm_source=fr.wikipedia.org&utm_campaign=api&utm_content=thumbnail,Chutes du Niagara,,images/cartes-500/6-2-025.webp,ok
6-2-026,merveilles-et-espace,monde,6-2-026_chutes-victoria.md,https://thumb.wikimedia.org/wikipedia/commons/thumb/2/27/VictoriaFalls3.JPG/1280px-VictoriaFalls3.JPG?utm_source=fr.wikipedia.org&utm_campaign=api&utm_content=thumbnail,Chutes Victoria,,images/cartes-500/6-2-026.webp,ok
6-2-027,merveilles-et-espace,monde,6-2-027_salto-angel.md,https://thumb.wikimedia.org/wikipedia/commons/thumb/b/b6/Salto_angel_descubierto.jpg/1280px-Salto_angel_descubierto.jpg?utm_source=fr.wikipedia.org&utm_campaign=api&utm_content=thumbnail,Salto Ángel,,images/cartes-500/6-2-027.webp,ok
6-2-029,merveilles-et-espace,monde,6-2-029_monument-valley.md,https://upload.wikimedia.org/wikipedia/commons/c/cf/Wfm_monument_valley_annotated.jpg?utm_source=fr.wikipedia.org&utm_campaign=api&utm_content=thumbnail_unscaled,Monument Valley,,images/cartes-500/6-2-029.webp,ok
6-2-031,merveilles-et-espace,monde,6-2-031_parc-de-yosemite.md,https://thumb.wikimedia.org/wikipedia/commons/thumb/1/13/Tunnel_View%2C_Yosemite_Valley%2C_Yosemite_NP_-_Diliff.jpg/1280px-Tunnel_View%2C_Yosemite_Valley%2C_Yosemite_NP_-_Diliff.jpg?utm_source=fr.wikipedia.org&utm_campaign=api&utm_content=thumbnail,Parc national de Yosemite,,images/cartes-500/6-2-031.webp,ok
6-2-032,merveilles-et-espace,monde,6-2-032_chaussee-des-geants.md,https://thumb.wikimedia.org/wikipedia/commons/thumb/c/c0/Causeway-code_poet-4.jpg/1280px-Causeway-code_poet-4.jpg?utm_source=fr.wikipedia.org&utm_campaign=api&utm_content=thumbnail,Chaussée des Géants,,images/cartes-500/6-2-032.webp,ok
6-2-033,merveilles-et-espace,monde,6-2-033_falaises-de-moher.md,https://thumb.wikimedia.org/wikipedia/commons/thumb/5/51/Ireland_CliffsMoher.JPG/1280px-Ireland_CliffsMoher.JPG?utm_source=fr.wikipedia.org&utm_campaign=api&utm_content=thumbnail,Falaises de Moher,,images/cartes-500/6-2-033.webp,ok
6-2-039,merveilles-et-espace,monde,6-2-039_dolomites.md,https://thumb.wikimedia.org/wikipedia/commons/thumb/0/03/Karte_Dolomiten.png/1280px-Karte_Dolomiten.png?utm_source=fr.wikipedia.org&utm_campaign=api&utm_content=thumbnail,Dolomites,,images/cartes-500/6-2-039.webp,ok
6-2-041,merveilles-et-espace,monde,6-2-041_cappadoce.md,https://thumb.wikimedia.org/wikipedia/commons/thumb/a/a3/Cappadocia_Aerial_View_Landscape.jpg/1280px-Cappadocia_Aerial_View_Landscape.jpg?utm_source=fr.wikipedia.org&utm_campaign=api&utm_content=thumbnail,Cappadoce,,images/cartes-500/6-2-041.webp,ok
6-2-054,merveilles-et-espace,monde,6-2-054_uluru.md,https://thumb.wikimedia.org/wikipedia/commons/thumb/c/c2/Uluru%2C_helicopter_view%2C_cropped.jpg/1280px-Uluru%2C_helicopter_view%2C_cropped.jpg?utm_source=fr.wikipedia.org&utm_campaign=api&utm_content=thumbnail,Uluru/Ayers Rock,,images/cartes-500/6-2-054.webp,ok
6-2-059,merveilles-et-espace,monde,6-2-059_table-mountain.md,https://upload.wikimedia.org/wikipedia/commons/9/94/View_from_Signal_Hill.jpg?utm_source=fr.wikipedia.org&utm_campaign=api&utm_content=thumbnail_unscaled,Montagne de la Table,,images/cartes-500/6-2-059.webp,ok
6-1-001,merveilles-et-espace,suisse,6-1-001_glacier-d-aletsch.md,https://thumb.wikimedia.org/wikipedia/commons/thumb/8/88/Aletschgletscher-Eggishorn.jpg/1280px-Aletschgletscher-Eggishorn.jpg?utm_source=fr.wikipedia.org&utm_campaign=api&utm_content=thumbnail,Glacier d'Aletsch,,images/cartes-500/6-1-001.webp,ok
6-1-002,merveilles-et-espace,suisse,6-1-002_chutes-du-rhin.md,https://thumb.wikimedia.org/wikipedia/commons/thumb/2/26/SBB_RABe_514_DTZ_Rheinfall.jpg/1280px-SBB_RABe_514_DTZ_Rheinfall.jpg?utm_source=fr.wikipedia.org&utm_campaign=api&utm_content=thumbnail,Chutes du Rhin,,images/cartes-500/6-1-002.webp,ok
6-1-003,merveilles-et-espace,suisse,6-1-003_lauterbrunnental.md,https://thumb.wikimedia.org/wikipedia/commons/thumb/5/55/Lauterbrunnen3.JPG/1280px-Lauterbrunnen3.JPG?utm_source=fr.wikipedia.org&utm_campaign=api&utm_content=thumbnail,Lauterbrunnen,,images/cartes-500/6-1-003.webp,ok
6-1-004,merveilles-et-espace,suisse,6-1-004_gorges-de-l-aar.md,https://thumb.wikimedia.org/wikipedia/commons/thumb/1/11/Lutschinen%2C_Aare_Ravine%2C_II%2C_Bernese_Oberland%2C_Switzerland-LCCN2001701223.jpg/1280px-Lutschinen%2C_Aare_Ravine%2C_II%2C_Bernese_Oberland%2C_Switzerland-LCCN2001701223.jpg?utm_source=fr.wikipedia.org&utm_campaign=api&utm_content=thumbnail,Gorges de l'Aar,,images/cartes-500/6-1-004.webp,ok
6-1-005,merveilles-et-espace,suisse,6-1-005_creux-du-van.md,https://upload.wikimedia.org/wikipedia/commons/1/14/Creux_du_Van.jpg?utm_source=fr.wikipedia.org&utm_campaign=api&utm_content=thumbnail_unscaled,Creux-du-Van,,images/cartes-500/6-1-005.webp,ok
6-1-006,merveilles-et-espace,suisse,6-1-006_jungfraujoch.md,https://thumb.wikimedia.org/wikipedia/commons/thumb/0/0e/Sphinx_et_Jungfrau_-_img_06980.jpg/1280px-Sphinx_et_Jungfrau_-_img_06980.jpg?utm_source=fr.wikipedia.org&utm_campaign=api&utm_content=thumbnail,Jungfraujoch,,images/cartes-500/6-1-006.webp,ok
6-1-008,merveilles-et-espace,suisse,6-1-008_gorges-de-l-areuse.md,https://upload.wikimedia.org/wikipedia/commons/7/71/Gorges_areuse.jpg?utm_source=fr.wikipedia.org&utm_campaign=api&utm_content=thumbnail_unscaled,Gorges de l'Areuse,,images/cartes-500/6-1-008.webp,ok
6-1-009,merveilles-et-espace,suisse,6-1-009_gorges-du-gotteron.md,https://thumb.wikimedia.org/wikipedia/commons/thumb/7/7f/ETH-BIB-Gotteron_von_der_Drahtseilbr%C3%BCcke_aufw%C3%A4rts-Dia_247-13408.tif/lossy-page1-1280px-ETH-BIB-Gotteron_von_der_Drahtseilbr%C3%BCcke_aufw%C3%A4rts-Dia_247-13408.tif.jpg?utm_source=fr.wikipedia.org&utm_campaign=api&utm_content=thumbnail,Gorges du Gottéron,,images/cartes-500/6-1-009.webp,ok
6-1-010,merveilles-et-espace,suisse,6-1-010_chutes-de-trummelbach.md,https://thumb.wikimedia.org/wikipedia/commons/thumb/d/d7/4791_-_Tr%C3%BCmmelbachf%C3%A4lle.JPG/1280px-4791_-_Tr%C3%BCmmelbachf%C3%A4lle.JPG?utm_source=fr.wikipedia.org&utm_campaign=api&utm_content=thumbnail,Trümmelbachfälle,,images/cartes-500/6-1-010.webp,ok
6-1-011,merveilles-et-espace,suisse,6-1-011_chutes-de-la-sarine.md,https://upload.wikimedia.org/wikipedia/commons/9/9c/Sarine-fribourg.jpg?utm_source=fr.wikipedia.org&utm_campaign=api&utm_content=thumbnail_unscaled,Sarine,,images/cartes-500/6-1-011.webp,ok
6-1-012,merveilles-et-espace,suisse,6-1-012_chutes-du-doubs.md,https://upload.wikimedia.org/wikipedia/commons/3/35/Saut_du_Doubs_01.jpg?utm_source=fr.wikipedia.org&utm_campaign=api&utm_content=thumbnail_unscaled,Saut du Doubs,,images/cartes-500/6-1-012.webp,ok
6-1-013,merveilles-et-espace,suisse,6-1-013_lac-de-taney.md,https://thumb.wikimedia.org/wikipedia/commons/thumb/4/44/Lac_de_Taney_depuis_Taney.jpg/1280px-Lac_de_Taney_depuis_Taney.jpg?utm_source=fr.wikipedia.org&utm_campaign=api&utm_content=thumbnail,Lac de Taney,,images/cartes-500/6-1-013.webp,ok
6-1-016,merveilles-et-espace,suisse,6-1-016_glacier-du-rhone.md,https://thumb.wikimedia.org/wikipedia/commons/thumb/7/7d/Glacier_du_Rh%C3%B4ne_2009.JPG/1280px-Glacier_du_Rh%C3%B4ne_2009.JPG?utm_source=fr.wikipedia.org&utm_campaign=api&utm_content=thumbnail,Glacier du Rhône,,images/cartes-500/6-1-016.webp,ok
6-1-017,merveilles-et-espace,suisse,6-1-017_glacier-de-gorner.md,https://upload.wikimedia.org/wikipedia/commons/7/7d/Gornergletscher.jpeg?utm_source=fr.wikipedia.org&utm_campaign=api&utm_content=thumbnail_unscaled,Glacier du Gorner,,images/cartes-500/6-1-017.webp,ok
6-1-018,merveilles-et-espace,suisse,6-1-018_glacier-de-morteratsch.md,https://thumb.wikimedia.org/wikipedia/commons/thumb/8/80/Morteratschgletscher_2007.jpg/1280px-Morteratschgletscher_2007.jpg?utm_source=fr.wikipedia.org&utm_campaign=api&utm_content=thumbnail,Glacier Morteratsch,,images/cartes-500/6-1-018.webp,ok
6-1-021,merveilles-et-espace,suisse,6-1-021_val-de-travers.md,https://thumb.wikimedia.org/wikipedia/commons/thumb/d/d8/Vue_du_Val-de-Travers_dans_son_%C3%A9crin_de_verdure_%28M%C3%B4tiers%2C_le_20.07.2009%29..jpg/1280px-Vue_du_Val-de-Travers_dans_son_%C3%A9crin_de_verdure_%28M%C3%B4tiers%2C_le_20.07.2009%29..jpg?utm_source=fr.wikipedia.org&utm_campaign=api&utm_content=thumbnail,Val de Travers,,images/cartes-500/6-1-021.webp,ok
6-1-022,merveilles-et-espace,suisse,6-1-022_vallee-de-joux.md,https://upload.wikimedia.org/wikipedia/commons/1/10/Vallee_de_joux.jpg?utm_source=fr.wikipedia.org&utm_campaign=api&utm_content=thumbnail_unscaled,Vallée de Joux,,images/cartes-500/6-1-022.webp,ok
6-1-023,merveilles-et-espace,suisse,6-1-023_val-verzasca.md,https://upload.wikimedia.org/wikipedia/commons/d/df/Berzona01.JPG?utm_source=fr.wikipedia.org&utm_campaign=api&utm_content=thumbnail_unscaled,Val Verzasca,,images/cartes-500/6-1-023.webp,ok
3-2-001,montagnes,europe,3-2-001_mont-blanc.md,https://thumb.wikimedia.org/wikipedia/commons/thumb/4/4b/Mont_Blanc_depuis_Valmorel_2.jpg/1280px-Mont_Blanc_depuis_Valmorel_2.jpg?utm_source=fr.wikipedia.org&utm_campaign=api&utm_content=thumbnail,Mont Blanc,,images/cartes-500/3-2-001.webp,ok
3-2-002,montagnes,europe,3-2-002_mont-rose.md,https://upload.wikimedia.org/wikipedia/commons/a/aa/Overview_Monte-Rosa_%28de%29.png?utm_source=fr.wikipedia.org&utm_campaign=api&utm_content=thumbnail_unscaled,Mont Rose,,images/cartes-500/3-2-002.webp,ok
3-2-003,montagnes,europe,3-2-003_grossglockner.md,https://thumb.wikimedia.org/wikipedia/commons/thumb/4/41/Grossglockner_from_SW.jpg/1280px-Grossglockner_from_SW.jpg?utm_source=fr.wikipedia.org&utm_campaign=api&utm_content=thumbnail,Großglockner,,images/cartes-500/3-2-003.webp,ok
3-2-004,montagnes,europe,3-2-004_zugspitze.md,https://thumb.wikimedia.org/wikipedia/commons/thumb/9/9f/ZugspitzeJubilaeumsgratHoellental.JPG/1280px-ZugspitzeJubilaeumsgratHoellental.JPG?utm_source=fr.wikipedia.org&utm_campaign=api&utm_content=thumbnail,Zugspitze,,images/cartes-500/3-2-004.webp,ok
3-2-005,montagnes,europe,3-2-005_mont-elbrouz.md,https://thumb.wikimedia.org/wikipedia/commons/thumb/c/c7/Mount_Elbrus_May_2008.jpg/1280px-Mount_Elbrus_May_2008.jpg?utm_source=fr.wikipedia.org&utm_campaign=api&utm_content=thumbnail,Elbrouz,,images/cartes-500/3-2-005.webp,ok
3-2-007,montagnes,europe,3-2-007_gran-paradiso.md,https://thumb.wikimedia.org/wikipedia/commons/thumb/1/1a/GranParadisoFromNW.jpg/1280px-GranParadisoFromNW.jpg?utm_source=fr.wikipedia.org&utm_campaign=api&utm_content=thumbnail,Grand Paradis,,images/cartes-500/3-2-007.webp,ok
3-2-016,montagnes,europe,3-2-016_ben-nevis.md,https://thumb.wikimedia.org/wikipedia/commons/thumb/0/09/BenNevis2005.jpg/1280px-BenNevis2005.jpg?utm_source=fr.wikipedia.org&utm_campaign=api&utm_content=thumbnail,Ben Nevis,,images/cartes-500/3-2-016.webp,ok
3-3-001,montagnes,monde,3-3-001_everest.md,https://thumb.wikimedia.org/wikipedia/commons/thumb/f/f0/Everest_North_Face_toward_Base_Camp_Tibet_Luca_Galuzzi_2006_edit_1.jpg/1280px-Everest_North_Face_toward_Base_Camp_Tibet_Luca_Galuzzi_2006_edit_1.jpg?utm_source=fr.wikipedia.org&utm_campaign=api&utm_content=thumbnail,Everest,,images/cartes-500/3-3-001.webp,ok
3-3-002,montagnes,monde,3-3-002_k2.md,https://thumb.wikimedia.org/wikipedia/commons/thumb/8/8c/K2%2C_Mount_Godwin_Austen%2C_Chogori%2C_Savage_Mountain.jpg/1280px-K2%2C_Mount_Godwin_Austen%2C_Chogori%2C_Savage_Mountain.jpg?utm_source=fr.wikipedia.org&utm_campaign=api&utm_content=thumbnail,K2,,images/cartes-500/3-3-002.webp,ok
3-3-003,montagnes,monde,3-3-003_kilimandjaro.md,https://thumb.wikimedia.org/wikipedia/commons/thumb/6/6c/Kilimanjaro_from_Amboseli.jpg/1280px-Kilimanjaro_from_Amboseli.jpg?utm_source=fr.wikipedia.org&utm_campaign=api&utm_content=thumbnail,Kilimandjaro,,images/cartes-500/3-3-003.webp,ok
3-3-004,montagnes,monde,3-3-004_mont-fuji.md,https://thumb.wikimedia.org/wikipedia/commons/thumb/c/cd/Fuji_Kawaguchi_357.JPG/1280px-Fuji_Kawaguchi_357.JPG?utm_source=fr.wikipedia.org&utm_campaign=api&utm_content=thumbnail,Mont Fuji,,images/cartes-500/3-3-004.webp,ok
3-3-005,montagnes,monde,3-3-005_aconcagua.md,https://thumb.wikimedia.org/wikipedia/commons/thumb/c/c8/Aconcagua_13.JPG/1280px-Aconcagua_13.JPG?utm_source=fr.wikipedia.org&utm_campaign=api&utm_content=thumbnail,Aconcagua,,images/cartes-500/3-3-005.webp,ok
3-3-006,montagnes,monde,3-3-006_denali.md,https://thumb.wikimedia.org/wikipedia/commons/thumb/9/91/Wonder_Lake_and_Denali.jpg/1280px-Wonder_Lake_and_Denali.jpg?utm_source=fr.wikipedia.org&utm_campaign=api&utm_content=thumbnail,Mont McKinley,,images/cartes-500/3-3-006.webp,ok
3-3-007,montagnes,monde,3-3-007_mont-kenya.md,https://upload.wikimedia.org/wikipedia/commons/f/fe/Sunrise_over_Mount_Kenya.jpg?utm_source=fr.wikipedia.org&utm_campaign=api&utm_content=thumbnail_unscaled,Mont Kenya,,images/cartes-500/3-3-007.webp,ok
3-3-008,montagnes,monde,3-3-008_mont-cook-aoraki.md,https://thumb.wikimedia.org/wikipedia/commons/thumb/b/bf/Aoraki_Mount_Cook.JPG/1280px-Aoraki_Mount_Cook.JPG?utm_source=fr.wikipedia.org&utm_campaign=api&utm_content=thumbnail,Aoraki/Mont Cook,,images/cartes-500/3-3-008.webp,ok
3-3-009,montagnes,monde,3-3-009_mauna-kea.md,https://thumb.wikimedia.org/wikipedia/commons/thumb/0/0f/Mauna_Kea_from_Mauna_Loa_Observatory%2C_Hawaii_-_20100913.jpg/1280px-Mauna_Kea_from_Mauna_Loa_Observatory%2C_Hawaii_-_20100913.jpg?utm_source=fr.wikipedia.org&utm_campaign=api&utm_content=thumbnail,Mauna Kea,,images/cartes-500/3-3-009.webp,ok
3-3-010,montagnes,monde,3-3-010_olympus-mons.md,https://thumb.wikimedia.org/wikipedia/commons/thumb/0/00/Olympus_Mons_alt.jpg/1280px-Olympus_Mons_alt.jpg?utm_source=fr.wikipedia.org&utm_campaign=api&utm_content=thumbnail,Olympus Mons,,images/cartes-500/3-3-010.webp,ok
3-1-001,montagnes,suisse,3-1-001_cervin.md,https://thumb.wikimedia.org/wikipedia/commons/thumb/a/a5/Matterhorn_as_seen_from_Zermatt%2C_Wallis%2C_Switzerland%2C_2012_August.jpg/1280px-Matterhorn_as_seen_from_Zermatt%2C_Wallis%2C_Switzerland%2C_2012_August.jpg?utm_source=fr.wikipedia.org&utm_campaign=api&utm_content=thumbnail,Cervin,,images/cartes-500/3-1-001.webp,ok
3-1-002,montagnes,suisse,3-1-002_dufourspitze.md,https://upload.wikimedia.org/wikipedia/commons/c/cf/MonteRosa004.jpg?utm_source=fr.wikipedia.org&utm_campaign=api&utm_content=thumbnail_unscaled,Pointe Dufour,,images/cartes-500/3-1-002.webp,ok
3-1-003,montagnes,suisse,3-1-003_piz-bernina.md,https://thumb.wikimedia.org/wikipedia/commons/thumb/1/1b/PizBernina3.jpg/1280px-PizBernina3.jpg?utm_source=fr.wikipedia.org&utm_campaign=api&utm_content=thumbnail,Piz Bernina,,images/cartes-500/3-1-003.webp,ok
3-1-004,montagnes,suisse,3-1-004_weisshorn.md,https://thumb.wikimedia.org/wikipedia/commons/thumb/b/bd/Weisshorn_as_seen_from_Gornergrat%2C_Wallis%2C_Switzerland%2C_2012_August.jpg/1280px-Weisshorn_as_seen_from_Gornergrat%2C_Wallis%2C_Switzerland%2C_2012_August.jpg?utm_source=fr.wikipedia.org&utm_campaign=api&utm_content=thumbnail,Weisshorn,,images/cartes-500/3-1-004.webp,ok
3-1-005,montagnes,suisse,3-1-005_dom-des-mischabel.md,https://upload.wikimedia.org/wikipedia/commons/4/4f/Dom.jpg?utm_source=fr.wikipedia.org&utm_campaign=api&utm_content=thumbnail_unscaled,Dom des Mischabel,,images/cartes-500/3-1-005.webp,ok
3-1-006,montagnes,suisse,3-1-006_dent-blanche.md,https://thumb.wikimedia.org/wikipedia/commons/thumb/b/b3/Aerial_image_of_Dent_Blanche_%28view_from_the_south%29.jpg/1280px-Aerial_image_of_Dent_Blanche_%28view_from_the_south%29.jpg?utm_source=fr.wikipedia.org&utm_campaign=api&utm_content=thumbnail,Dent Blanche,,images/cartes-500/3-1-006.webp,ok
3-1-007,montagnes,suisse,3-1-007_grand-combin.md,https://thumb.wikimedia.org/wikipedia/commons/thumb/9/92/Aerial_image_of_Grand_Combin_%28view_from_the_southwest%29.jpg/1280px-Aerial_image_of_Grand_Combin_%28view_from_the_southwest%29.jpg?utm_source=fr.wikipedia.org&utm_campaign=api&utm_content=thumbnail,Grand Combin,,images/cartes-500/3-1-007.webp,ok
3-1-008,montagnes,suisse,3-1-008_aletschhorn.md,https://thumb.wikimedia.org/wikipedia/commons/thumb/3/36/Aerial_image_of_Aletschhorn_%28view_from_the_southeast%29.jpg/1280px-Aerial_image_of_Aletschhorn_%28view_from_the_southeast%29.jpg?utm_source=fr.wikipedia.org&utm_campaign=api&utm_content=thumbnail,Aletschhorn,,images/cartes-500/3-1-008.webp,ok
3-1-009,montagnes,suisse,3-1-009_jungfrau.md,https://thumb.wikimedia.org/wikipedia/commons/thumb/2/26/Jungfrau.wengen.jpg/1280px-Jungfrau.wengen.jpg?utm_source=fr.wikipedia.org&utm_campaign=api&utm_content=thumbnail,Jungfrau,,images/cartes-500/3-1-009.webp,ok
3-1-010,montagnes,suisse,3-1-010_monch.md,https://thumb.wikimedia.org/wikipedia/commons/thumb/a/a6/M%C3%B6nch_and_Eigergletscher.jpg/1280px-M%C3%B6nch_and_Eigergletscher.jpg?utm_source=fr.wikipedia.org&utm_campaign=api&utm_content=thumbnail,Mönch,,images/cartes-500/3-1-010.webp,ok
3-1-011,montagnes,suisse,3-1-011_eiger.md,https://thumb.wikimedia.org/wikipedia/commons/thumb/1/10/Eiger_2415.jpg/1280px-Eiger_2415.jpg?utm_source=fr.wikipedia.org&utm_campaign=api&utm_content=thumbnail,Eiger,,images/cartes-500/3-1-011.webp,ok
3-1-012,montagnes,suisse,3-1-012_pilatus.md,https://upload.wikimedia.org/wikipedia/commons/6/6d/Picswiss_LU-03-09.jpg?utm_source=fr.wikipedia.org&utm_campaign=api&utm_content=thumbnail_unscaled,Pilate (montagne),,images/cartes-500/3-1-012.webp,ok
3-1-013,montagnes,suisse,3-1-013_rigi.md,https://upload.wikimedia.org/wikipedia/commons/d/d8/Rigi_luftaufnahme.jpg?utm_source=fr.wikipedia.org&utm_campaign=api&utm_content=thumbnail_unscaled,Rigi,,images/cartes-500/3-1-013.webp,ok
3-1-014,montagnes,suisse,3-1-014_santis.md,https://thumb.wikimedia.org/wikipedia/commons/thumb/e/e5/S%C3%A4ntis_-_Batzberg_IMG_9803.JPG/1280px-S%C3%A4ntis_-_Batzberg_IMG_9803.JPG?utm_source=fr.wikipedia.org&utm_campaign=api&utm_content=thumbnail,Säntis,,images/cartes-500/3-1-014.webp,ok
3-1-033,montagnes,suisse,3-1-033_titlis.md,https://upload.wikimedia.org/wikipedia/commons/0/05/TitlisVonSchoneggGesehen.jpg?utm_source=fr.wikipedia.org&utm_campaign=api&utm_content=thumbnail_unscaled,Titlis,,images/cartes-500/3-1-033.webp,ok
3-1-034,montagnes,suisse,3-1-034_schilthorn.md,https://thumb.wikimedia.org/wikipedia/commons/thumb/2/29/Schilthorn_muerren.jpg/1280px-Schilthorn_muerren.jpg?utm_source=fr.wikipedia.org&utm_campaign=api&utm_content=thumbnail,Schilthorn,,images/cartes-500/3-1-034.webp,ok
3-1-038,montagnes,suisse,3-1-038_les-diablerets.md,https://upload.wikimedia.org/wikipedia/commons/2/2a/Diablerets_3210_m.jpg?utm_source=commons.wikimedia.org&utm_campaign=imageinfo&utm_content=original,File:Diablerets 3210 m.jpg,CC BY-SA 4.0,images/cartes-500/3-1-038.webp,ok
3-1-039,montagnes,suisse,3-1-039_dents-du-midi.md,https://upload.wikimedia.org/wikipedia/commons/4/40/Dents_du_Midi.png?utm_source=fr.wikipedia.org&utm_campaign=api&utm_content=thumbnail_unscaled,Dents du Midi,,images/cartes-500/3-1-039.webp,ok
5-2-001,monuments,europe,5-2-001_tour-eiffel.md,https://thumb.wikimedia.org/wikipedia/commons/thumb/a/a8/Tour_Eiffel_Wikimedia_Commons.jpg/1280px-Tour_Eiffel_Wikimedia_Commons.jpg?utm_source=fr.wikipedia.org&utm_campaign=api&utm_content=thumbnail,Tour Eiffel,,images/cartes-500/5-2-001.webp,ok
5-2-002,monuments,europe,5-2-002_colisee.md,https://thumb.wikimedia.org/wikipedia/commons/thumb/d/de/Colosseo_2020.jpg/1280px-Colosseo_2020.jpg?utm_source=fr.wikipedia.org&utm_campaign=api&utm_content=thumbnail,Colisée,,images/cartes-500/5-2-002.webp,ok
5-2-003,monuments,europe,5-2-003_acropole-d-athenes.md,https://thumb.wikimedia.org/wikipedia/commons/thumb/c/c6/Attica_06-13_Athens_50_View_from_Philopappos_-_Acropolis_Hill.jpg/1280px-Attica_06-13_Athens_50_View_from_Philopappos_-_Acropolis_Hill.jpg?utm_source=fr.wikipedia.org&utm_campaign=api&utm_content=thumbnail,Acropole d'Athènes,,images/cartes-500/5-2-003.webp,ok
5-2-004,monuments,europe,5-2-004_chateau-de-versailles.md,https://thumb.wikimedia.org/wikipedia/commons/thumb/0/04/Vue_a%C3%A9rienne_du_domaine_de_Versailles_par_ToucanWings_-_Creative_Commons_By_Sa_3.0_-_083.jpg/1280px-Vue_a%C3%A9rienne_du_domaine_de_Versailles_par_ToucanWings_-_Creative_Commons_By_Sa_3.0_-_083.jpg?utm_source=fr.wikipedia.org&utm_campaign=api&utm_content=thumbnail,Château de Versailles,,images/cartes-500/5-2-004.webp,ok
5-2-005,monuments,europe,5-2-005_sagrada-familia.md,https://thumb.wikimedia.org/wikipedia/commons/thumb/7/78/SF_maig_2026.jpg/1280px-SF_maig_2026.jpg?utm_source=fr.wikipedia.org&utm_campaign=api&utm_content=thumbnail,Sagrada Família,,images/cartes-500/5-2-005.webp,ok
5-2-006,monuments,europe,5-2-006_parthenon.md,https://upload.wikimedia.org/wikipedia/commons/d/da/The_Parthenon_in_Athens.jpg?utm_source=fr.wikipedia.org&utm_campaign=api&utm_content=thumbnail_unscaled,Parthénon,,images/cartes-500/5-2-006.webp,ok
5-2-007,monuments,europe,5-2-007_chateau-de-neuschwanstein.md,https://thumb.wikimedia.org/wikipedia/commons/thumb/f/f8/Schloss_Neuschwanstein_2013.jpg/1280px-Schloss_Neuschwanstein_2013.jpg?utm_source=fr.wikipedia.org&utm_campaign=api&utm_content=thumbnail,Château de Neuschwanstein,,images/cartes-500/5-2-007.webp,ok
5-2-008,monuments,europe,5-2-008_big-ben.md,https://thumb.wikimedia.org/wikipedia/commons/thumb/0/05/Elizabeth_Tower_and_the_north_front_of_the_Palace_of_Westminster%2C_London.jpg/1280px-Elizabeth_Tower_and_the_north_front_of_the_Palace_of_Westminster%2C_London.jpg?utm_source=fr.wikipedia.org&utm_campaign=api&utm_content=thumbnail,Big Ben,,images/cartes-500/5-2-008.webp,ok
5-2-009,monuments,europe,5-2-009_tour-de-pise.md,https://thumb.wikimedia.org/wikipedia/commons/thumb/2/2a/Exterior_of_the_Leaning_Tower_%28Pisa%29_in_April_2024.jpg/1280px-Exterior_of_the_Leaning_Tower_%28Pisa%29_in_April_2024.jpg?utm_source=fr.wikipedia.org&utm_campaign=api&utm_content=thumbnail,Tour de Pise,,images/cartes-500/5-2-009.webp,ok
5-2-010,monuments,europe,5-2-010_arc-de-triomphe.md,https://thumb.wikimedia.org/wikipedia/commons/thumb/a/a3/Arch_of_Constantine_%28Rome%29_-_South_side%2C_from_Via_triumphalis.jpg/1280px-Arch_of_Constantine_%28Rome%29_-_South_side%2C_from_Via_triumphalis.jpg?utm_source=fr.wikipedia.org&utm_campaign=api&utm_content=thumbnail,Arc de triomphe,,images/cartes-500/5-2-010.webp,ok
5-2-011,monuments,europe,5-2-011_mont-saint-michel.md,https://thumb.wikimedia.org/wikipedia/commons/thumb/e/ef/Mont_St_Michel_in_the_afternoon.jpg/1280px-Mont_St_Michel_in_the_afternoon.jpg?utm_source=fr.wikipedia.org&utm_campaign=api&utm_content=thumbnail,Le Mont-Saint-Michel,,images/cartes-500/5-2-011.webp,ok
5-2-012,monuments,europe,5-2-012_mosquee-sainte-sophie.md,https://thumb.wikimedia.org/wikipedia/commons/thumb/4/4a/Hagia_Sophia_%28228968325%29.jpeg/1280px-Hagia_Sophia_%28228968325%29.jpeg?utm_source=fr.wikipedia.org&utm_campaign=api&utm_content=thumbnail,Sainte-Sophie (Constantinople),,images/cartes-500/5-2-012.webp,ok
5-2-013,monuments,europe,5-2-013_notre-dame-de-paris.md,https://thumb.wikimedia.org/wikipedia/commons/thumb/a/af/Notre-Dame_de_Paris_2013-07-24.jpg/1280px-Notre-Dame_de_Paris_2013-07-24.jpg?utm_source=fr.wikipedia.org&utm_campaign=api&utm_content=thumbnail,Cathédrale Notre-Dame de Paris,,images/cartes-500/5-2-013.webp,ok
5-2-016,monuments,europe,5-2-016_alhambra.md,https://thumb.wikimedia.org/wikipedia/commons/thumb/d/de/Dawn_Charles_V_Palace_Alhambra_Granada_Andalusia_Spain.jpg/1280px-Dawn_Charles_V_Palace_Alhambra_Granada_Andalusia_Spain.jpg?utm_source=fr.wikipedia.org&utm_campaign=api&utm_content=thumbnail,Alhambra (Grenade),,images/cartes-500/5-2-016.webp,ok
5-2-022,monuments,europe,5-2-022_stonehenge.md,https://thumb.wikimedia.org/wikipedia/commons/thumb/3/3c/Stonehenge2007_07_30.jpg/1280px-Stonehenge2007_07_30.jpg?utm_source=fr.wikipedia.org&utm_campaign=api&utm_content=thumbnail,Stonehenge,,images/cartes-500/5-2-022.webp,ok
5-2-028,monuments,europe,5-2-028_basilique-saint-marc.md,https://thumb.wikimedia.org/wikipedia/commons/thumb/6/61/Venezia_Basilica_di_San_Marco_Fassade_2.jpg/1280px-Venezia_Basilica_di_San_Marco_Fassade_2.jpg?utm_source=fr.wikipedia.org&utm_campaign=api&utm_content=thumbnail,Basilique Saint-Marc de Venise,,images/cartes-500/5-2-028.webp,ok
5-2-029,monuments,europe,5-2-029_duomo-de-milan.md,https://thumb.wikimedia.org/wikipedia/commons/thumb/7/70/Milan_Cathedral_from_Piazza_del_Duomo.jpg/1280px-Milan_Cathedral_from_Piazza_del_Duomo.jpg?utm_source=fr.wikipedia.org&utm_campaign=api&utm_content=thumbnail,Dôme de Milan,,images/cartes-500/5-2-029.webp,ok
5-2-030,monuments,europe,5-2-030_fontaine-de-trevi.md,https://thumb.wikimedia.org/wikipedia/commons/thumb/c/c7/Trevi_Fountain_-_Roma.jpg/1280px-Trevi_Fountain_-_Roma.jpg?utm_source=fr.wikipedia.org&utm_campaign=api&utm_content=thumbnail,Fontaine de Trevi,,images/cartes-500/5-2-030.webp,ok
5-2-031,monuments,europe,5-2-031_basilique-saint-pierre.md,https://thumb.wikimedia.org/wikipedia/commons/thumb/f/f5/Basilica_di_San_Pietro_in_Vaticano_September_2015-1a.jpg/1280px-Basilica_di_San_Pietro_in_Vaticano_September_2015-1a.jpg?utm_source=fr.wikipedia.org&utm_campaign=api&utm_content=thumbnail,Basilique Saint-Pierre,,images/cartes-500/5-2-031.webp,ok
5-2-032,monuments,europe,5-2-032_kremlin-de-moscou.md,https://thumb.wikimedia.org/wikipedia/commons/thumb/f/f5/Moscow_05-2012_Kremlin_22.jpg/1280px-Moscow_05-2012_Kremlin_22.jpg?utm_source=fr.wikipedia.org&utm_campaign=api&utm_content=thumbnail,Kremlin de Moscou,,images/cartes-500/5-2-032.webp,ok
5-3-001,monuments,monde,5-3-001_taj-mahal.md,https://thumb.wikimedia.org/wikipedia/commons/thumb/b/bd/Taj_Mahal%2C_Agra%2C_India_edit3.jpg/1280px-Taj_Mahal%2C_Agra%2C_India_edit3.jpg?utm_source=fr.wikipedia.org&utm_campaign=api&utm_content=thumbnail,Taj Mahal,,images/cartes-500/5-3-001.webp,ok
5-3-002,monuments,monde,5-3-002_statue-de-la-liberte.md,https://thumb.wikimedia.org/wikipedia/commons/thumb/f/fd/Statue_of_Liberty%2C_statue%2C_Liberty_Island%2C_New_York.jpg/1280px-Statue_of_Liberty%2C_statue%2C_Liberty_Island%2C_New_York.jpg?utm_source=fr.wikipedia.org&utm_campaign=api&utm_content=thumbnail,Statue de la Liberté,,images/cartes-500/5-3-002.webp,ok
5-3-003,monuments,monde,5-3-003_machu-picchu.md,https://thumb.wikimedia.org/wikipedia/commons/thumb/1/13/Before_Machu_Picchu.jpg/1280px-Before_Machu_Picchu.jpg?utm_source=fr.wikipedia.org&utm_campaign=api&utm_content=thumbnail,Machu Picchu,,images/cartes-500/5-3-003.webp,ok
5-3-004,monuments,monde,5-3-004_petra.md,https://thumb.wikimedia.org/wikipedia/commons/thumb/2/2b/Petra_Jordan_3.jpg/1280px-Petra_Jordan_3.jpg?utm_source=fr.wikipedia.org&utm_campaign=api&utm_content=thumbnail,Petra,,images/cartes-500/5-3-004.webp,ok
5-3-005,monuments,monde,5-3-005_moai-de-rapa-nui.md,https://thumb.wikimedia.org/wikipedia/commons/thumb/7/72/Ahu_Tongariki.jpg/1280px-Ahu_Tongariki.jpg?utm_source=fr.wikipedia.org&utm_campaign=api&utm_content=thumbnail,Moaï,,images/cartes-500/5-3-005.webp,ok
5-3-006,monuments,monde,5-3-006_cite-interdite.md,https://thumb.wikimedia.org/wikipedia/commons/thumb/e/e0/%E6%99%AF%E5%B1%B1%E5%85%AC%E5%9B%AD_%2820315852831%29-_cropped.jpg/1280px-%E6%99%AF%E5%B1%B1%E5%85%AC%E5%9B%AD_%2820315852831%29-_cropped.jpg?utm_source=fr.wikipedia.org&utm_campaign=api&utm_content=thumbnail,Cité interdite,,images/cartes-500/5-3-006.webp,ok
5-3-007,monuments,monde,5-3-007_angkor-wat.md,https://thumb.wikimedia.org/wikipedia/commons/thumb/4/41/Angkor_Wat.jpg/1280px-Angkor_Wat.jpg?utm_source=fr.wikipedia.org&utm_campaign=api&utm_content=thumbnail,Angkor Vat,,images/cartes-500/5-3-007.webp,ok
5-3-008,monuments,monde,5-3-008_burj-khalifa.md,https://thumb.wikimedia.org/wikipedia/commons/thumb/a/af/Vue_du_haut_Burj.jpg/1280px-Vue_du_haut_Burj.jpg?utm_source=fr.wikipedia.org&utm_campaign=api&utm_content=thumbnail,Burj Khalifa,,images/cartes-500/5-3-008.webp,ok
5-3-009,monuments,monde,5-3-009_cathedrale-saint-basile.md,https://thumb.wikimedia.org/wikipedia/commons/thumb/9/9e/Moscow_05-2012_StBasilCathedral.jpg/1280px-Moscow_05-2012_StBasilCathedral.jpg?utm_source=fr.wikipedia.org&utm_campaign=api&utm_content=thumbnail,Cathédrale Saint-Basile-le-Bienheureux de Moscou,,images/cartes-500/5-3-009.webp,ok
5-3-010,monuments,monde,5-3-010_pyramide-de-kheops.md,https://thumb.wikimedia.org/wikipedia/commons/thumb/a/a0/Great_Pyramid_of_Giza.jpg/1280px-Great_Pyramid_of_Giza.jpg?utm_source=fr.wikipedia.org&utm_campaign=api&utm_content=thumbnail,Pyramide de Khéops,,images/cartes-500/5-3-010.webp,ok
5-3-011,monuments,monde,5-3-011_grande-muraille-de-chine.md,https://thumb.wikimedia.org/wikipedia/commons/thumb/f/fa/Great_Wall_of_China_July_2006.JPG/1280px-Great_Wall_of_China_July_2006.JPG?utm_source=fr.wikipedia.org&utm_campaign=api&utm_content=thumbnail,Grande Muraille,,images/cartes-500/5-3-011.webp,ok
5-3-013,monuments,monde,5-3-013_armee-de-terre-cuite.md,https://thumb.wikimedia.org/wikipedia/commons/thumb/b/b5/A_rank_of_terracotta_soldiers.jpg/1280px-A_rank_of_terracotta_soldiers.jpg?utm_source=fr.wikipedia.org&utm_campaign=api&utm_content=thumbnail,Armée de terre cuite,,images/cartes-500/5-3-013.webp,ok
5-3-020,monuments,monde,5-3-020_christ-redempteur.md,https://upload.wikimedia.org/wikipedia/commons/4/4f/Christ_the_Redeemer_-_Cristo_Redentor.jpg?utm_source=commons.wikimedia.org&utm_campaign=imageinfo&utm_content=original,File:Christ the Redeemer - Cristo Redentor.jpg,CC BY-SA 3.0 de,images/cartes-500/5-3-020.webp,ok
5-3-035,monuments,monde,5-3-035_opera-de-sydney.md,https://thumb.wikimedia.org/wikipedia/commons/thumb/9/92/Sydney_Opera_House_from_Circular_Quay%2C_2023%2C_10.jpg/1280px-Sydney_Opera_House_from_Circular_Quay%2C_2023%2C_10.jpg?utm_source=fr.wikipedia.org&utm_campaign=api&utm_content=thumbnail,Opéra de Sydney,,images/cartes-500/5-3-035.webp,ok
5-1-001,monuments,suisse,5-1-001_chateau-de-chillon.md,https://thumb.wikimedia.org/wikipedia/commons/thumb/6/6d/Chillon_viewed_from_south_2021.jpg/1280px-Chillon_viewed_from_south_2021.jpg?utm_source=fr.wikipedia.org&utm_campaign=api&utm_content=thumbnail,Château de Chillon,,images/cartes-500/5-1-001.webp,ok
5-1-002,monuments,suisse,5-1-002_chateau-de-gruyeres.md,https://thumb.wikimedia.org/wikipedia/commons/thumb/1/1f/12_Chateau_de_Gruy%C3%A8res_Photo_by_Giles_Laurent.jpg/1280px-12_Chateau_de_Gruy%C3%A8res_Photo_by_Giles_Laurent.jpg?utm_source=fr.wikipedia.org&utm_campaign=api&utm_content=thumbnail,Château de Gruyères,,images/cartes-500/5-1-002.webp,ok
5-1-003,monuments,suisse,5-1-003_abbaye-de-saint-gall.md,https://thumb.wikimedia.org/wikipedia/commons/thumb/2/21/StGallen_asv2022-10_F%C3%BCrstabtei_img1.jpg/1280px-StGallen_asv2022-10_F%C3%BCrstabtei_img1.jpg?utm_source=fr.wikipedia.org&utm_campaign=api&utm_content=thumbnail,Abbaye de Saint-Gall,,images/cartes-500/5-1-003.webp,ok
5-1-004,monuments,suisse,5-1-004_chateau-de-bellinzone.md,https://thumb.wikimedia.org/wikipedia/commons/thumb/d/d6/Joseph_Mallord_William_Turner_005.jpg/1280px-Joseph_Mallord_William_Turner_005.jpg?utm_source=fr.wikipedia.org&utm_campaign=api&utm_content=thumbnail,Châteaux de Bellinzone,,images/cartes-500/5-1-004.webp,ok
5-1-005,monuments,suisse,5-1-005_pont-de-la-chapelle.md,https://thumb.wikimedia.org/wikipedia/commons/thumb/3/3d/Kapellbr%C3%BCcke_Dawn.jpg/1280px-Kapellbr%C3%BCcke_Dawn.jpg?utm_source=fr.wikipedia.org&utm_campaign=api&utm_content=thumbnail,Kapellbrücke,,images/cartes-500/5-1-005.webp,ok
5-1-006,monuments,suisse,5-1-006_cathedrale-de-lausanne.md,https://upload.wikimedia.org/wikipedia/commons/c/cb/Lausanne-cathe7.JPG?utm_source=fr.wikipedia.org&utm_campaign=api&utm_content=thumbnail_unscaled,Cathédrale de Lausanne,,images/cartes-500/5-1-006.webp,ok
5-1-007,monuments,suisse,5-1-007_palais-federal.md,https://thumb.wikimedia.org/wikipedia/commons/thumb/4/46/Bern_Parliament_Plaza_Flagged_Wide_2019-09-13_23-11.jpg/1280px-Bern_Parliament_Plaza_Flagged_Wide_2019-09-13_23-11.jpg?utm_source=fr.wikipedia.org&utm_campaign=api&utm_content=thumbnail,Palais fédéral,,images/cartes-500/5-1-007.webp,ok
5-1-009,monuments,suisse,5-1-009_chateau-de-thoune.md,https://thumb.wikimedia.org/wikipedia/commons/thumb/4/43/4144_-_Thun_-_Schloss_Thun.JPG/1280px-4144_-_Thun_-_Schloss_Thun.JPG?utm_source=fr.wikipedia.org&utm_campaign=api&utm_content=thumbnail,Château de Thoune,,images/cartes-500/5-1-009.webp,ok
5-1-010,monuments,suisse,5-1-010_chateau-de-spiez.md,https://thumb.wikimedia.org/wikipedia/commons/thumb/2/2b/Schloss_Spiez_von_oben.JPG/1280px-Schloss_Spiez_von_oben.JPG?utm_source=fr.wikipedia.org&utm_campaign=api&utm_content=thumbnail,Château de Spiez,,images/cartes-500/5-1-010.webp,ok
5-1-012,monuments,suisse,5-1-012_chateau-de-tourbillon.md,https://thumb.wikimedia.org/wikipedia/commons/thumb/9/95/Ch%C3%A2teau_de_Tourbillon_-_2022.jpg/1280px-Ch%C3%A2teau_de_Tourbillon_-_2022.jpg?utm_source=fr.wikipedia.org&utm_campaign=api&utm_content=thumbnail,Château de Tourbillon,,images/cartes-500/5-1-012.webp,ok
5-1-013,monuments,suisse,5-1-013_chateau-de-valere.md,https://thumb.wikimedia.org/wikipedia/commons/thumb/8/8e/Ch%C3%A2teau_de_Val%C3%A8re_et_Haut_de_Cry_-_juillet_2022.jpg/1280px-Ch%C3%A2teau_de_Val%C3%A8re_et_Haut_de_Cry_-_juillet_2022.jpg?utm_source=fr.wikipedia.org&utm_campaign=api&utm_content=thumbnail,Château de Valère,,images/cartes-500/5-1-013.webp,ok
5-1-015,monuments,suisse,5-1-015_chateau-de-lenzbourg.md,https://upload.wikimedia.org/wikipedia/commons/1/10/Lenzburg_schloss.jpg?utm_source=fr.wikipedia.org&utm_campaign=api&utm_content=thumbnail_unscaled,Château de Lenzbourg,,images/cartes-500/5-1-015.webp,ok
5-1-016,monuments,suisse,5-1-016_chateau-de-habsbourg.md,https://upload.wikimedia.org/wikipedia/commons/e/ef/Picswiss_AG-24-05.jpg?utm_source=fr.wikipedia.org&utm_campaign=api&utm_content=thumbnail_unscaled,Château de Habsbourg,,images/cartes-500/5-1-016.webp,ok
5-1-018,monuments,suisse,5-1-018_chateau-de-kybourg.md,https://upload.wikimedia.org/wikipedia/commons/f/fc/Castle_kyburg.jpg?utm_source=fr.wikipedia.org&utm_campaign=api&utm_content=thumbnail_unscaled,Château de Kybourg,,images/cartes-500/5-1-018.webp,ok
5-1-021,monuments,suisse,5-1-021_cathedrale-de-berne.md,https://thumb.wikimedia.org/wikipedia/commons/thumb/4/45/M%C3%BCnster_%28Bern%29.jpg/1280px-M%C3%BCnster_%28Bern%29.jpg?utm_source=fr.wikipedia.org&utm_campaign=api&utm_content=thumbnail,Collégiale Saint-Vincent de Berne,,images/cartes-500/5-1-021.webp,ok
5-1-023,monuments,suisse,5-1-023_grossmunster.md,https://thumb.wikimedia.org/wikipedia/commons/thumb/e/eb/Grossm%C3%BCnster_-_Limmatquai_-_W%C3%BChre_2018-09-05_15-58-02.jpg/1280px-Grossm%C3%BCnster_-_Limmatquai_-_W%C3%BChre_2018-09-05_15-58-02.jpg?utm_source=fr.wikipedia.org&utm_campaign=api&utm_content=thumbnail,Grossmünster,,images/cartes-500/5-1-023.webp,ok
5-1-024,monuments,suisse,5-1-024_fraumunster.md,https://thumb.wikimedia.org/wikipedia/commons/thumb/6/6d/Iglesia_de_Fraum%C3%BCnster%2C_Z%C3%BArich%2C_Suiza%2C_2023-03-05%2C_DD_21.jpg/1280px-Iglesia_de_Fraum%C3%BCnster%2C_Z%C3%BArich%2C_Suiza%2C_2023-03-05%2C_DD_21.jpg?utm_source=fr.wikipedia.org&utm_campaign=api&utm_content=thumbnail,Fraumünster,,images/cartes-500/5-1-024.webp,ok
5-1-025,monuments,suisse,5-1-025_abbaye-d-einsiedeln.md,https://thumb.wikimedia.org/wikipedia/commons/thumb/1/1c/CoA_Einsiedeln_Abbey%2C_Switzerland.svg/1280px-CoA_Einsiedeln_Abbey%2C_Switzerland.svg.png?utm_source=fr.wikipedia.org&utm_campaign=api&utm_content=thumbnail,Abbaye territoriale d'Einsiedeln,,images/cartes-500/5-1-025.webp,ok
5-1-028,monuments,suisse,5-1-028_barrage-de-la-grande-dixence.md,https://thumb.wikimedia.org/wikipedia/commons/thumb/a/ab/Barrage_de_la_Grande-Dixence.jpg/1280px-Barrage_de_la_Grande-Dixence.jpg?utm_source=fr.wikipedia.org&utm_campaign=api&utm_content=thumbnail,Barrage de la Grande-Dixence,,images/cartes-500/5-1-028.webp,ok
5-1-029,monuments,suisse,5-1-029_vignobles-de-lavaux.md,https://thumb.wikimedia.org/wikipedia/commons/thumb/d/da/Lavaux_Switzerland.jpg/1280px-Lavaux_Switzerland.jpg?utm_source=fr.wikipedia.org&utm_campaign=api&utm_content=thumbnail,Lavaux,,images/cartes-500/5-1-029.webp,ok
