id,theme,subtheme,titre,page_wikipedia,qid,image_url,statut,fichier
7-2-001,animaux,europe,Bison d'Europe,Bison d'Europe,Q81091,https://thumb.wikimedia.org/wikipedia/commons/thumb/1/1b/European_Bison.JPG/1280px-European_Bison.JPG?utm_source=fr.wikipedia.org&utm_campaign=api&utm_content=thumbnail,ok,animaux/europe/7-2-001_bison-d-europe.md
7-2-002,animaux,europe,Élan,Alces,Q10731891,https://upload.wikimedia.org/wikipedia/commons/6/67/Wading_moose.jpg?utm_source=fr.wikipedia.org&utm_campaign=api&utm_content=thumbnail_unscaled,ok,animaux/europe/7-2-002_elan.md
7-2-003,animaux,europe,Renne,Rangifer tarandus,Q39624,https://thumb.wikimedia.org/wikipedia/commons/thumb/a/af/20070818-0001-strolling_reindeer.jpg/1280px-20070818-0001-strolling_reindeer.jpg?utm_source=fr.wikipedia.org&utm_campaign=api&utm_content=thumbnail,ok,animaux/europe/7-2-003_renne.md
7-2-004,animaux,europe,Glouton,Gulo gulo,Q14334,https://thumb.wikimedia.org/wikipedia/commons/thumb/8/86/J%C3%A4rv1.jpg/1280px-J%C3%A4rv1.jpg?utm_source=fr.wikipedia.org&utm_campaign=api&utm_content=thumbnail,ok,animaux/europe/7-2-004_glouton.md
7-2-005,animaux,europe,Ours polaire,Ours blanc,Q33609,https://thumb.wikimedia.org/wikipedia/commons/thumb/e/ec/Polar_Bear_2004-11-15.jpg/1280px-Polar_Bear_2004-11-15.jpg?utm_source=fr.wikipedia.org&utm_campaign=api&utm_content=thumbnail,ok,animaux/europe/7-2-005_ours-polaire.md
7-2-006,animaux,europe,Renard polaire,Renard polaire,Q82738,https://thumb.wikimedia.org/wikipedia/commons/thumb/d/dc/Vulpes_lagopus_in_Iceland_%28cropped_3%29.jpg/1280px-Vulpes_lagopus_in_Iceland_%28cropped_3%29.jpg?utm_source=fr.wikipedia.org&utm_campaign=api&utm_content=thumbnail,ok,animaux/europe/7-2-006_renard-polaire.md
7-2-007,animaux,europe,Phoque gris,Phoque gris,Q27370,https://thumb.wikimedia.org/wikipedia/commons/thumb/a/a0/Halichoerus_grypus_He3.jpg/1280px-Halichoerus_grypus_He3.jpg?utm_source=fr.wikipedia.org&utm_campaign=api&utm_content=thumbnail,ok,animaux/europe/7-2-007_phoque-gris.md
7-2-008,animaux,europe,Phoque commun,Phoca vitulina,Q26913,https://upload.wikimedia.org/wikipedia/commons/8/8e/Phoca_vitulina_he.jpg?utm_source=fr.wikipedia.org&utm_campaign=api&utm_content=thumbnail_unscaled,ok,animaux/europe/7-2-008_phoque-commun.md
7-2-009,animaux,europe,Morse,Morse,Q226572,,no-image,animaux/europe/7-2-009_morse.md
7-2-010,animaux,europe,Marsouin commun,Marsouin commun,Q27027,https://thumb.wikimedia.org/wikipedia/commons/thumb/2/26/Ecomare_-_bruinvis_Berend_%28berend3%29.jpg/1280px-Ecomare_-_bruinvis_Berend_%28berend3%29.jpg?utm_source=fr.wikipedia.org&utm_campaign=api&utm_content=thumbnail,ok,animaux/europe/7-2-010_marsouin-commun.md
7-2-011,animaux,europe,Grand dauphin,Tursiops truncatus,Q174199,https://thumb.wikimedia.org/wikipedia/commons/thumb/b/bc/Tursiops_truncatus_01-cropped.jpg/1280px-Tursiops_truncatus_01-cropped.jpg?utm_source=fr.wikipedia.org&utm_campaign=api&utm_content=thumbnail,ok,animaux/europe/7-2-011_grand-dauphin.md
7-2-012,animaux,europe,Orque,Orque,Q26843,https://thumb.wikimedia.org/wikipedia/commons/thumb/3/37/Killerwhales_jumping.jpg/1280px-Killerwhales_jumping.jpg?utm_source=fr.wikipedia.org&utm_campaign=api&utm_content=thumbnail,ok,animaux/europe/7-2-012_orque.md
7-2-013,animaux,europe,Baleine à bosse,Baleine à bosse,Q132905,https://thumb.wikimedia.org/wikipedia/commons/thumb/9/9e/Humpback_stellwagen_edit.jpg/1280px-Humpback_stellwagen_edit.jpg?utm_source=fr.wikipedia.org&utm_campaign=api&utm_content=thumbnail,ok,animaux/europe/7-2-013_baleine-a-bosse.md
7-2-014,animaux,europe,Cachalot,Physeteroidea,Q21446362,https://thumb.wikimedia.org/wikipedia/commons/thumb/c/c4/Sperm_whale_12.jpg/1280px-Sperm_whale_12.jpg?utm_source=fr.wikipedia.org&utm_campaign=api&utm_content=thumbnail,ok,animaux/europe/7-2-014_cachalot.md
7-2-015,animaux,europe,Genette commune,Genette commune,Q261574,https://thumb.wikimedia.org/wikipedia/commons/thumb/6/69/Genetta_genetta_01_by-dpc.jpg/1280px-Genetta_genetta_01_by-dpc.jpg?utm_source=fr.wikipedia.org&utm_campaign=api&utm_content=thumbnail,ok,animaux/europe/7-2-015_genette-commune.md
7-2-016,animaux,europe,Desman des Pyrénées,Desman des Pyrénées,Q754036,https://thumb.wikimedia.org/wikipedia/commons/thumb/3/31/Galemys_pyrenaicus_01_by-dpc.jpg/1280px-Galemys_pyrenaicus_01_by-dpc.jpg?utm_source=fr.wikipedia.org&utm_campaign=api&utm_content=thumbnail,ok,animaux/europe/7-2-016_desman-des-pyrenees.md
7-2-017,animaux,europe,Bouquetin ibérique,Bouquetin ibérique,Q549108,https://thumb.wikimedia.org/wikipedia/commons/thumb/9/99/Cabra_mont%C3%A9s_2.jpg/1280px-Cabra_mont%C3%A9s_2.jpg?utm_source=fr.wikipedia.org&utm_campaign=api&utm_content=thumbnail,ok,animaux/europe/7-2-017_bouquetin-iberique.md
7-2-018,animaux,europe,Vison d'Europe,Vison d'Europe,Q26559,https://thumb.wikimedia.org/wikipedia/commons/thumb/d/d5/European_Mink_at_Osnabr%C3%BCck_Zoo_02_cropped.jpg/1280px-European_Mink_at_Osnabr%C3%BCck_Zoo_02_cropped.jpg?utm_source=fr.wikipedia.org&utm_campaign=api&utm_content=thumbnail,ok,animaux/europe/7-2-018_vison-d-europe.md
7-2-019,animaux,europe,Lièvre variable,Lièvre variable,Q3257386,,no-image,animaux/europe/7-2-019_lievre-variable.md
7-2-020,animaux,europe,Putois marbré,Vormela peregusna,Q70529,https://upload.wikimedia.org/wikipedia/commons/6/69/Tigeriltis.jpg?utm_source=fr.wikipedia.org&utm_campaign=api&utm_content=thumbnail_unscaled,ok,animaux/europe/7-2-020_putois-marbre.md
7-2-021,animaux,europe,Cerf de Corse,Cerf élaphe de Corse,Q763725,https://upload.wikimedia.org/wikipedia/commons/6/6f/Cervus_elaphus_corsicanus_-_Gallica_-_ark_12148-btv1b2300253d-f13.png?utm_source=fr.wikipedia.org&utm_campaign=api&utm_content=thumbnail_unscaled,ok,animaux/europe/7-2-021_cerf-de-corse.md
7-2-022,animaux,europe,Mouflon de Corse,Mouflon corse,Q993274,https://thumb.wikimedia.org/wikipedia/commons/thumb/f/ff/Ovis_orientalis_LC0267.jpg/1280px-Ovis_orientalis_LC0267.jpg?utm_source=fr.wikipedia.org&utm_campaign=api&utm_content=thumbnail,ok,animaux/europe/7-2-022_mouflon-de-corse.md
7-2-023,animaux,europe,Cigogne blanche,Cigogne blanche,Q25352,https://upload.wikimedia.org/wikipedia/commons/c/c6/Stork_%28Palic%2C_Serbia%29.jpg?utm_source=fr.wikipedia.org&utm_campaign=api&utm_content=thumbnail_unscaled,ok,animaux/europe/7-2-023_cigogne-blanche.md
7-2-024,animaux,europe,Cigogne noire,Cigogne noire,Q25398,https://thumb.wikimedia.org/wikipedia/commons/thumb/b/ba/Ciconia_nigra_-Kruger_National_Park-8.jpg/1280px-Ciconia_nigra_-Kruger_National_Park-8.jpg?utm_source=fr.wikipedia.org&utm_campaign=api&utm_content=thumbnail,ok,animaux/europe/7-2-024_cigogne-noire.md
7-2-025,animaux,europe,Flamant rose,Flamant rose,Q179863,https://thumb.wikimedia.org/wikipedia/commons/thumb/a/ae/Flamant_Rose_Villeneuve-l%C3%A8s-Maguelone.jpg/1280px-Flamant_Rose_Villeneuve-l%C3%A8s-Maguelone.jpg?utm_source=fr.wikipedia.org&utm_campaign=api&utm_content=thumbnail,ok,animaux/europe/7-2-025_flamant-rose.md
7-2-026,animaux,europe,Pélican frisé,Pélican frisé,Q184751,https://thumb.wikimedia.org/wikipedia/commons/thumb/a/a9/Dalmatian_Pelican_Pelecanus_crispus_by_Dr._Raju_Kasambe_DSCN6899_%283%29.jpg/1280px-Dalmatian_Pelican_Pelecanus_crispus_by_Dr._Raju_Kasambe_DSCN6899_%283%29.jpg?utm_source=fr.wikipedia.org&utm_campaign=api&utm_content=thumbnail,ok,animaux/europe/7-2-026_pelican-frise.md
7-2-027,animaux,europe,Aigle impérial,Aigle impérial,Q168976,https://upload.wikimedia.org/wikipedia/commons/2/2e/Eastern_Imperial_Eagle_cr.jpg?utm_source=fr.wikipedia.org&utm_campaign=api&utm_content=thumbnail_unscaled,ok,animaux/europe/7-2-027_aigle-imperial.md
7-2-028,animaux,europe,Vautour fauve,Vautour fauve,Q177856,https://upload.wikimedia.org/wikipedia/commons/f/f3/Gyps_fulvus_-_Vautours_du_Verdon.jpg?utm_source=fr.wikipedia.org&utm_campaign=api&utm_content=thumbnail_unscaled,ok,animaux/europe/7-2-028_vautour-fauve.md
7-2-029,animaux,europe,Vautour moine,Vautour moine,Q168677,https://thumb.wikimedia.org/wikipedia/commons/thumb/6/6e/Cinereous_vulture_-_Al-_Al-Liyah_reserve_3.jpg/1280px-Cinereous_vulture_-_Al-_Al-Liyah_reserve_3.jpg?utm_source=fr.wikipedia.org&utm_campaign=api&utm_content=thumbnail,ok,animaux/europe/7-2-029_vautour-moine.md
7-2-030,animaux,europe,Vautour percnoptère,Vautour percnoptère,Q33504,https://upload.wikimedia.org/wikipedia/commons/4/47/Egyptian_vulture.jpg?utm_source=fr.wikipedia.org&utm_campaign=api&utm_content=thumbnail_unscaled,ok,animaux/europe/7-2-030_vautour-percnoptere.md
7-2-031,animaux,europe,Balbuzard pêcheur,Balbuzard pêcheur,Q25332,https://thumb.wikimedia.org/wikipedia/commons/thumb/a/a5/Osprey_port_mahon_6.9.24_DSC_1315-topaz-denoiseraw-sharpen.jpg/1280px-Osprey_port_mahon_6.9.24_DSC_1315-topaz-denoiseraw-sharpen.jpg?utm_source=fr.wikipedia.org&utm_campaign=api&utm_content=thumbnail,ok,animaux/europe/7-2-031_balbuzard-pecheur.md
7-2-032,animaux,europe,Rollier d'Europe,Rollier d'Europe,Q179367,https://upload.wikimedia.org/wikipedia/commons/b/b1/European_roller.jpg?utm_source=fr.wikipedia.org&utm_campaign=api&utm_content=thumbnail_unscaled,ok,animaux/europe/7-2-032_rollier-d-europe.md
7-2-033,animaux,europe,Guêpier d'Europe,Guêpier d'Europe,Q170718,https://thumb.wikimedia.org/wikipedia/commons/thumb/9/97/Gu%C3%A9pier_d%27Europe_Ichkeul_NP.jpg/1280px-Gu%C3%A9pier_d%27Europe_Ichkeul_NP.jpg?utm_source=fr.wikipedia.org&utm_campaign=api&utm_content=thumbnail,ok,animaux/europe/7-2-033_guepier-d-europe.md
7-2-034,animaux,europe,Huppe fasciée,Huppe fasciée,Q25247,https://upload.wikimedia.org/wikipedia/commons/d/d3/ABUBILLA_%28Upupa_epops%29.jpg?utm_source=fr.wikipedia.org&utm_campaign=api&utm_content=thumbnail_unscaled,ok,animaux/europe/7-2-034_huppe-fasciee.md
7-2-035,animaux,europe,Grue cendrée,Grue cendrée,Q4764,https://thumb.wikimedia.org/wikipedia/commons/thumb/f/fd/Common_crane_grus_grus.jpg/1280px-Common_crane_grus_grus.jpg?utm_source=fr.wikipedia.org&utm_campaign=api&utm_content=thumbnail,ok,animaux/europe/7-2-035_grue-cendree.md
7-2-036,animaux,europe,Outarde barbue,Grande Outarde,Q171655,https://upload.wikimedia.org/wikipedia/commons/9/90/Drop_f%C3%BAzat%C3%BD_%28Otis_tarda%29_%282416576086%29.jpg?utm_source=fr.wikipedia.org&utm_campaign=api&utm_content=thumbnail_unscaled,ok,animaux/europe/7-2-036_outarde-barbue.md
7-2-037,animaux,europe,Macareux moine,Macareux moine,Q26685,https://thumb.wikimedia.org/wikipedia/commons/thumb/7/77/Papageitaucher_Fratercula_arctica_02.jpg/1280px-Papageitaucher_Fratercula_arctica_02.jpg?utm_source=fr.wikipedia.org&utm_campaign=api&utm_content=thumbnail,ok,animaux/europe/7-2-037_macareux-moine.md
7-2-038,animaux,europe,Fou de Bassan,Fou de Bassan,Q26675,https://thumb.wikimedia.org/wikipedia/commons/thumb/7/76/Two_Gannets_edit_2.jpg/1280px-Two_Gannets_edit_2.jpg?utm_source=fr.wikipedia.org&utm_campaign=api&utm_content=thumbnail,ok,animaux/europe/7-2-038_fou-de-bassan.md
7-2-039,animaux,europe,Pingouin torda,Petit Pingouin,Q27102,https://upload.wikimedia.org/wikipedia/commons/0/02/Razorbill_iceland.JPG?utm_source=fr.wikipedia.org&utm_campaign=api&utm_content=thumbnail_unscaled,ok,animaux/europe/7-2-039_pingouin-torda.md
7-2-040,animaux,europe,Sterne arctique,Sterne arctique,Q26800,https://thumb.wikimedia.org/wikipedia/commons/thumb/3/34/Smallarctern.jpg/1280px-Smallarctern.jpg?utm_source=fr.wikipedia.org&utm_campaign=api&utm_content=thumbnail,ok,animaux/europe/7-2-040_sterne-arctique.md
7-2-041,animaux,europe,Avocette élégante,Avocette élégante,Q26147,https://thumb.wikimedia.org/wikipedia/commons/thumb/5/5e/Pied_Avocet%2C_Recurvirostra_avosetta_at_Marievale_Nature_Reserve%2C_Gauteng%2C_South_Africa_%2827802004182%29.jpg/1280px-Pied_Avocet%2C_Recurvirostra_avosetta_at_Marievale_Nature_Reserve%2C_Gauteng%2C_South_Africa_%2827802004182%29.jpg?utm_source=fr.wikipedia.org&utm_campaign=api&utm_content=thumbnail,ok,animaux/europe/7-2-041_avocette-elegante.md
7-2-042,animaux,europe,Harfang des neiges,Harfang des neiges,Q170177,https://thumb.wikimedia.org/wikipedia/commons/thumb/5/5a/Bubo_scandiacus_Delta_3.jpg/1280px-Bubo_scandiacus_Delta_3.jpg?utm_source=fr.wikipedia.org&utm_campaign=api&utm_content=thumbnail,ok,animaux/europe/7-2-042_harfang-des-neiges.md
7-2-043,animaux,europe,Aigle de Bonelli,Aigle de Bonelli,Q234722,https://upload.wikimedia.org/wikipedia/commons/e/e8/Bonelli%27s_Eagle.jpg?utm_source=fr.wikipedia.org&utm_campaign=api&utm_content=thumbnail_unscaled,ok,animaux/europe/7-2-043_aigle-de-bonelli.md
7-2-044,animaux,europe,Spatule blanche,Spatule blanche,Q171360,https://thumb.wikimedia.org/wikipedia/commons/thumb/4/40/Plaleu.jpg/1280px-Plaleu.jpg?utm_source=fr.wikipedia.org&utm_campaign=api&utm_content=thumbnail,ok,animaux/europe/7-2-044_spatule-blanche.md
7-2-045,animaux,europe,Butor étoilé,Butor étoilé,Q25709,https://thumb.wikimedia.org/wikipedia/commons/thumb/6/6c/Great_bittern_%28Botaurus_stellaris%29_in_flight_Vadu.jpg/1280px-Great_bittern_%28Botaurus_stellaris%29_in_flight_Vadu.jpg?utm_source=fr.wikipedia.org&utm_campaign=api&utm_content=thumbnail,ok,animaux/europe/7-2-045_butor-etoile.md
7-2-046,animaux,europe,Aigrette garzette,Aigrette garzette,Q131709,https://thumb.wikimedia.org/wikipedia/commons/thumb/6/6f/Aigrette_garzette_au_lac_sud_de_Tunis_%28site_RAMSAR%29.jpg/1280px-Aigrette_garzette_au_lac_sud_de_Tunis_%28site_RAMSAR%29.jpg?utm_source=fr.wikipedia.org&utm_campaign=api&utm_content=thumbnail,ok,animaux/europe/7-2-046_aigrette-garzette.md
7-2-047,animaux,europe,Tortue d'Hermann,Tortue d'Hermann,Q262555,https://upload.wikimedia.org/wikipedia/commons/6/6c/Testudo_hermanni_hermanni_Mallorca_02.jpg?utm_source=fr.wikipedia.org&utm_campaign=api&utm_content=thumbnail_unscaled,ok,animaux/europe/7-2-047_tortue-d-hermann.md
7-2-048,animaux,europe,Vipère ammodyte,Vipera ammodytes,Q583923,https://thumb.wikimedia.org/wikipedia/commons/thumb/8/82/Vipera_ammodytes_070901_1.jpg/1280px-Vipera_ammodytes_070901_1.jpg?utm_source=fr.wikipedia.org&utm_campaign=api&utm_content=thumbnail,ok,animaux/europe/7-2-048_vipere-ammodyte.md
7-2-049,animaux,europe,Couleuvre vipérine,Natrix maura,Q1541871,https://thumb.wikimedia.org/wikipedia/commons/thumb/3/3f/Natrix_maura_%28cropped%29.jpg/1280px-Natrix_maura_%28cropped%29.jpg?utm_source=fr.wikipedia.org&utm_campaign=api&utm_content=thumbnail,ok,animaux/europe/7-2-049_couleuvre-viperine.md
7-2-050,animaux,europe,Lézard ocellé,Lézard ocellé,Q843236,https://upload.wikimedia.org/wikipedia/commons/2/2f/Timon_lepidus_b.JPG?utm_source=fr.wikipedia.org&utm_campaign=api&utm_content=thumbnail_unscaled,ok,animaux/europe/7-2-050_lezard-ocelle.md
7-2-051,animaux,europe,Tarente de Maurétanie,Tarente de Maurétanie,Q901720,https://thumb.wikimedia.org/wikipedia/commons/thumb/7/77/Tarentola_mauritanica_%28wallgecko%29%2C_Cala_de_Mijas%2C_Spain.jpg/1280px-Tarentola_mauritanica_%28wallgecko%29%2C_Cala_de_Mijas%2C_Spain.jpg?utm_source=fr.wikipedia.org&utm_campaign=api&utm_content=thumbnail,ok,animaux/europe/7-2-051_tarente-de-mauretanie.md
7-2-052,animaux,europe,Pélobate cultripède,Pélobate cultripède,Q1084912,https://upload.wikimedia.org/wikipedia/commons/e/e7/Pelobates_cultripes_JLH_ad.jpg?utm_source=fr.wikipedia.org&utm_campaign=api&utm_content=thumbnail_unscaled,ok,animaux/europe/7-2-052_pelobate-cultripede.md
7-2-053,animaux,europe,Pélodyte ponctué,Pelodytes punctatus,Q523730,https://upload.wikimedia.org/wikipedia/commons/8/8c/Pelodytes_punctatus_side.jpg?utm_source=fr.wikipedia.org&utm_campaign=api&utm_content=thumbnail_unscaled,ok,animaux/europe/7-2-053_pelodyte-ponctue.md
7-2-054,animaux,europe,Triton crêté,Triton crêté,Q138539,https://thumb.wikimedia.org/wikipedia/commons/thumb/e/e0/Kammmolchmaennchen.jpg/1280px-Kammmolchmaennchen.jpg?utm_source=fr.wikipedia.org&utm_campaign=api&utm_content=thumbnail,ok,animaux/europe/7-2-054_triton-crete.md
7-2-055,animaux,europe,Protée anguillard,Protée anguillard,Q15856,https://upload.wikimedia.org/wikipedia/commons/f/f0/Proteus_anguinus_Postojnska_Jama_Slovenija.jpg?utm_source=fr.wikipedia.org&utm_campaign=api&utm_content=thumbnail_unscaled,ok,animaux/europe/7-2-055_protee-anguillard.md
7-2-056,animaux,europe,Crapaud calamite,Crapaud calamite,Q622886,https://upload.wikimedia.org/wikipedia/commons/d/d7/Bufo_calamita_%28Marek_Szczepanek%29.jpg?utm_source=fr.wikipedia.org&utm_campaign=api&utm_content=thumbnail_unscaled,ok,animaux/europe/7-2-056_crapaud-calamite.md
7-2-057,animaux,europe,Thon rouge,Thon rouge,Q2975916,https://thumb.wikimedia.org/wikipedia/commons/thumb/3/3d/Trancio_tonno.jpg/1280px-Trancio_tonno.jpg?utm_source=fr.wikipedia.org&utm_campaign=api&utm_content=thumbnail,ok,animaux/europe/7-2-057_thon-rouge.md
7-2-058,animaux,europe,Sardine,Sardine,Q208600,https://upload.wikimedia.org/wikipedia/commons/6/6a/Sardina_pilchardus_2011.jpg?utm_source=fr.wikipedia.org&utm_campaign=api&utm_content=thumbnail_unscaled,ok,animaux/europe/7-2-058_sardine.md
7-2-059,animaux,europe,Anchois,Engraulidae,Q192662,https://upload.wikimedia.org/wikipedia/commons/1/17/Acciughe_2.jpg?utm_source=fr.wikipedia.org&utm_campaign=api&utm_content=thumbnail_unscaled,ok,animaux/europe/7-2-059_anchois.md
7-2-060,animaux,europe,Maquereau,Maquereau,Q8064278,https://thumb.wikimedia.org/wikipedia/commons/thumb/c/c3/Scomber_scombrus.jpg/1280px-Scomber_scombrus.jpg?utm_source=fr.wikipedia.org&utm_campaign=api&utm_content=thumbnail,ok,animaux/europe/7-2-060_maquereau.md
7-2-061,animaux,europe,Cabillaud,Morue,Q13194939,https://thumb.wikimedia.org/wikipedia/commons/thumb/3/3c/Morue.jpg/1280px-Morue.jpg?utm_source=fr.wikipedia.org&utm_campaign=api&utm_content=thumbnail,ok,animaux/europe/7-2-061_cabillaud.md
7-2-062,animaux,europe,Hareng,Hareng,Q2396858,https://upload.wikimedia.org/wikipedia/commons/4/4d/Heringsschwarm.gif?utm_source=fr.wikipedia.org&utm_campaign=api&utm_content=thumbnail_unscaled,ok,animaux/europe/7-2-062_hareng.md
7-2-063,animaux,europe,Sole,Sole,Q11688697,https://thumb.wikimedia.org/wikipedia/commons/thumb/1/1d/Seezunge2007.jpg/1280px-Seezunge2007.jpg?utm_source=fr.wikipedia.org&utm_campaign=api&utm_content=thumbnail,ok,animaux/europe/7-2-063_sole.md
7-2-064,animaux,europe,Bar,Bar,Q183503,,no-image,animaux/europe/7-2-064_bar.md
7-2-065,animaux,europe,Dorade royale,Dorade royale,Q237046,https://thumb.wikimedia.org/wikipedia/commons/thumb/1/16/Goudbrasem002.jpg/1280px-Goudbrasem002.jpg?utm_source=fr.wikipedia.org&utm_campaign=api&utm_content=thumbnail,ok,animaux/europe/7-2-065_dorade-royale.md
7-2-066,animaux,europe,Homard européen,Homard européen,Q27690,https://thumb.wikimedia.org/wikipedia/commons/thumb/0/0b/KreeftbijDenOsse.jpg/1280px-KreeftbijDenOsse.jpg?utm_source=fr.wikipedia.org&utm_campaign=api&utm_content=thumbnail,ok,animaux/europe/7-2-066_homard-europeen.md
7-2-067,animaux,europe,Poulpe commun,Pieuvre commune,Q651361,https://thumb.wikimedia.org/wikipedia/commons/thumb/9/9f/Octopus_vulgaris_2.jpg/1280px-Octopus_vulgaris_2.jpg?utm_source=fr.wikipedia.org&utm_campaign=api&utm_content=thumbnail,ok,animaux/europe/7-2-067_poulpe-commun.md
7-2-068,animaux,europe,Seiche,Seiche,Q1214554,,no-image,animaux/europe/7-2-068_seiche.md
7-2-069,animaux,europe,Méduse commune,Aurelia aurita,Q26864,https://upload.wikimedia.org/wikipedia/commons/7/75/Moon_jelly_-_adult_%28rev2%29.jpg?utm_source=fr.wikipedia.org&utm_campaign=api&utm_content=thumbnail_unscaled,ok,animaux/europe/7-2-069_meduse-commune.md
7-2-070,animaux,europe,Oursin comestible,Oursin comestible,Q18414948,https://thumb.wikimedia.org/wikipedia/commons/thumb/0/0e/Paracentrotus_lividus_profil.JPG/1280px-Paracentrotus_lividus_profil.JPG?utm_source=fr.wikipedia.org&utm_campaign=api&utm_content=thumbnail,ok,animaux/europe/7-2-070_oursin-comestible.md
7-2-071,animaux,europe,Vache normande,Normande,Q223232,https://thumb.wikimedia.org/wikipedia/commons/thumb/5/58/Vachesnormandes.jpg/1280px-Vachesnormandes.jpg?utm_source=fr.wikipedia.org&utm_campaign=api&utm_content=thumbnail,ok,animaux/europe/7-2-071_vache-normande.md
7-2-072,animaux,europe,Vache montbéliarde,Montbéliarde,Q1465038,https://thumb.wikimedia.org/wikipedia/commons/thumb/a/aa/Montbeliarde.jpg/1280px-Montbeliarde.jpg?utm_source=fr.wikipedia.org&utm_campaign=api&utm_content=thumbnail,ok,animaux/europe/7-2-072_vache-montbeliarde.md
7-2-073,animaux,europe,Mouton Mérinos,Mérinos,Q651765,https://upload.wikimedia.org/wikipedia/commons/3/3f/Champion_Merino_ram_%281905%29.jpg?utm_source=fr.wikipedia.org&utm_campaign=api&utm_content=thumbnail_unscaled,ok,animaux/europe/7-2-073_mouton-merinos.md
7-2-074,animaux,europe,Berger allemand,Berger allemand,Q38280,https://thumb.wikimedia.org/wikipedia/commons/thumb/4/4f/Berger_allemand_en_montagne.jpg/1280px-Berger_allemand_en_montagne.jpg?utm_source=fr.wikipedia.org&utm_campaign=api&utm_content=thumbnail,ok,animaux/europe/7-2-074_berger-allemand.md
7-2-075,animaux,europe,Border collie,Border collie,Q37710,https://thumb.wikimedia.org/wikipedia/commons/thumb/c/c3/Border_collie_taking_break_at_park.jpg/1280px-Border_collie_taking_break_at_park.jpg?utm_source=fr.wikipedia.org&utm_campaign=api&utm_content=thumbnail,ok,animaux/europe/7-2-075_border-collie.md
7-2-076,animaux,europe,Pur-sang anglais,Pur-sang,Q210826,https://thumb.wikimedia.org/wikipedia/commons/thumb/7/7b/Horseracing_Churchill_Downs.jpg/1280px-Horseracing_Churchill_Downs.jpg?utm_source=fr.wikipedia.org&utm_campaign=api&utm_content=thumbnail,ok,animaux/europe/7-2-076_pur-sang-anglais.md
7-2-077,animaux,europe,Cheval Camargue,Camargue (cheval),Q846312,https://thumb.wikimedia.org/wikipedia/commons/thumb/1/10/BH5U1074_chevaux_de_Camargue_dans_les_marais_pr%C3%A8s_des_Saintes_Maries_de_la_Mer.jpg/1280px-BH5U1074_chevaux_de_Camargue_dans_les_marais_pr%C3%A8s_des_Saintes_Maries_de_la_Mer.jpg?utm_source=fr.wikipedia.org&utm_campaign=api&utm_content=thumbnail,ok,animaux/europe/7-2-077_cheval-camargue.md
7-2-078,animaux,europe,Poule Leghorn,Leghorn,Q636806,https://thumb.wikimedia.org/wikipedia/commons/thumb/b/b9/Poule_leghorn_argent%C3%A9e.jpg/1280px-Poule_leghorn_argent%C3%A9e.jpg?utm_source=fr.wikipedia.org&utm_campaign=api&utm_content=thumbnail,ok,animaux/europe/7-2-078_poule-leghorn.md
7-3-001,animaux,monde,Éléphant d'Afrique,Éléphant d'Afrique,Q185038,https://upload.wikimedia.org/wikipedia/commons/e/ec/African_elephant.jpg?utm_source=fr.wikipedia.org&utm_campaign=api&utm_content=thumbnail_unscaled,ok,animaux/monde/7-3-001_elephant-d-afrique.md
7-3-002,animaux,monde,Éléphant d'Asie,Éléphant d'Asie,Q133006,https://upload.wikimedia.org/wikipedia/commons/4/4c/Asian_elephant_-_melbourne_zoo.jpg?utm_source=fr.wikipedia.org&utm_campaign=api&utm_content=thumbnail_unscaled,ok,animaux/monde/7-3-002_elephant-d-asie.md
7-3-003,animaux,monde,Lion,Lion,Q140,https://thumb.wikimedia.org/wikipedia/commons/thumb/6/6f/011_The_lion_king_Tryggve_in_the_Serengeti_National_Park_Photo_by_Giles_Laurent.jpg/1280px-011_The_lion_king_Tryggve_in_the_Serengeti_National_Park_Photo_by_Giles_Laurent.jpg?utm_source=fr.wikipedia.org&utm_campaign=api&utm_content=thumbnail,ok,animaux/monde/7-3-003_lion.md
7-3-004,animaux,monde,Tigre,Tigre,Q19939,https://thumb.wikimedia.org/wikipedia/commons/thumb/7/71/Sibirischer_tiger_de_edit02.jpg/1280px-Sibirischer_tiger_de_edit02.jpg?utm_source=fr.wikipedia.org&utm_campaign=api&utm_content=thumbnail,ok,animaux/monde/7-3-004_tigre.md
7-3-005,animaux,monde,Léopard,Léopard,Q34706,https://thumb.wikimedia.org/wikipedia/commons/thumb/a/a1/Namibie_Etosha_Leopard_01edit.jpg/1280px-Namibie_Etosha_Leopard_01edit.jpg?utm_source=fr.wikipedia.org&utm_campaign=api&utm_content=thumbnail,ok,animaux/monde/7-3-005_leopard.md
7-3-006,animaux,monde,Guépard,Guépard,Q23907,https://upload.wikimedia.org/wikipedia/commons/0/09/TheCheethcat.jpg?utm_source=fr.wikipedia.org&utm_campaign=api&utm_content=thumbnail_unscaled,ok,animaux/monde/7-3-006_guepard.md
7-3-007,animaux,monde,Girafe,Girafe,Q862089,https://thumb.wikimedia.org/wikipedia/commons/thumb/e/e0/Giraffa_camelopardalis_angolensis.jpg/1280px-Giraffa_camelopardalis_angolensis.jpg?utm_source=fr.wikipedia.org&utm_campaign=api&utm_content=thumbnail,ok,animaux/monde/7-3-007_girafe.md
7-3-008,animaux,monde,Zèbre,Zèbre,Q32789,https://upload.wikimedia.org/wikipedia/commons/9/96/Plains_Zebra_Equus_quagga_cropped.jpg?utm_source=fr.wikipedia.org&utm_campaign=api&utm_content=thumbnail_unscaled,ok,animaux/monde/7-3-008_zebre.md
7-3-009,animaux,monde,Rhinocéros blanc,Rhinocéros blanc,Q159918,https://thumb.wikimedia.org/wikipedia/commons/thumb/3/38/Rhinoc%C3%A9ros_blanc_JHE.jpg/1280px-Rhinoc%C3%A9ros_blanc_JHE.jpg?utm_source=fr.wikipedia.org&utm_campaign=api&utm_content=thumbnail,ok,animaux/monde/7-3-009_rhinoceros-blanc.md
7-3-010,animaux,monde,Hippopotame,Hippopotamidae,Q213336,https://thumb.wikimedia.org/wikipedia/commons/thumb/a/a3/Hippo_pod_edit.jpg/1280px-Hippo_pod_edit.jpg?utm_source=fr.wikipedia.org&utm_campaign=api&utm_content=thumbnail,ok,animaux/monde/7-3-010_hippopotame.md
7-3-011,animaux,monde,Gorille,Gorille,Q36611,https://thumb.wikimedia.org/wikipedia/commons/thumb/6/6e/Gorilla_gorilla_gorilla8.jpg/1280px-Gorilla_gorilla_gorilla8.jpg?utm_source=fr.wikipedia.org&utm_campaign=api&utm_content=thumbnail,ok,animaux/monde/7-3-011_gorille.md
7-3-012,animaux,monde,Chimpanzé,Chimpanzé,Q80174,https://thumb.wikimedia.org/wikipedia/commons/thumb/f/ff/Composite_image_of_male_chimpanzee_%28left%29_and_male_bonobo_%28right%29_%28CC_BY_version%29.png/1280px-Composite_image_of_male_chimpanzee_%28left%29_and_male_bonobo_%28right%29_%28CC_BY_version%29.png?utm_source=fr.wikipedia.org&utm_campaign=api&utm_content=thumbnail,ok,animaux/monde/7-3-012_chimpanze.md
7-3-013,animaux,monde,Orang-outan,Orang-outan,Q41050,https://thumb.wikimedia.org/wikipedia/commons/thumb/b/be/Orang_Utan%2C_Semenggok_Forest_Reserve%2C_Sarawak%2C_Borneo%2C_Malaysia.JPG/1280px-Orang_Utan%2C_Semenggok_Forest_Reserve%2C_Sarawak%2C_Borneo%2C_Malaysia.JPG?utm_source=fr.wikipedia.org&utm_campaign=api&utm_content=thumbnail,ok,animaux/monde/7-3-013_orang-outan.md
7-3-014,animaux,monde,Panda géant,Panda géant,Q33602,https://upload.wikimedia.org/wikipedia/commons/5/56/Panda_at_the_Chengdu_Research_Base_of_Giant_Panda_Breeding%2C_Chengdu%2C_China_-_panoramio.jpg?utm_source=fr.wikipedia.org&utm_campaign=api&utm_content=thumbnail_unscaled,ok,animaux/monde/7-3-014_panda-geant.md
7-3-015,animaux,monde,Koala,Koala,Q36101,https://upload.wikimedia.org/wikipedia/commons/4/49/Koala_climbing_tree.jpg?utm_source=fr.wikipedia.org&utm_campaign=api&utm_content=thumbnail_unscaled,ok,animaux/monde/7-3-015_koala.md
7-3-016,animaux,monde,Kangourou roux,Kangourou roux,Q53462,https://thumb.wikimedia.org/wikipedia/commons/thumb/f/f1/Red_kangaroo_-_melbourne_zoo.jpg/1280px-Red_kangaroo_-_melbourne_zoo.jpg?utm_source=fr.wikipedia.org&utm_campaign=api&utm_content=thumbnail,ok,animaux/monde/7-3-016_kangourou-roux.md
7-3-017,animaux,monde,Paresseux,Paresseux,Q2274076,https://thumb.wikimedia.org/wikipedia/commons/thumb/1/18/Bradypus.jpg/1280px-Bradypus.jpg?utm_source=fr.wikipedia.org&utm_campaign=api&utm_content=thumbnail,ok,animaux/monde/7-3-017_paresseux.md
7-3-018,animaux,monde,Tatou,Tatou,Q104840543,https://thumb.wikimedia.org/wikipedia/commons/thumb/3/32/Cingulata2.jpg/1280px-Cingulata2.jpg?utm_source=fr.wikipedia.org&utm_campaign=api&utm_content=thumbnail,ok,animaux/monde/7-3-018_tatou.md
7-3-019,animaux,monde,Lama,Lama,Q3205925,,no-image,animaux/monde/7-3-019_lama.md
7-3-020,animaux,monde,Ours à lunettes,Ours à lunettes,Q137641,https://thumb.wikimedia.org/wikipedia/commons/thumb/2/24/2018-03-25_AT_Wien_13_Hietzing%2C_Tiergarten_Sch%C3%B6nbrunn%2C_Tremarctos_ornatus_%2845216502965%29.jpg/1280px-2018-03-25_AT_Wien_13_Hietzing%2C_Tiergarten_Sch%C3%B6nbrunn%2C_Tremarctos_ornatus_%2845216502965%29.jpg?utm_source=fr.wikipedia.org&utm_campaign=api&utm_content=thumbnail,ok,animaux/monde/7-3-020_ours-a-lunettes.md
7-3-021,animaux,monde,Autruche,Autruche,Q2576337,https://thumb.wikimedia.org/wikipedia/commons/thumb/c/c9/Struthio_Diversity.jpg/1280px-Struthio_Diversity.jpg?utm_source=fr.wikipedia.org&utm_campaign=api&utm_content=thumbnail,ok,animaux/monde/7-3-021_autruche.md
7-3-022,animaux,monde,Manchot empereur,Manchot empereur,Q161829,https://upload.wikimedia.org/wikipedia/commons/0/07/Emperor_Penguin_Manchot_empereur.jpg?utm_source=fr.wikipedia.org&utm_campaign=api&utm_content=thumbnail_unscaled,ok,animaux/monde/7-3-022_manchot-empereur.md
7-3-023,animaux,monde,Ara,Ara,Q4068349,,no-image,animaux/monde/7-3-023_ara.md
7-3-024,animaux,monde,Toucan,Toucan,Q65169640,https://thumb.wikimedia.org/wikipedia/commons/thumb/4/47/Toucan_%28PSF%29.png/1280px-Toucan_%28PSF%29.png?utm_source=fr.wikipedia.org&utm_campaign=api&utm_content=thumbnail,ok,animaux/monde/7-3-024_toucan.md
7-3-025,animaux,monde,Colibri,Colibri,Q2982547,https://thumb.wikimedia.org/wikipedia/commons/thumb/2/22/Hummingbird_%28PSF%29.png/1280px-Hummingbird_%28PSF%29.png?utm_source=fr.wikipedia.org&utm_campaign=api&utm_content=thumbnail,ok,animaux/monde/7-3-025_colibri.md
7-3-026,animaux,monde,Paon bleu,Paon bleu,Q61865,https://thumb.wikimedia.org/wikipedia/commons/thumb/f/fb/023_Indian_peafowl_in_Jim_Corbett_National_Park_Photo_by_Giles_Laurent.jpg/1280px-023_Indian_peafowl_in_Jim_Corbett_National_Park_Photo_by_Giles_Laurent.jpg?utm_source=fr.wikipedia.org&utm_campaign=api&utm_content=thumbnail,ok,animaux/monde/7-3-026_paon-bleu.md
7-3-027,animaux,monde,Condor des Andes,Condor des Andes,Q170598,https://thumb.wikimedia.org/wikipedia/commons/thumb/8/81/Vultur_gryphus_-Dou%C3%A9-la-Fontaine_Zoo%2C_France-8a.jpg/1280px-Vultur_gryphus_-Dou%C3%A9-la-Fontaine_Zoo%2C_France-8a.jpg?utm_source=fr.wikipedia.org&utm_campaign=api&utm_content=thumbnail,ok,animaux/monde/7-3-027_condor-des-andes.md
7-3-028,animaux,monde,Aigle harpie,Harpie (oiseau),Q3127710,,no-image,animaux/monde/7-3-028_aigle-harpie.md
7-3-029,animaux,monde,Calao,Bucerotidae,Q26773,https://thumb.wikimedia.org/wikipedia/commons/thumb/4/4b/Aceros_cassidix_%28Knobbed_Hornbill_-_Helmhornvogel%29_-_Weltvogelpark_Walsrode_2011-07.jpg/1280px-Aceros_cassidix_%28Knobbed_Hornbill_-_Helmhornvogel%29_-_Weltvogelpark_Walsrode_2011-07.jpg?utm_source=fr.wikipedia.org&utm_campaign=api&utm_content=thumbnail,ok,animaux/monde/7-3-029_calao.md
7-3-030,animaux,monde,Messager serpentaire,Messager sagittaire,Q168748,https://thumb.wikimedia.org/wikipedia/commons/thumb/6/64/Secretary-Bird.jpg/1280px-Secretary-Bird.jpg?utm_source=fr.wikipedia.org&utm_campaign=api&utm_content=thumbnail,ok,animaux/monde/7-3-030_messager-serpentaire.md
7-3-031,animaux,monde,Kiwi,Kiwi,Q13194,https://thumb.wikimedia.org/wikipedia/commons/thumb/b/b8/Kiwi_%28Actinidia_chinensis%29_1_Luc_Viatour.jpg/1280px-Kiwi_%28Actinidia_chinensis%29_1_Luc_Viatour.jpg?utm_source=fr.wikipedia.org&utm_campaign=api&utm_content=thumbnail,ok,animaux/monde/7-3-031_kiwi.md
7-3-032,animaux,monde,Cacatoès,Cacatoès,Q2932478,https://thumb.wikimedia.org/wikipedia/commons/thumb/7/74/Palm_Cockatoo_%2824506682294%29.jpg/1280px-Palm_Cockatoo_%2824506682294%29.jpg?utm_source=fr.wikipedia.org&utm_campaign=api&utm_content=thumbnail,ok,animaux/monde/7-3-032_cacatoes.md
7-3-033,animaux,monde,Kookaburra,Kookaburra,Q965573,,no-image,animaux/monde/7-3-033_kookaburra.md
7-3-034,animaux,monde,Ibis rouge,Ibis rouge,Q467996,https://thumb.wikimedia.org/wikipedia/commons/thumb/4/44/2016_Roter_Ibis.JPG/1280px-2016_Roter_Ibis.JPG?utm_source=fr.wikipedia.org&utm_campaign=api&utm_content=thumbnail,ok,animaux/monde/7-3-034_ibis-rouge.md
7-3-035,animaux,monde,Touraco,Musophagidae,Q213827,https://upload.wikimedia.org/wikipedia/commons/b/b3/Red_crested_turaco.jpg?utm_source=fr.wikipedia.org&utm_campaign=api&utm_content=thumbnail_unscaled,ok,animaux/monde/7-3-035_touraco.md
7-3-036,animaux,monde,Jabiru,Jabiru,Q56315406,https://thumb.wikimedia.org/wikipedia/commons/thumb/b/b5/Jabiru_Perth_Zoo_Sept_2005.jpg/1280px-Jabiru_Perth_Zoo_Sept_2005.jpg?utm_source=fr.wikipedia.org&utm_campaign=api&utm_content=thumbnail,ok,animaux/monde/7-3-036_jabiru.md
7-3-037,animaux,monde,Marabout,Marabout,Q3287336,,no-image,animaux/monde/7-3-037_marabout.md
7-3-038,animaux,monde,Oiseau-lyre,Menura,Q214096,https://thumb.wikimedia.org/wikipedia/commons/thumb/a/a1/Superb_lyrbird_in_scrub_edit2.jpg/1280px-Superb_lyrbird_in_scrub_edit2.jpg?utm_source=fr.wikipedia.org&utm_campaign=api&utm_content=thumbnail,ok,animaux/monde/7-3-038_oiseau-lyre.md
7-3-039,animaux,monde,Quetzal,Quetzal,Q5885047,https://thumb.wikimedia.org/wikipedia/commons/thumb/8/8e/057_Male_Resplendent_quetzal_in_Los_Quetzales_National_Park_Photo_by_Giles_Laurent.jpg/1280px-057_Male_Resplendent_quetzal_in_Los_Quetzales_National_Park_Photo_by_Giles_Laurent.jpg?utm_source=fr.wikipedia.org&utm_campaign=api&utm_content=thumbnail,ok,animaux/monde/7-3-039_quetzal.md
7-3-040,animaux,monde,Crocodile du Nil,Crocodile du Nil,Q168745,https://thumb.wikimedia.org/wikipedia/commons/thumb/8/81/NileCrocodile.jpg/1280px-NileCrocodile.jpg?utm_source=fr.wikipedia.org&utm_campaign=api&utm_content=thumbnail,ok,animaux/monde/7-3-040_crocodile-du-nil.md
7-3-041,animaux,monde,Alligator d'Amérique,Alligator d'Amérique,Q193327,https://thumb.wikimedia.org/wikipedia/commons/thumb/0/03/American_Alligator.jpg/1280px-American_Alligator.jpg?utm_source=fr.wikipedia.org&utm_campaign=api&utm_content=thumbnail,ok,animaux/monde/7-3-041_alligator-d-amerique.md
7-3-042,animaux,monde,Dragon de Komodo,Dragon de Komodo,Q4504,https://thumb.wikimedia.org/wikipedia/commons/thumb/5/50/Varanus_komodoensis1.jpg/1280px-Varanus_komodoensis1.jpg?utm_source=fr.wikipedia.org&utm_campaign=api&utm_content=thumbnail,ok,animaux/monde/7-3-042_dragon-de-komodo.md
7-3-043,animaux,monde,Python réticulé,Python réticulé,Q216136,https://thumb.wikimedia.org/wikipedia/commons/thumb/b/b4/Python_reticulatus_%D1%81%D0%B5%D1%82%D1%87%D0%B0%D1%82%D1%8B%D0%B9_%D0%BF%D0%B8%D1%82%D0%BE%D0%BD-2.jpg/1280px-Python_reticulatus_%D1%81%D0%B5%D1%82%D1%87%D0%B0%D1%82%D1%8B%D0%B9_%D0%BF%D0%B8%D1%82%D0%BE%D0%BD-2.jpg?utm_source=fr.wikipedia.org&utm_campaign=api&utm_content=thumbnail,ok,animaux/monde/7-3-043_python-reticule.md
7-3-044,animaux,monde,Anaconda vert,Eunectes murinus,Q207347,https://upload.wikimedia.org/wikipedia/commons/4/4f/Eunectes_murinus.jpg?utm_source=fr.wikipedia.org&utm_campaign=api&utm_content=thumbnail_unscaled,ok,animaux/monde/7-3-044_anaconda-vert.md
7-3-045,animaux,monde,Cobra royal,Cobra royal,Q48186,https://upload.wikimedia.org/wikipedia/commons/4/4d/12_-_The_Mystical_King_Cobra_and_Coffee_Forests.jpg?utm_source=fr.wikipedia.org&utm_campaign=api&utm_content=thumbnail_unscaled,ok,animaux/monde/7-3-045_cobra-royal.md
7-3-046,animaux,monde,Iguane vert,Iguana iguana,Q215376,https://thumb.wikimedia.org/wikipedia/commons/thumb/4/4e/Iguanidae_head_from_Venezuela.jpg/1280px-Iguanidae_head_from_Venezuela.jpg?utm_source=fr.wikipedia.org&utm_campaign=api&utm_content=thumbnail,ok,animaux/monde/7-3-046_iguane-vert.md
7-3-047,animaux,monde,Caméléon panthère,Furcifer pardalis,Q838578,https://upload.wikimedia.org/wikipedia/commons/4/49/Chamaeleon1a.jpg?utm_source=fr.wikipedia.org&utm_campaign=api&utm_content=thumbnail_unscaled,ok,animaux/monde/7-3-047_cameleon-panthere.md
7-3-048,animaux,monde,Tortue géante des Galápagos,Tortue géante des Galápagos,Q20014035,https://thumb.wikimedia.org/wikipedia/commons/thumb/8/8f/Tortue_g%C3%A9ante.jpg/1280px-Tortue_g%C3%A9ante.jpg?utm_source=fr.wikipedia.org&utm_campaign=api&utm_content=thumbnail,ok,animaux/monde/7-3-048_tortue-geante-des-galapagos.md
7-3-049,animaux,monde,Crocodile marin,Crocodile marin,Q182599,https://thumb.wikimedia.org/wikipedia/commons/thumb/4/43/SaltwaterCrocodile%28%27Maximo%27%29.jpg/1280px-SaltwaterCrocodile%28%27Maximo%27%29.jpg?utm_source=fr.wikipedia.org&utm_campaign=api&utm_content=thumbnail,ok,animaux/monde/7-3-049_crocodile-marin.md
7-3-050,animaux,monde,Requin blanc,Grand requin blanc,Q129026,https://thumb.wikimedia.org/wikipedia/commons/thumb/7/79/Great_White_Shark_%2814730796397%29.jpg/1280px-Great_White_Shark_%2814730796397%29.jpg?utm_source=fr.wikipedia.org&utm_campaign=api&utm_content=thumbnail,ok,animaux/monde/7-3-050_requin-blanc.md
7-3-051,animaux,monde,Requin-baleine,Requin-baleine,Q80378,https://thumb.wikimedia.org/wikipedia/commons/thumb/f/f1/Whale_shark_Georgia_aquarium.jpg/1280px-Whale_shark_Georgia_aquarium.jpg?utm_source=fr.wikipedia.org&utm_campaign=api&utm_content=thumbnail,ok,animaux/monde/7-3-051_requin-baleine.md
7-3-052,animaux,monde,Baleine bleue,Baleine bleue,Q42196,https://thumb.wikimedia.org/wikipedia/commons/thumb/1/1c/Anim1754_-_Flickr_-_NOAA_Photo_Library.jpg/1280px-Anim1754_-_Flickr_-_NOAA_Photo_Library.jpg?utm_source=fr.wikipedia.org&utm_campaign=api&utm_content=thumbnail,ok,animaux/monde/7-3-052_baleine-bleue.md
7-3-053,animaux,monde,Narval,Narval,Q159426,https://thumb.wikimedia.org/wikipedia/commons/thumb/4/4e/Pod_Monodon_monoceros.jpg/1280px-Pod_Monodon_monoceros.jpg?utm_source=fr.wikipedia.org&utm_campaign=api&utm_content=thumbnail,ok,animaux/monde/7-3-053_narval.md
7-3-054,animaux,monde,Beluga,Beluga,Q239936,,no-image,animaux/monde/7-3-054_beluga.md
7-3-055,animaux,monde,Tortue luth,Tortue luth,Q120043,https://thumb.wikimedia.org/wikipedia/commons/thumb/f/fc/Leatherback_sea_turtle_Tinglar%2C_USVI_%285839996547%29.jpg/1280px-Leatherback_sea_turtle_Tinglar%2C_USVI_%285839996547%29.jpg?utm_source=fr.wikipedia.org&utm_campaign=api&utm_content=thumbnail,ok,animaux/monde/7-3-055_tortue-luth.md
7-3-056,animaux,monde,Poisson-clown,Poisson-clown,Q472616,https://thumb.wikimedia.org/wikipedia/commons/thumb/9/9e/Anemone_purple_anemonefish.jpg/1280px-Anemone_purple_anemonefish.jpg?utm_source=fr.wikipedia.org&utm_campaign=api&utm_content=thumbnail,ok,animaux/monde/7-3-056_poisson-clown.md
7-3-057,animaux,monde,Poisson-chirurgien,Acanthuridae,Q465563,https://upload.wikimedia.org/wikipedia/commons/9/9b/Acanthurus_achilles1.jpg?utm_source=fr.wikipedia.org&utm_campaign=api&utm_content=thumbnail_unscaled,ok,animaux/monde/7-3-057_poisson-chirurgien.md
7-3-058,animaux,monde,Raie manta,Manta (genre),Q1536199,https://upload.wikimedia.org/wikipedia/commons/1/1b/Giant_pacific_manta.jpg?utm_source=fr.wikipedia.org&utm_campaign=api&utm_content=thumbnail_unscaled,ok,animaux/monde/7-3-058_raie-manta.md
7-3-059,animaux,monde,Hippocampe,Hippocampe,Q343705,,no-image,animaux/monde/7-3-059_hippocampe.md
7-3-060,animaux,monde,Requin-marteau,Sphyrnidae,Q208490,https://upload.wikimedia.org/wikipedia/commons/5/53/Sphyrnalewini.jpg?utm_source=fr.wikipedia.org&utm_campaign=api&utm_content=thumbnail_unscaled,ok,animaux/monde/7-3-060_requin-marteau.md
7-3-061,animaux,monde,Espadon,Espadon,Q164327,https://upload.wikimedia.org/wikipedia/commons/1/19/Swordfish_natural_environment.jpg?utm_source=fr.wikipedia.org&utm_campaign=api&utm_content=thumbnail_unscaled,ok,animaux/monde/7-3-061_espadon.md
7-3-062,animaux,monde,Poisson-lune,Poisson lune,Q3393863,,no-image,animaux/monde/7-3-062_poisson-lune.md
7-3-063,animaux,monde,Anguille électrique,Anguille électrique,Q201235,https://thumb.wikimedia.org/wikipedia/commons/thumb/a/aa/Electrophorus_electricus_3.jpg/1280px-Electrophorus_electricus_3.jpg?utm_source=fr.wikipedia.org&utm_campaign=api&utm_content=thumbnail,ok,animaux/monde/7-3-063_anguille-electrique.md
7-3-064,animaux,monde,Piranha,Piranha,Q185215,https://thumb.wikimedia.org/wikipedia/commons/thumb/1/10/Piranha_Luc_Viatour.jpg/1280px-Piranha_Luc_Viatour.jpg?utm_source=fr.wikipedia.org&utm_campaign=api&utm_content=thumbnail,ok,animaux/monde/7-3-064_piranha.md
7-3-065,animaux,monde,Scorpion empereur,Pandinus imperator,Q1142349,https://upload.wikimedia.org/wikipedia/commons/e/e5/Pandinus-imperator-6609.jpg?utm_source=fr.wikipedia.org&utm_campaign=api&utm_content=thumbnail_unscaled,ok,animaux/monde/7-3-065_scorpion-empereur.md
7-3-066,animaux,monde,Mygale,Mygalomorphae,Q12081,https://thumb.wikimedia.org/wikipedia/commons/thumb/3/31/Lasiodora_parahybana_2009_G03.jpg/1280px-Lasiodora_parahybana_2009_G03.jpg?utm_source=fr.wikipedia.org&utm_campaign=api&utm_content=thumbnail,ok,animaux/monde/7-3-066_mygale.md
7-3-067,animaux,monde,Papillon monarque,Monarque (papillon),Q212398,https://thumb.wikimedia.org/wikipedia/commons/thumb/e/e4/Danaus_plexippus_MHNT.jpg/1280px-Danaus_plexippus_MHNT.jpg?utm_source=fr.wikipedia.org&utm_campaign=api&utm_content=thumbnail,ok,animaux/monde/7-3-067_papillon-monarque.md
7-3-068,animaux,monde,Termite,Termite,Q546583,https://thumb.wikimedia.org/wikipedia/commons/thumb/d/d3/Coptotermes_formosanus_shiraki_USGov_k8204-7.jpg/1280px-Coptotermes_formosanus_shiraki_USGov_k8204-7.jpg?utm_source=fr.wikipedia.org&utm_campaign=api&utm_content=thumbnail,ok,animaux/monde/7-3-068_termite.md
7-3-069,animaux,monde,Fourmi coupe-feuille,Fourmi coupe-feuille,Q882257,https://upload.wikimedia.org/wikipedia/commons/4/45/Acromyrmex_octospinosus_02.jpg?utm_source=fr.wikipedia.org&utm_campaign=api&utm_content=thumbnail_unscaled,ok,animaux/monde/7-3-069_fourmi-coupe-feuille.md
7-3-070,animaux,monde,Diable de Tasmanie,Diable de Tasmanie,Q134964,https://upload.wikimedia.org/wikipedia/commons/a/ac/Tasmanian_devil_cropped.jpg?utm_source=fr.wikipedia.org&utm_campaign=api&utm_content=thumbnail_unscaled,ok,animaux/monde/7-3-070_diable-de-tasmanie.md
7-3-071,animaux,monde,Wombat,Wombat,Q23175,https://thumb.wikimedia.org/wikipedia/commons/thumb/1/18/Vombatus_ursinus_-Maria_Island_National_Park.jpg/1280px-Vombatus_ursinus_-Maria_Island_National_Park.jpg?utm_source=fr.wikipedia.org&utm_campaign=api&utm_content=thumbnail,ok,animaux/monde/7-3-071_wombat.md
7-3-072,animaux,monde,Ornithorynque,Ornithorynque,Q15343,https://thumb.wikimedia.org/wikipedia/commons/thumb/3/32/Ornithorhynchus.jpg/1280px-Ornithorhynchus.jpg?utm_source=fr.wikipedia.org&utm_campaign=api&utm_content=thumbnail,ok,animaux/monde/7-3-072_ornithorynque.md
7-3-073,animaux,monde,Échidné,Échidné,Q21824,https://thumb.wikimedia.org/wikipedia/commons/thumb/6/67/Tachyglossus_aculeatus_1.jpg/1280px-Tachyglossus_aculeatus_1.jpg?utm_source=fr.wikipedia.org&utm_campaign=api&utm_content=thumbnail,ok,animaux/monde/7-3-073_echidne.md
7-3-074,animaux,monde,Suricate,Suricate,Q134015,https://thumb.wikimedia.org/wikipedia/commons/thumb/d/dd/Suricata_suricatta18082009b.jpg/1280px-Suricata_suricatta18082009b.jpg?utm_source=fr.wikipedia.org&utm_campaign=api&utm_content=thumbnail,ok,animaux/monde/7-3-074_suricate.md
7-3-075,animaux,monde,Fennec,Fennec,Q131564,https://thumb.wikimedia.org/wikipedia/commons/thumb/9/9f/Fennec_Fox_Vulpes_zerda.jpg/1280px-Fennec_Fox_Vulpes_zerda.jpg?utm_source=fr.wikipedia.org&utm_campaign=api&utm_content=thumbnail,ok,animaux/monde/7-3-075_fennec.md
7-3-076,animaux,monde,Dromadaire,Dromadaire,Q71516,https://thumb.wikimedia.org/wikipedia/commons/thumb/7/72/Camels_near_Lake_Natron_%287%29_%2828507868971%29.jpg/1280px-Camels_near_Lake_Natron_%287%29_%2828507868971%29.jpg?utm_source=fr.wikipedia.org&utm_campaign=api&utm_content=thumbnail,ok,animaux/monde/7-3-076_dromadaire.md
7-3-077,animaux,monde,Chameau de Bactriane,Chameau de Bactriane,Q132922,https://thumb.wikimedia.org/wikipedia/commons/thumb/6/64/Camel_seitlich_trabend.jpg/1280px-Camel_seitlich_trabend.jpg?utm_source=fr.wikipedia.org&utm_campaign=api&utm_content=thumbnail,ok,animaux/monde/7-3-077_chameau-de-bactriane.md
7-1-001,animaux,suisse,Cerf élaphe,Cerf élaphe,Q79794,https://thumb.wikimedia.org/wikipedia/commons/thumb/4/4b/Cervus_elaphus_Luc_Viatour_6.jpg/1280px-Cervus_elaphus_Luc_Viatour_6.jpg?utm_source=fr.wikipedia.org&utm_campaign=api&utm_content=thumbnail,ok,animaux/suisse/7-1-001_cerf-elaphe.md
7-1-002,animaux,suisse,Chevreuil,Chevreuil,Q125349744,https://upload.wikimedia.org/wikipedia/commons/4/42/The_deer_of_all_lands_%281898%29_European_roe_deer_%28summer_%26_winter_pelage%29.png?utm_source=fr.wikipedia.org&utm_campaign=api&utm_content=thumbnail_unscaled,ok,animaux/suisse/7-1-002_chevreuil.md
7-1-003,animaux,suisse,Chamois,Chamois,Q131340,https://thumb.wikimedia.org/wikipedia/commons/thumb/f/f0/064_Wild_Chamois_Parc_r%C3%A9gional_Chasseral_Photo_by_Giles_Laurent.jpg/1280px-064_Wild_Chamois_Parc_r%C3%A9gional_Chasseral_Photo_by_Giles_Laurent.jpg?utm_source=fr.wikipedia.org&utm_campaign=api&utm_content=thumbnail,ok,animaux/suisse/7-1-003_chamois.md
7-1-004,animaux,suisse,Bouquetin des Alpes,Bouquetin des Alpes,Q168327,https://thumb.wikimedia.org/wikipedia/commons/thumb/9/9b/003_Wild_Alpine_Ibex_Sunset_Creux_du_Van_Mont_Racine_Photo_by_Giles_Laurent.jpg/1280px-003_Wild_Alpine_Ibex_Sunset_Creux_du_Van_Mont_Racine_Photo_by_Giles_Laurent.jpg?utm_source=fr.wikipedia.org&utm_campaign=api&utm_content=thumbnail,ok,animaux/suisse/7-1-004_bouquetin-des-alpes.md
7-1-005,animaux,suisse,Marmotte alpine,Marmota marmota,Q285884,https://thumb.wikimedia.org/wikipedia/commons/thumb/9/9d/071_Wild_marmot_at_Grand_Muveran_Nature_Reserve_Photo_by_Giles_Laurent.jpg/1280px-071_Wild_marmot_at_Grand_Muveran_Nature_Reserve_Photo_by_Giles_Laurent.jpg?utm_source=fr.wikipedia.org&utm_campaign=api&utm_content=thumbnail,ok,animaux/suisse/7-1-005_marmotte-alpine.md
7-1-006,animaux,suisse,Renard roux,Renard roux,Q8332,https://thumb.wikimedia.org/wikipedia/commons/thumb/c/cc/Portrait_of_a_red_fox_in_Rautas_fj%C3%A4llurskog.jpg/1280px-Portrait_of_a_red_fox_in_Rautas_fj%C3%A4llurskog.jpg?utm_source=fr.wikipedia.org&utm_campaign=api&utm_content=thumbnail,ok,animaux/suisse/7-1-006_renard-roux.md
7-1-007,animaux,suisse,Blaireau,Blaireau,Q638105,https://upload.wikimedia.org/wikipedia/commons/c/c6/Le_Blaireau_-_Badger_-_Gallica_-_ark_12148-btv1b2300254t-f9.png?utm_source=fr.wikipedia.org&utm_campaign=api&utm_content=thumbnail_unscaled,ok,animaux/suisse/7-1-007_blaireau.md
7-1-008,animaux,suisse,Martre des pins,Martes martes,Q26046,https://thumb.wikimedia.org/wikipedia/commons/thumb/d/d8/Pine_Marten_%2848173751702%29.jpg/1280px-Pine_Marten_%2848173751702%29.jpg?utm_source=fr.wikipedia.org&utm_campaign=api&utm_content=thumbnail,ok,animaux/suisse/7-1-008_martre-des-pins.md
7-1-009,animaux,suisse,Hermine,Hermine,Q140402596,https://thumb.wikimedia.org/wikipedia/commons/thumb/9/93/L%E2%80%99Hermine_%26_Le_Rosselet_-_Ermine_%26_Stoat_-_Galica_-_Histoire_naturelle%2C_g%C3%A9n%C3%A9rale_et_particuli%C3%A9re%2C_t._7%2C_Paris%2C_Imprimerie_Royale%2C_1758.jpg/1280px-L%E2%80%99Hermine_%26_Le_Rosselet_-_Ermine_%26_Stoat_-_Galica_-_Histoire_naturelle%2C_g%C3%A9n%C3%A9rale_et_particuli%C3%A9re%2C_t._7%2C_Paris%2C_Imprimerie_Royale%2C_1758.jpg?utm_source=fr.wikipedia.org&utm_campaign=api&utm_content=thumbnail,ok,animaux/suisse/7-1-009_hermine.md
7-1-010,animaux,suisse,Loutre d'Europe,Lutra lutra,Q29995,https://upload.wikimedia.org/wikipedia/commons/c/c3/Loutre_des_pyrenees_baronnies_2004.jpg?utm_source=fr.wikipedia.org&utm_campaign=api&utm_content=thumbnail_unscaled,ok,animaux/suisse/7-1-010_loutre-d-europe.md
7-1-011,animaux,suisse,Castor d'Europe,Castor d'Europe,Q181191,https://upload.wikimedia.org/wikipedia/commons/c/cc/Beaver_pho34.jpg?utm_source=fr.wikipedia.org&utm_campaign=api&utm_content=thumbnail_unscaled,ok,animaux/suisse/7-1-011_castor-d-europe.md
7-1-012,animaux,suisse,Sanglier,Sanglier,Q58697,https://thumb.wikimedia.org/wikipedia/commons/thumb/a/a4/Eberswalde_Zoo_12-2017_img2.jpg/1280px-Eberswalde_Zoo_12-2017_img2.jpg?utm_source=fr.wikipedia.org&utm_campaign=api&utm_content=thumbnail,ok,animaux/suisse/7-1-012_sanglier.md
7-1-013,animaux,suisse,Lièvre brun,Lièvre d'Europe,Q26838,https://upload.wikimedia.org/wikipedia/commons/4/44/Lepus_europaeus_%28Causse_M%C3%A9jean%2C_Loz%C3%A8re%29-cropped.jpg?utm_source=fr.wikipedia.org&utm_campaign=api&utm_content=thumbnail_unscaled,ok,animaux/suisse/7-1-013_lievre-brun.md
7-1-014,animaux,suisse,Écureuil roux,Écureuil roux,Q4388,https://thumb.wikimedia.org/wikipedia/commons/thumb/0/02/Eichh%C3%B6rnchen_D%C3%BCsseldorf_Hofgarten_edit.jpg/1280px-Eichh%C3%B6rnchen_D%C3%BCsseldorf_Hofgarten_edit.jpg?utm_source=fr.wikipedia.org&utm_campaign=api&utm_content=thumbnail,ok,animaux/suisse/7-1-014_ecureuil-roux.md
7-1-015,animaux,suisse,Hérisson d'Europe,Erinaceus europaeus,Q6145,https://thumb.wikimedia.org/wikipedia/commons/thumb/e/e1/Erinaceus_europaeus_LC0119.jpg/1280px-Erinaceus_europaeus_LC0119.jpg?utm_source=fr.wikipedia.org&utm_campaign=api&utm_content=thumbnail,ok,animaux/suisse/7-1-015_herisson-d-europe.md
7-1-016,animaux,suisse,Lynx boréal,Lynx boréal,Q43375,https://upload.wikimedia.org/wikipedia/commons/6/63/Lynx_lynx2.jpg?utm_source=fr.wikipedia.org&utm_campaign=api&utm_content=thumbnail_unscaled,ok,animaux/suisse/7-1-016_lynx-boreal.md
7-1-017,animaux,suisse,Loup gris,Canis lupus,Q18498,https://thumb.wikimedia.org/wikipedia/commons/thumb/6/68/Eurasian_wolf_2.jpg/1280px-Eurasian_wolf_2.jpg?utm_source=fr.wikipedia.org&utm_campaign=api&utm_content=thumbnail,ok,animaux/suisse/7-1-017_loup-gris.md
7-1-018,animaux,suisse,Ours brun,Ours brun,Q36341,https://thumb.wikimedia.org/wikipedia/commons/thumb/c/ca/Niedzwied%C5%BA_brunatny_02_%28cropped%29.jpg/1280px-Niedzwied%C5%BA_brunatny_02_%28cropped%29.jpg?utm_source=fr.wikipedia.org&utm_campaign=api&utm_content=thumbnail,ok,animaux/suisse/7-1-018_ours-brun.md
7-1-019,animaux,suisse,Aigle royal,Aigle royal,Q41181,https://thumb.wikimedia.org/wikipedia/commons/thumb/c/cc/015_Wild_Golden_Eagle_in_flight_at_Pfyn-Finges_%28Switzerland%29_Photo_by_Giles_Laurent.jpg/1280px-015_Wild_Golden_Eagle_in_flight_at_Pfyn-Finges_%28Switzerland%29_Photo_by_Giles_Laurent.jpg?utm_source=fr.wikipedia.org&utm_campaign=api&utm_content=thumbnail,ok,animaux/suisse/7-1-019_aigle-royal.md
7-1-020,animaux,suisse,Gypaète barbu,Gypaète barbu,Q126167,https://thumb.wikimedia.org/wikipedia/commons/thumb/c/cf/010e_Wild_Bearded_Vulture_in_flight_at_Pfyn-Finges_%28Switzerland%29_Photo_by_Giles_Laurent.jpg/1280px-010e_Wild_Bearded_Vulture_in_flight_at_Pfyn-Finges_%28Switzerland%29_Photo_by_Giles_Laurent.jpg?utm_source=fr.wikipedia.org&utm_campaign=api&utm_content=thumbnail,ok,animaux/suisse/7-1-020_gypaete-barbu.md
7-1-021,animaux,suisse,Faucon pèlerin,Faucon pèlerin,Q30535,https://upload.wikimedia.org/wikipedia/commons/3/3f/Faucon_pelerin_7_mai.jpg?utm_source=fr.wikipedia.org&utm_campaign=api&utm_content=thumbnail_unscaled,ok,animaux/suisse/7-1-021_faucon-pelerin.md
7-1-022,animaux,suisse,Milan royal,Milan royal,Q156250,https://thumb.wikimedia.org/wikipedia/commons/thumb/4/49/Milvus_milvus_Jura.jpg/1280px-Milvus_milvus_Jura.jpg?utm_source=fr.wikipedia.org&utm_campaign=api&utm_content=thumbnail,ok,animaux/suisse/7-1-022_milan-royal.md
7-1-023,animaux,suisse,Buse variable,Buse variable,Q25385,https://thumb.wikimedia.org/wikipedia/commons/thumb/4/47/Common_Buzzard_by_caroline_legg_%28cropped%29.jpg/1280px-Common_Buzzard_by_caroline_legg_%28cropped%29.jpg?utm_source=fr.wikipedia.org&utm_campaign=api&utm_content=thumbnail,ok,animaux/suisse/7-1-023_buse-variable.md
7-1-024,animaux,suisse,Grand-duc d'Europe,Hibou grand-duc,Q130933,https://upload.wikimedia.org/wikipedia/commons/c/ca/Bubo_bubo_1_%28Martin_Mecnarowski%29.jpg?utm_source=fr.wikipedia.org&utm_campaign=api&utm_content=thumbnail_unscaled,ok,animaux/suisse/7-1-024_grand-duc-d-europe.md
7-1-025,animaux,suisse,Chouette hulotte,Chouette hulotte,Q25756,https://upload.wikimedia.org/wikipedia/commons/4/4e/Tawny_wiki.jpg?utm_source=fr.wikipedia.org&utm_campaign=api&utm_content=thumbnail_unscaled,ok,animaux/suisse/7-1-025_chouette-hulotte.md
7-1-026,animaux,suisse,Effraie des clochers,Effraie des clochers,Q25317,https://thumb.wikimedia.org/wikipedia/commons/thumb/4/47/20181203_-_22.11_Kerkuil_%28Tyto_alba%29_22.jpg/1280px-20181203_-_22.11_Kerkuil_%28Tyto_alba%29_22.jpg?utm_source=fr.wikipedia.org&utm_campaign=api&utm_content=thumbnail,ok,animaux/suisse/7-1-026_effraie-des-clochers.md
7-1-027,animaux,suisse,Pic épeiche,Pic épeiche,Q26209,https://thumb.wikimedia.org/wikipedia/commons/thumb/c/c4/Pic_%C3%A9peiche_cap_n%C3%A9gro.jpg/1280px-Pic_%C3%A9peiche_cap_n%C3%A9gro.jpg?utm_source=fr.wikipedia.org&utm_campaign=api&utm_content=thumbnail,ok,animaux/suisse/7-1-027_pic-epeiche.md
7-1-028,animaux,suisse,Pic noir,Pic noir,Q143284,https://upload.wikimedia.org/wikipedia/commons/e/e6/Black_woodpecker_%28Dryocopus_martius%29.jpg?utm_source=fr.wikipedia.org&utm_campaign=api&utm_content=thumbnail_unscaled,ok,animaux/suisse/7-1-028_pic-noir.md
7-1-029,animaux,suisse,Sittelle torchepot,Sittelle torchepot,Q156767,https://thumb.wikimedia.org/wikipedia/commons/thumb/9/9d/Sitta_europaea_-Kent%2C_England-8.jpg/1280px-Sitta_europaea_-Kent%2C_England-8.jpg?utm_source=fr.wikipedia.org&utm_campaign=api&utm_content=thumbnail,ok,animaux/suisse/7-1-029_sittelle-torchepot.md
7-1-030,animaux,suisse,Mésange charbonnière,Mésange charbonnière,Q25485,https://thumb.wikimedia.org/wikipedia/commons/thumb/6/65/Parus_major_2_Luc_Viatour.jpg/1280px-Parus_major_2_Luc_Viatour.jpg?utm_source=fr.wikipedia.org&utm_campaign=api&utm_content=thumbnail,ok,animaux/suisse/7-1-030_mesange-charbonniere.md
7-1-031,animaux,suisse,Mésange bleue,Mésange bleue,Q25404,https://thumb.wikimedia.org/wikipedia/commons/thumb/c/ce/%D0%9B%D0%B0%D0%B7%D0%BE%D1%80%D0%B5%D0%B2%D0%BA%D0%B0_%28Cyanistes_caeruleus%29%2C_%D0%91%D0%B8%D1%82%D1%86%D0%B5%D0%B2%D1%81%D0%BA%D0%B8%D0%B9_%D0%BB%D0%B5%D1%81.jpg/1280px-%D0%9B%D0%B0%D0%B7%D0%BE%D1%80%D0%B5%D0%B2%D0%BA%D0%B0_%28Cyanistes_caeruleus%29%2C_%D0%91%D0%B8%D1%82%D1%86%D0%B5%D0%B2%D1%81%D0%BA%D0%B8%D0%B9_%D0%BB%D0%B5%D1%81.jpg?utm_source=fr.wikipedia.org&utm_campaign=api&utm_content=thumbnail,ok,animaux/suisse/7-1-031_mesange-bleue.md
7-1-032,animaux,suisse,Rougegorge familier,Rouge-gorge familier,Q25334,https://thumb.wikimedia.org/wikipedia/commons/thumb/a/a3/030_European_robin_in_the_Camargue_Photo_by_Giles_Laurent.jpg/1280px-030_European_robin_in_the_Camargue_Photo_by_Giles_Laurent.jpg?utm_source=fr.wikipedia.org&utm_campaign=api&utm_content=thumbnail,ok,animaux/suisse/7-1-032_rougegorge-familier.md
7-1-033,animaux,suisse,Merle noir,Merle noir,Q25234,https://thumb.wikimedia.org/wikipedia/commons/thumb/a/ad/%D0%A7%D1%91%D1%80%D0%BD%D1%8B%D0%B9_%D0%B4%D1%80%D0%BE%D0%B7%D0%B4_%28Turdus_merula%2C_per_aspera%29%2C_%D0%91%D0%B8%D1%82%D1%86%D0%B5%D0%B2%D1%81%D0%BA%D0%B8%D0%B9_%D0%BB%D0%B5%D1%81.jpg/1280px-%D0%A7%D1%91%D1%80%D0%BD%D1%8B%D0%B9_%D0%B4%D1%80%D0%BE%D0%B7%D0%B4_%28Turdus_merula%2C_per_aspera%29%2C_%D0%91%D0%B8%D1%82%D1%86%D0%B5%D0%B2%D1%81%D0%BA%D0%B8%D0%B9_%D0%BB%D0%B5%D1%81.jpg?utm_source=fr.wikipedia.org&utm_campaign=api&utm_content=thumbnail,ok,animaux/suisse/7-1-033_merle-noir.md
7-1-034,animaux,suisse,Pinson des arbres,Pinson des arbres,Q25383,https://thumb.wikimedia.org/wikipedia/commons/thumb/a/ab/Chaffinch_%28Fringilla_coelebs%29.jpg/1280px-Chaffinch_%28Fringilla_coelebs%29.jpg?utm_source=fr.wikipedia.org&utm_campaign=api&utm_content=thumbnail,ok,animaux/suisse/7-1-034_pinson-des-arbres.md
7-1-035,animaux,suisse,Hirondelle rustique,Hirondelle rustique,Q25429,https://thumb.wikimedia.org/wikipedia/commons/thumb/3/33/%D0%94%D0%B5%D1%80%D0%B5%D0%B2%D0%B5%D0%BD%D1%81%D0%BA%D0%B0%D1%8F_%D0%BB%D0%B0%D1%81%D1%82%D0%BE%D1%87%D0%BA%D0%B0_%28Hirundo_rustica%29%2C_%D0%9C%D0%B5%D0%BB%D0%B8%D1%85%D0%BE%D0%B2%D0%BE.jpg/1280px-%D0%94%D0%B5%D1%80%D0%B5%D0%B2%D0%B5%D0%BD%D1%81%D0%BA%D0%B0%D1%8F_%D0%BB%D0%B0%D1%81%D1%82%D0%BE%D1%87%D0%BA%D0%B0_%28Hirundo_rustica%29%2C_%D0%9C%D0%B5%D0%BB%D0%B8%D1%85%D0%BE%D0%B2%D0%BE.jpg?utm_source=fr.wikipedia.org&utm_campaign=api&utm_content=thumbnail,ok,animaux/suisse/7-1-035_hirondelle-rustique.md
7-1-036,animaux,suisse,Martinet noir,Martinet noir,Q25377,https://thumb.wikimedia.org/wikipedia/commons/thumb/d/d5/Common_Swift_2025_07_18_02_%28cropped%29.jpg/1280px-Common_Swift_2025_07_18_02_%28cropped%29.jpg?utm_source=fr.wikipedia.org&utm_campaign=api&utm_content=thumbnail,ok,animaux/suisse/7-1-036_martinet-noir.md
7-1-037,animaux,suisse,Cincle plongeur,Cincle plongeur,Q201831,https://thumb.wikimedia.org/wikipedia/commons/thumb/b/bb/Cinclus_cinclus_2018.jpg/1280px-Cinclus_cinclus_2018.jpg?utm_source=fr.wikipedia.org&utm_campaign=api&utm_content=thumbnail,ok,animaux/suisse/7-1-037_cincle-plongeur.md
7-1-038,animaux,suisse,Grand Tétras,Grand Tétras,Q129059,https://thumb.wikimedia.org/wikipedia/commons/thumb/a/a3/Capercaillie_%288751340764%29.jpg/1280px-Capercaillie_%288751340764%29.jpg?utm_source=fr.wikipedia.org&utm_campaign=api&utm_content=thumbnail,ok,animaux/suisse/7-1-038_grand-tetras.md
7-1-039,animaux,suisse,Truite fario,Salmo trutta,Q2857311,https://upload.wikimedia.org/wikipedia/commons/3/35/Bachforelle_Zeichnung.jpg?utm_source=fr.wikipedia.org&utm_campaign=api&utm_content=thumbnail_unscaled,ok,animaux/suisse/7-1-039_truite-fario.md
7-1-040,animaux,suisse,Omble chevalier,Salvelinus alpinus,Q421047,https://upload.wikimedia.org/wikipedia/commons/e/ea/Salvelinusalpinus.jpg?utm_source=fr.wikipedia.org&utm_campaign=api&utm_content=thumbnail_unscaled,ok,animaux/suisse/7-1-040_omble-chevalier.md
7-1-041,animaux,suisse,Ombre commun,Thymallus thymallus,Q627960,https://upload.wikimedia.org/wikipedia/commons/f/ff/Grayling_Thymallus_thymallus.JPG?utm_source=fr.wikipedia.org&utm_campaign=api&utm_content=thumbnail_unscaled,ok,animaux/suisse/7-1-041_ombre-commun.md
7-1-042,animaux,suisse,Brochet,Brochet,Q2925879,https://thumb.wikimedia.org/wikipedia/commons/thumb/8/81/Esox_lucius_Drawing.svg/1280px-Esox_lucius_Drawing.svg.png?utm_source=fr.wikipedia.org&utm_campaign=api&utm_content=thumbnail,ok,animaux/suisse/7-1-042_brochet.md
7-1-043,animaux,suisse,Perche commune,Perca fluviatilis,Q166812,https://thumb.wikimedia.org/wikipedia/commons/thumb/0/09/Egli_%28Perca_fluviatilis%29.jpg/1280px-Egli_%28Perca_fluviatilis%29.jpg?utm_source=fr.wikipedia.org&utm_campaign=api&utm_content=thumbnail,ok,animaux/suisse/7-1-043_perche-commune.md
7-1-044,animaux,suisse,Silure glane,Silure glane,Q159323,https://thumb.wikimedia.org/wikipedia/commons/thumb/d/d3/Silurus_glanis_02.jpg/1280px-Silurus_glanis_02.jpg?utm_source=fr.wikipedia.org&utm_campaign=api&utm_content=thumbnail,ok,animaux/suisse/7-1-044_silure-glane.md
7-1-045,animaux,suisse,Anguille,Anguille,Q3711046,https://upload.wikimedia.org/wikipedia/commons/5/58/Anguilla_anguilla.jpg?utm_source=fr.wikipedia.org&utm_campaign=api&utm_content=thumbnail_unscaled,ok,animaux/suisse/7-1-045_anguille.md
7-1-046,animaux,suisse,Vipère aspic,Vipère aspic,Q572447,https://thumb.wikimedia.org/wikipedia/commons/thumb/4/40/Vipera_aspis_Lothringen_044.jpg/1280px-Vipera_aspis_Lothringen_044.jpg?utm_source=fr.wikipedia.org&utm_campaign=api&utm_content=thumbnail,ok,animaux/suisse/7-1-046_vipere-aspic.md
7-1-047,animaux,suisse,Couleuvre à collier,Couleuvre à collier,Q2998810,https://upload.wikimedia.org/wikipedia/commons/4/4f/Natrix-helvetica-089.jpg?utm_source=fr.wikipedia.org&utm_campaign=api&utm_content=thumbnail_unscaled,ok,animaux/suisse/7-1-047_couleuvre-a-collier.md
7-1-048,animaux,suisse,Couleuvre verte et jaune,Couleuvre verte et jaune,Q844254,https://thumb.wikimedia.org/wikipedia/commons/thumb/4/48/Coluber_viridiflavus.jpg/1280px-Coluber_viridiflavus.jpg?utm_source=fr.wikipedia.org&utm_campaign=api&utm_content=thumbnail,ok,animaux/suisse/7-1-048_couleuvre-verte-et-jaune.md
7-1-049,animaux,suisse,Lézard vert,Lézard vert,Q3272057,,no-image,animaux/suisse/7-1-049_lezard-vert.md
7-1-050,animaux,suisse,Lézard des murailles,Lézard des murailles,Q186615,https://thumb.wikimedia.org/wikipedia/commons/thumb/0/03/Podarcis_muralis%2C_Livorno.JPG/1280px-Podarcis_muralis%2C_Livorno.JPG?utm_source=fr.wikipedia.org&utm_campaign=api&utm_content=thumbnail,ok,animaux/suisse/7-1-050_lezard-des-murailles.md
7-1-051,animaux,suisse,Orvet fragile,Anguis fragilis,Q183660,https://upload.wikimedia.org/wikipedia/commons/5/5e/Anguidae.jpg?utm_source=fr.wikipedia.org&utm_campaign=api&utm_content=thumbnail_unscaled,ok,animaux/suisse/7-1-051_orvet-fragile.md
7-1-052,animaux,suisse,Grenouille rousse,Grenouille rousse,Q27465,https://thumb.wikimedia.org/wikipedia/commons/thumb/b/be/Grasfrosch-Rana-temporaria-side.jpg/1280px-Grasfrosch-Rana-temporaria-side.jpg?utm_source=fr.wikipedia.org&utm_campaign=api&utm_content=thumbnail,ok,animaux/suisse/7-1-052_grenouille-rousse.md
7-1-053,animaux,suisse,Salamandre tachetée,Salamandra salamandra,Q26395,https://thumb.wikimedia.org/wikipedia/commons/thumb/1/1b/Salamandra_salamandra_MHNT_1.jpg/1280px-Salamandra_salamandra_MHNT_1.jpg?utm_source=fr.wikipedia.org&utm_campaign=api&utm_content=thumbnail,ok,animaux/suisse/7-1-053_salamandre-tachetee.md
7-1-054,animaux,suisse,Machaon,Machaon,Q374944,,no-image,animaux/suisse/7-1-054_machaon.md
7-1-055,animaux,suisse,Apollon,Apollon,Q37340,https://thumb.wikimedia.org/wikipedia/commons/thumb/1/19/Apollo_of_the_Belvedere.jpg/1280px-Apollo_of_the_Belvedere.jpg?utm_source=fr.wikipedia.org&utm_campaign=api&utm_content=thumbnail,ok,animaux/suisse/7-1-055_apollon.md
7-1-056,animaux,suisse,Paon du jour,Paon-du-jour,Q158699,https://thumb.wikimedia.org/wikipedia/commons/thumb/d/d0/Paon-du-jour_MHNT_CUT_2013_3_14_Cahors_Dos.jpg/1280px-Paon-du-jour_MHNT_CUT_2013_3_14_Cahors_Dos.jpg?utm_source=fr.wikipedia.org&utm_campaign=api&utm_content=thumbnail,ok,animaux/suisse/7-1-056_paon-du-jour.md
7-1-057,animaux,suisse,Vulcain,Vulcain,Q1169622,,no-image,animaux/suisse/7-1-057_vulcain.md
7-1-058,animaux,suisse,Lucane cerf-volant,Lucanus cervus,Q190491,https://thumb.wikimedia.org/wikipedia/commons/thumb/7/79/Cerf-volant_MHNT_male_et_femelle.jpg/1280px-Cerf-volant_MHNT_male_et_femelle.jpg?utm_source=fr.wikipedia.org&utm_campaign=api&utm_content=thumbnail,ok,animaux/suisse/7-1-058_lucane-cerf-volant.md
7-1-059,animaux,suisse,Coccinelle à sept points,Coccinella septempunctata,Q159543,https://thumb.wikimedia.org/wikipedia/commons/thumb/9/9d/P1170487_Coccinella_septempunctata.jpg/1280px-P1170487_Coccinella_septempunctata.jpg?utm_source=fr.wikipedia.org&utm_campaign=api&utm_content=thumbnail,ok,animaux/suisse/7-1-059_coccinelle-a-sept-points.md
7-1-060,animaux,suisse,Abeille mellifère,Apis mellifera,Q30034,https://thumb.wikimedia.org/wikipedia/commons/thumb/5/52/%28MHNT%29_Apis_mellifera_%28female%29_-_on_viburnum_tinus_flowers.jpg/1280px-%28MHNT%29_Apis_mellifera_%28female%29_-_on_viburnum_tinus_flowers.jpg?utm_source=fr.wikipedia.org&utm_campaign=api&utm_content=thumbnail,ok,animaux/suisse/7-1-060_abeille-mellifere.md
7-1-061,animaux,suisse,Bourdon terrestre,Bourdon terrestre,Q752274,https://thumb.wikimedia.org/wikipedia/commons/thumb/e/e5/Bombus_terrestris01.jpg/1280px-Bombus_terrestris01.jpg?utm_source=fr.wikipedia.org&utm_campaign=api&utm_content=thumbnail,ok,animaux/suisse/7-1-061_bourdon-terrestre.md
7-1-062,animaux,suisse,Mante religieuse,Mante religieuse,Q268319,https://thumb.wikimedia.org/wikipedia/commons/thumb/5/5c/Mantid_August_2007-3.jpg/1280px-Mantid_August_2007-3.jpg?utm_source=fr.wikipedia.org&utm_campaign=api&utm_content=thumbnail,ok,animaux/suisse/7-1-062_mante-religieuse.md
7-1-063,animaux,suisse,Épeire diadème,Épeire diadème,Q337509,https://upload.wikimedia.org/wikipedia/commons/6/66/Araneus_diadematus_%28Gartenkreuzspinne_mit_Wespe%29.jpg?utm_source=fr.wikipedia.org&utm_campaign=api&utm_content=thumbnail_unscaled,ok,animaux/suisse/7-1-063_epeire-diademe.md
7-1-064,animaux,suisse,Vache d'Hérens,Vache d'Hérens,Q465241,https://thumb.wikimedia.org/wikipedia/commons/thumb/e/e0/Herd_grazing_near_chalets%2C_Place_du_Praz%2C_Saint-Luc.jpg/1280px-Herd_grazing_near_chalets%2C_Place_du_Praz%2C_Saint-Luc.jpg?utm_source=fr.wikipedia.org&utm_campaign=api&utm_content=thumbnail,ok,animaux/suisse/7-1-064_vache-d-herens.md
7-1-065,animaux,suisse,Vache Simmental,Simmental française,Q3484157,https://thumb.wikimedia.org/wikipedia/commons/thumb/9/9c/Simmental-vache.JPG/1280px-Simmental-vache.JPG?utm_source=fr.wikipedia.org&utm_campaign=api&utm_content=thumbnail,ok,animaux/suisse/7-1-065_vache-simmental.md
7-1-066,animaux,suisse,Vache Brune,Vacher à tête brune,Q901568,https://thumb.wikimedia.org/wikipedia/commons/thumb/8/88/Molothrus_ater_2.jpg/1280px-Molothrus_ater_2.jpg?utm_source=fr.wikipedia.org&utm_campaign=api&utm_content=thumbnail,ok,animaux/suisse/7-1-066_vache-brune.md
7-1-067,animaux,suisse,Chèvre chamoisée,Alpine (race caprine),Q2840092,https://thumb.wikimedia.org/wikipedia/commons/thumb/8/85/Alpine_SDA2011.JPG/1280px-Alpine_SDA2011.JPG?utm_source=fr.wikipedia.org&utm_campaign=api&utm_content=thumbnail,ok,animaux/suisse/7-1-067_chevre-chamoisee.md
7-1-068,animaux,suisse,Chèvre du Toggenbourg,Chèvre du Toggenbourg,Q1043718,https://upload.wikimedia.org/wikipedia/commons/b/bf/Toggenburger.jpg?utm_source=fr.wikipedia.org&utm_campaign=api&utm_content=thumbnail_unscaled,ok,animaux/suisse/7-1-068_chevre-du-toggenbourg.md
7-1-069,animaux,suisse,Mouton Roux du Valais,Nez noir du Valais,Q870185,https://thumb.wikimedia.org/wikipedia/commons/thumb/5/5c/Valais_Blacknose_Sheep.jpg/1280px-Valais_Blacknose_Sheep.jpg?utm_source=fr.wikipedia.org&utm_campaign=api&utm_content=thumbnail,ok,animaux/suisse/7-1-069_mouton-roux-du-valais.md
7-1-070,animaux,suisse,Mouton Noir du Valais,Nez noir du Valais,Q870185,https://thumb.wikimedia.org/wikipedia/commons/thumb/5/5c/Valais_Blacknose_Sheep.jpg/1280px-Valais_Blacknose_Sheep.jpg?utm_source=fr.wikipedia.org&utm_campaign=api&utm_content=thumbnail,ok,animaux/suisse/7-1-070_mouton-noir-du-valais.md
7-1-071,animaux,suisse,Chien du Saint-Bernard,Saint-bernard,Q38090,https://upload.wikimedia.org/wikipedia/commons/a/a6/Saint_Bernard.png?utm_source=fr.wikipedia.org&utm_campaign=api&utm_content=thumbnail_unscaled,ok,animaux/suisse/7-1-071_chien-du-saint-bernard.md
7-1-072,animaux,suisse,Bouvier bernois,Bouvier bernois,Q37608,https://upload.wikimedia.org/wikipedia/commons/5/5a/Bouvier_Bernois_de_face.jpg?utm_source=fr.wikipedia.org&utm_campaign=api&utm_content=thumbnail_unscaled,ok,animaux/suisse/7-1-072_bouvier-bernois.md
7-1-073,animaux,suisse,Bouvier de l'Appenzell,Bouvier d'Appenzell,Q37697,https://upload.wikimedia.org/wikipedia/commons/9/9e/Dara_essy.jpg?utm_source=fr.wikipedia.org&utm_campaign=api&utm_content=thumbnail_unscaled,ok,animaux/suisse/7-1-073_bouvier-de-l-appenzell.md
7-1-074,animaux,suisse,Bouvier de l'Entlebuch,Bouvier de l'Entlebuch,Q37986,https://upload.wikimedia.org/wikipedia/commons/f/ff/Elio_v_Schaerlig_im_Juni_2007_klein.jpg?utm_source=fr.wikipedia.org&utm_campaign=api&utm_content=thumbnail_unscaled,ok,animaux/suisse/7-1-074_bouvier-de-l-entlebuch.md
7-1-075,animaux,suisse,Cheval des Franches-Montagnes,Franches-Montagnes (cheval),Q673441,https://thumb.wikimedia.org/wikipedia/commons/thumb/5/50/Nepal%2C_franches-montagnes.jpg/1280px-Nepal%2C_franches-montagnes.jpg?utm_source=fr.wikipedia.org&utm_campaign=api&utm_content=thumbnail,ok,animaux/suisse/7-1-075_cheval-des-franches-montagnes.md
7-1-076,animaux,suisse,Poule d'Appenzell,Appenzelloise barbue,Q620966,https://thumb.wikimedia.org/wikipedia/commons/thumb/c/cc/Appenzeller_barthuhn_schwarz.jpg/1280px-Appenzeller_barthuhn_schwarz.jpg?utm_source=fr.wikipedia.org&utm_campaign=api&utm_content=thumbnail,ok,animaux/suisse/7-1-076_poule-d-appenzell.md
7-1-077,animaux,suisse,Porc d'Engadine,Production et consommation animale en Suisse,Q17355482,https://thumb.wikimedia.org/wikipedia/commons/thumb/7/79/SwissFlag_Cow.jpg/1280px-SwissFlag_Cow.jpg?utm_source=fr.wikipedia.org&utm_campaign=api&utm_content=thumbnail,ok,animaux/suisse/7-1-077_porc-d-engadine.md
7-1-078,animaux,suisse,Abeille noire,Apis mellifera mellifera,Q578524,https://upload.wikimedia.org/wikipedia/commons/b/b9/Abeille-bee-face.jpg?utm_source=fr.wikipedia.org&utm_campaign=api&utm_content=thumbnail_unscaled,ok,animaux/suisse/7-1-078_abeille-noire.md
2-2-001,capitales-chefs-lieux,europe,Paris,Paris,Q90,https://thumb.wikimedia.org/wikipedia/commons/thumb/4/4b/La_Tour_Eiffel_vue_de_la_Tour_Saint-Jacques%2C_Paris_ao%C3%BBt_2014_%282%29.jpg/1280px-La_Tour_Eiffel_vue_de_la_Tour_Saint-Jacques%2C_Paris_ao%C3%BBt_2014_%282%29.jpg?utm_source=fr.wikipedia.org&utm_campaign=api&utm_content=thumbnail,ok,capitales-chefs-lieux/europe/2-2-001_paris.md
2-2-002,capitales-chefs-lieux,europe,Berlin,Berlin,Q64,https://thumb.wikimedia.org/wikipedia/commons/thumb/e/ec/Flag_of_Berlin.svg/1280px-Flag_of_Berlin.svg.png?utm_source=fr.wikipedia.org&utm_campaign=api&utm_content=thumbnail,ok,capitales-chefs-lieux/europe/2-2-002_berlin.md
2-2-003,capitales-chefs-lieux,europe,Rome,Rome,Q220,https://thumb.wikimedia.org/wikipedia/commons/thumb/7/75/Collage_Rome.jpg/1280px-Collage_Rome.jpg?utm_source=fr.wikipedia.org&utm_campaign=api&utm_content=thumbnail,ok,capitales-chefs-lieux/europe/2-2-003_rome.md
2-2-004,capitales-chefs-lieux,europe,Vienne,Vienne,Q1426238,,no-image,capitales-chefs-lieux/europe/2-2-004_vienne.md
2-2-005,capitales-chefs-lieux,europe,Londres,Londres,Q84,https://thumb.wikimedia.org/wikipedia/commons/thumb/6/67/London_Skyline_%28125508655%29.jpeg/1280px-London_Skyline_%28125508655%29.jpeg?utm_source=fr.wikipedia.org&utm_campaign=api&utm_content=thumbnail,ok,capitales-chefs-lieux/europe/2-2-005_londres.md
2-2-006,capitales-chefs-lieux,europe,Madrid,Madrid,Q2807,https://thumb.wikimedia.org/wikipedia/commons/thumb/d/d7/Bandera_de_la_ciudad_de_Madrid.svg/1280px-Bandera_de_la_ciudad_de_Madrid.svg.png?utm_source=fr.wikipedia.org&utm_campaign=api&utm_content=thumbnail,ok,capitales-chefs-lieux/europe/2-2-006_madrid.md
2-2-007,capitales-chefs-lieux,europe,Lisbonne,Lisbonne,Q597,https://thumb.wikimedia.org/wikipedia/commons/thumb/1/16/Bandeira_municipal_de_Lisboa.png/1280px-Bandeira_municipal_de_Lisboa.png?utm_source=fr.wikipedia.org&utm_campaign=api&utm_content=thumbnail,ok,capitales-chefs-lieux/europe/2-2-007_lisbonne.md
2-2-008,capitales-chefs-lieux,europe,Bruxelles,Bruxelles,Q9005,https://upload.wikimedia.org/wikipedia/commons/1/1f/Agglomeratie_Brussel.png?utm_source=fr.wikipedia.org&utm_campaign=api&utm_content=thumbnail_unscaled,ok,capitales-chefs-lieux/europe/2-2-008_bruxelles.md
2-2-009,capitales-chefs-lieux,europe,Amsterdam,Amsterdam,Q727,https://thumb.wikimedia.org/wikipedia/commons/thumb/6/6d/Flag_of_Amsterdam.svg/1280px-Flag_of_Amsterdam.svg.png?utm_source=fr.wikipedia.org&utm_campaign=api&utm_content=thumbnail,ok,capitales-chefs-lieux/europe/2-2-009_amsterdam.md
2-2-010,capitales-chefs-lieux,europe,Athènes,Athènes,Q1524,https://upload.wikimedia.org/wikipedia/commons/8/8e/Athens_Montage_L.png?utm_source=fr.wikipedia.org&utm_campaign=api&utm_content=thumbnail_unscaled,ok,capitales-chefs-lieux/europe/2-2-010_athenes.md
2-2-011,capitales-chefs-lieux,europe,Copenhague,Copenhague,Q1748,https://upload.wikimedia.org/wikipedia/commons/6/68/Copenhagen_Collage2.jpg?utm_source=fr.wikipedia.org&utm_campaign=api&utm_content=thumbnail_unscaled,ok,capitales-chefs-lieux/europe/2-2-011_copenhague.md
2-2-012,capitales-chefs-lieux,europe,Oslo,Oslo,Q585,https://thumb.wikimedia.org/wikipedia/commons/thumb/2/21/Flag_of_Oslo.svg/1280px-Flag_of_Oslo.svg.png?utm_source=fr.wikipedia.org&utm_campaign=api&utm_content=thumbnail,ok,capitales-chefs-lieux/europe/2-2-012_oslo.md
2-2-013,capitales-chefs-lieux,europe,Stockholm,Stockholm,Q1754,https://thumb.wikimedia.org/wikipedia/commons/thumb/0/09/Dramaten_September_2012.jpg/1280px-Dramaten_September_2012.jpg?utm_source=fr.wikipedia.org&utm_campaign=api&utm_content=thumbnail,ok,capitales-chefs-lieux/europe/2-2-013_stockholm.md
2-2-014,capitales-chefs-lieux,europe,Dublin,Dublin,Q1761,https://thumb.wikimedia.org/wikipedia/commons/thumb/8/8f/IRL_Dublin_flag.svg/1280px-IRL_Dublin_flag.svg.png?utm_source=fr.wikipedia.org&utm_campaign=api&utm_content=thumbnail,ok,capitales-chefs-lieux/europe/2-2-014_dublin.md
2-2-015,capitales-chefs-lieux,europe,Luxembourg,Luxembourg,Q32,https://thumb.wikimedia.org/wikipedia/commons/thumb/c/c3/EU-Luxembourg.svg/1280px-EU-Luxembourg.svg.png?utm_source=fr.wikipedia.org&utm_campaign=api&utm_content=thumbnail,ok,capitales-chefs-lieux/europe/2-2-015_luxembourg.md
2-2-016,capitales-chefs-lieux,europe,La Haye,La Haye,Q36600,https://thumb.wikimedia.org/wikipedia/commons/thumb/6/69/Flag_of_The_Hague.svg/1280px-Flag_of_The_Hague.svg.png?utm_source=fr.wikipedia.org&utm_campaign=api&utm_content=thumbnail,ok,capitales-chefs-lieux/europe/2-2-016_la-haye.md
2-2-017,capitales-chefs-lieux,europe,Helsinki,Helsinki,Q1757,https://thumb.wikimedia.org/wikipedia/commons/thumb/b/b1/Flag_of_Helsinki.svg/1280px-Flag_of_Helsinki.svg.png?utm_source=fr.wikipedia.org&utm_campaign=api&utm_content=thumbnail,ok,capitales-chefs-lieux/europe/2-2-017_helsinki.md
2-2-018,capitales-chefs-lieux,europe,Reykjavik,Reykjavik,Q1764,https://thumb.wikimedia.org/wikipedia/commons/thumb/2/28/Reykjavik_Coat_of_Arms.svg/1280px-Reykjavik_Coat_of_Arms.svg.png?utm_source=fr.wikipedia.org&utm_campaign=api&utm_content=thumbnail,ok,capitales-chefs-lieux/europe/2-2-018_reykjavik.md
2-2-019,capitales-chefs-lieux,europe,Varsovie,Varsovie,Q270,https://thumb.wikimedia.org/wikipedia/commons/thumb/1/14/Flag_of_Warsaw.svg/1280px-Flag_of_Warsaw.svg.png?utm_source=fr.wikipedia.org&utm_campaign=api&utm_content=thumbnail,ok,capitales-chefs-lieux/europe/2-2-019_varsovie.md
2-2-020,capitales-chefs-lieux,europe,Prague,Prague,Q1085,https://thumb.wikimedia.org/wikipedia/commons/thumb/0/01/Praha_1%2C_Karl%C5%AFv_most_20170810_014.jpg/1280px-Praha_1%2C_Karl%C5%AFv_most_20170810_014.jpg?utm_source=fr.wikipedia.org&utm_campaign=api&utm_content=thumbnail,ok,capitales-chefs-lieux/europe/2-2-020_prague.md
2-2-021,capitales-chefs-lieux,europe,Bratislava,Bratislava,Q1780,https://thumb.wikimedia.org/wikipedia/commons/thumb/e/ed/Flag_of_Bratislava.svg/1280px-Flag_of_Bratislava.svg.png?utm_source=fr.wikipedia.org&utm_campaign=api&utm_content=thumbnail,ok,capitales-chefs-lieux/europe/2-2-021_bratislava.md
2-2-022,capitales-chefs-lieux,europe,Budapest,Budapest,Q1781,https://thumb.wikimedia.org/wikipedia/commons/thumb/d/d5/Flag_of_Budapest_%282011-%29.svg/1280px-Flag_of_Budapest_%282011-%29.svg.png?utm_source=fr.wikipedia.org&utm_campaign=api&utm_content=thumbnail,ok,capitales-chefs-lieux/europe/2-2-022_budapest.md
2-2-023,capitales-chefs-lieux,europe,Ljubljana,Ljubljana,Q437,https://upload.wikimedia.org/wikipedia/commons/4/46/Ljubljana_Montage_2.png?utm_source=fr.wikipedia.org&utm_campaign=api&utm_content=thumbnail_unscaled,ok,capitales-chefs-lieux/europe/2-2-023_ljubljana.md
2-2-024,capitales-chefs-lieux,europe,Zagreb,Zagreb,Q1435,https://thumb.wikimedia.org/wikipedia/commons/thumb/0/0e/Flag_of_Zagreb.svg/1280px-Flag_of_Zagreb.svg.png?utm_source=fr.wikipedia.org&utm_campaign=api&utm_content=thumbnail,ok,capitales-chefs-lieux/europe/2-2-024_zagreb.md
2-2-025,capitales-chefs-lieux,europe,Sarajevo,Sarajevo,Q11194,https://thumb.wikimedia.org/wikipedia/commons/thumb/f/ff/Flag_of_Sarajevo.svg/1280px-Flag_of_Sarajevo.svg.png?utm_source=fr.wikipedia.org&utm_campaign=api&utm_content=thumbnail,ok,capitales-chefs-lieux/europe/2-2-025_sarajevo.md
2-2-026,capitales-chefs-lieux,europe,Belgrade,Belgrade,Q3711,https://thumb.wikimedia.org/wikipedia/commons/thumb/2/24/Flag_of_Belgrade%2C_Serbia.svg/1280px-Flag_of_Belgrade%2C_Serbia.svg.png?utm_source=fr.wikipedia.org&utm_campaign=api&utm_content=thumbnail,ok,capitales-chefs-lieux/europe/2-2-026_belgrade.md
2-2-027,capitales-chefs-lieux,europe,Podgorica,Podgorica,Q23564,https://thumb.wikimedia.org/wikipedia/commons/thumb/6/65/Flag_of_Podgorica%2C_Montenegro.svg/1280px-Flag_of_Podgorica%2C_Montenegro.svg.png?utm_source=fr.wikipedia.org&utm_campaign=api&utm_content=thumbnail,ok,capitales-chefs-lieux/europe/2-2-027_podgorica.md
2-2-028,capitales-chefs-lieux,europe,Skopje,Skopje,Q384,https://upload.wikimedia.org/wikipedia/commons/7/77/Skopje_landmarks.jpg?utm_source=fr.wikipedia.org&utm_campaign=api&utm_content=thumbnail_unscaled,ok,capitales-chefs-lieux/europe/2-2-028_skopje.md
2-2-029,capitales-chefs-lieux,europe,Tirana,Tirana,Q19689,https://thumb.wikimedia.org/wikipedia/commons/thumb/9/9d/Flag_of_Tirana.svg/1280px-Flag_of_Tirana.svg.png?utm_source=fr.wikipedia.org&utm_campaign=api&utm_content=thumbnail,ok,capitales-chefs-lieux/europe/2-2-029_tirana.md
2-2-030,capitales-chefs-lieux,europe,Sofia,Sofia,Q472,https://thumb.wikimedia.org/wikipedia/commons/thumb/7/72/BG_Sofia_flag.svg/1280px-BG_Sofia_flag.svg.png?utm_source=fr.wikipedia.org&utm_campaign=api&utm_content=thumbnail,ok,capitales-chefs-lieux/europe/2-2-030_sofia.md
2-2-031,capitales-chefs-lieux,europe,Bucarest,Bucarest,Q19660,https://thumb.wikimedia.org/wikipedia/commons/thumb/5/55/ROU_Bucharest_Flag.svg/1280px-ROU_Bucharest_Flag.svg.png?utm_source=fr.wikipedia.org&utm_campaign=api&utm_content=thumbnail,ok,capitales-chefs-lieux/europe/2-2-031_bucarest.md
2-2-032,capitales-chefs-lieux,europe,Chișinău,Chișinău,Q21197,https://thumb.wikimedia.org/wikipedia/commons/thumb/9/98/Flag_of_Chi%C8%99in%C4%83u.svg/1280px-Flag_of_Chi%C8%99in%C4%83u.svg.png?utm_source=fr.wikipedia.org&utm_campaign=api&utm_content=thumbnail,ok,capitales-chefs-lieux/europe/2-2-032_chisinau.md
2-2-033,capitales-chefs-lieux,europe,Kyiv,Kiev,Q1899,https://thumb.wikimedia.org/wikipedia/commons/thumb/3/35/Flag_of_Kyiv_Kurovskyi.svg/1280px-Flag_of_Kyiv_Kurovskyi.svg.png?utm_source=fr.wikipedia.org&utm_campaign=api&utm_content=thumbnail,ok,capitales-chefs-lieux/europe/2-2-033_kyiv.md
2-2-034,capitales-chefs-lieux,europe,Minsk,Minsk,Q2280,https://thumb.wikimedia.org/wikipedia/commons/thumb/6/69/Flag_of_Minsk%2C_Belarus.svg/1280px-Flag_of_Minsk%2C_Belarus.svg.png?utm_source=fr.wikipedia.org&utm_campaign=api&utm_content=thumbnail,ok,capitales-chefs-lieux/europe/2-2-034_minsk.md
2-2-035,capitales-chefs-lieux,europe,Moscou,Moscou,Q649,https://thumb.wikimedia.org/wikipedia/commons/thumb/0/03/Flag_of_Moscow%2C_Russia.svg/1280px-Flag_of_Moscow%2C_Russia.svg.png?utm_source=fr.wikipedia.org&utm_campaign=api&utm_content=thumbnail,ok,capitales-chefs-lieux/europe/2-2-035_moscou.md
2-2-036,capitales-chefs-lieux,europe,Vilnius,Vilnius,Q216,https://thumb.wikimedia.org/wikipedia/commons/thumb/f/f0/Gedimino_pilis_by_Augustas_Didzgalvis_%28cropped%29.jpg/1280px-Gedimino_pilis_by_Augustas_Didzgalvis_%28cropped%29.jpg?utm_source=fr.wikipedia.org&utm_campaign=api&utm_content=thumbnail,ok,capitales-chefs-lieux/europe/2-2-036_vilnius.md
2-2-037,capitales-chefs-lieux,europe,Riga,Riga,Q1773,https://thumb.wikimedia.org/wikipedia/commons/thumb/3/3e/Flag_of_Riga.svg/1280px-Flag_of_Riga.svg.png?utm_source=fr.wikipedia.org&utm_campaign=api&utm_content=thumbnail,ok,capitales-chefs-lieux/europe/2-2-037_riga.md
2-2-038,capitales-chefs-lieux,europe,Tallinn,Tallinn,Q1770,https://thumb.wikimedia.org/wikipedia/commons/thumb/7/73/Flag_of_Tallinn.svg/1280px-Flag_of_Tallinn.svg.png?utm_source=fr.wikipedia.org&utm_campaign=api&utm_content=thumbnail,ok,capitales-chefs-lieux/europe/2-2-038_tallinn.md
2-2-039,capitales-chefs-lieux,europe,La Valette,La Valette,Q23800,https://thumb.wikimedia.org/wikipedia/commons/thumb/0/0e/Flag_of_Valletta%2C_Malta.svg/1280px-Flag_of_Valletta%2C_Malta.svg.png?utm_source=fr.wikipedia.org&utm_campaign=api&utm_content=thumbnail,ok,capitales-chefs-lieux/europe/2-2-039_la-valette.md
2-2-040,capitales-chefs-lieux,europe,Nicosie,Nicosie,Q3856,https://thumb.wikimedia.org/wikipedia/commons/thumb/c/c1/Flag_of_Nicosia.svg/1280px-Flag_of_Nicosia.svg.png?utm_source=fr.wikipedia.org&utm_campaign=api&utm_content=thumbnail,ok,capitales-chefs-lieux/europe/2-2-040_nicosie.md
2-2-041,capitales-chefs-lieux,europe,Vaduz,Vaduz,Q1844,https://thumb.wikimedia.org/wikipedia/commons/thumb/9/9b/View_of_Vaduz.jpg/1280px-View_of_Vaduz.jpg?utm_source=fr.wikipedia.org&utm_campaign=api&utm_content=thumbnail,ok,capitales-chefs-lieux/europe/2-2-041_vaduz.md
2-2-042,capitales-chefs-lieux,europe,Monaco,Monaco,Q235,https://thumb.wikimedia.org/wikipedia/commons/thumb/4/4f/Monaco_Europe_Location.svg/1280px-Monaco_Europe_Location.svg.png?utm_source=fr.wikipedia.org&utm_campaign=api&utm_content=thumbnail,ok,capitales-chefs-lieux/europe/2-2-042_monaco.md
2-2-043,capitales-chefs-lieux,europe,Saint-Marin,Saint-Marin,Q238,https://thumb.wikimedia.org/wikipedia/commons/thumb/6/6a/Location_San_Marino_Europe.svg/1280px-Location_San_Marino_Europe.svg.png?utm_source=fr.wikipedia.org&utm_campaign=api&utm_content=thumbnail,ok,capitales-chefs-lieux/europe/2-2-043_saint-marin.md
2-2-044,capitales-chefs-lieux,europe,Andorre-la-Vieille,Andorre-la-Vieille,Q1863,https://thumb.wikimedia.org/wikipedia/commons/thumb/4/41/LargeVue-Andorra.jpg/1280px-LargeVue-Andorra.jpg?utm_source=fr.wikipedia.org&utm_campaign=api&utm_content=thumbnail,ok,capitales-chefs-lieux/europe/2-2-044_andorre-la-vieille.md
2-3-001,capitales-chefs-lieux,monde,Washington D.C.,Washington (district de Columbia),Q61,https://thumb.wikimedia.org/wikipedia/commons/thumb/0/03/Flag_of_Washington%2C_D.C.svg/1280px-Flag_of_Washington%2C_D.C.svg.png?utm_source=fr.wikipedia.org&utm_campaign=api&utm_content=thumbnail,ok,capitales-chefs-lieux/monde/2-3-001_washington-d-c.md
2-3-002,capitales-chefs-lieux,monde,Tokyo,Tokyo,Q1490,https://upload.wikimedia.org/wikipedia/commons/b/bf/Tokyo_Montage_2015.jpg?utm_source=fr.wikipedia.org&utm_campaign=api&utm_content=thumbnail_unscaled,ok,capitales-chefs-lieux/monde/2-3-002_tokyo.md
2-3-003,capitales-chefs-lieux,monde,Pékin,Pékin,Q956,https://thumb.wikimedia.org/wikipedia/commons/thumb/e/e4/%E5%A4%A9%E5%AE%89%E9%97%A8%E5%A4%9C%E6%99%AF.jpg/1280px-%E5%A4%A9%E5%AE%89%E9%97%A8%E5%A4%9C%E6%99%AF.jpg?utm_source=fr.wikipedia.org&utm_campaign=api&utm_content=thumbnail,ok,capitales-chefs-lieux/monde/2-3-003_pekin.md
2-3-004,capitales-chefs-lieux,monde,Le Caire,Le Caire,Q85,https://thumb.wikimedia.org/wikipedia/commons/thumb/1/1a/Flag_of_Cairo.svg/1280px-Flag_of_Cairo.svg.png?utm_source=fr.wikipedia.org&utm_campaign=api&utm_content=thumbnail,ok,capitales-chefs-lieux/monde/2-3-004_le-caire.md
2-3-005,capitales-chefs-lieux,monde,Canberra,Canberra,Q3114,https://thumb.wikimedia.org/wikipedia/commons/thumb/8/8c/Flag_of_the_Australian_Capital_Territory.svg/1280px-Flag_of_the_Australian_Capital_Territory.svg.png?utm_source=fr.wikipedia.org&utm_campaign=api&utm_content=thumbnail,ok,capitales-chefs-lieux/monde/2-3-005_canberra.md
2-3-006,capitales-chefs-lieux,monde,Ankara,Ankara,Q3640,https://upload.wikimedia.org/wikipedia/commons/0/04/Ankara_Montage_2020.jpg?utm_source=fr.wikipedia.org&utm_campaign=api&utm_content=thumbnail_unscaled,ok,capitales-chefs-lieux/monde/2-3-006_ankara.md
2-3-007,capitales-chefs-lieux,monde,Ottawa,Ottawa,Q1930,https://thumb.wikimedia.org/wikipedia/commons/thumb/b/b2/Centre_Block_-_Parliament_Hill.jpg/1280px-Centre_Block_-_Parliament_Hill.jpg?utm_source=fr.wikipedia.org&utm_campaign=api&utm_content=thumbnail,ok,capitales-chefs-lieux/monde/2-3-007_ottawa.md
2-3-008,capitales-chefs-lieux,monde,Mexico,Mexico,Q1489,https://thumb.wikimedia.org/wikipedia/commons/thumb/b/b3/Flag_of_Mexico_City%2C_Mexico.svg/1280px-Flag_of_Mexico_City%2C_Mexico.svg.png?utm_source=fr.wikipedia.org&utm_campaign=api&utm_content=thumbnail,ok,capitales-chefs-lieux/monde/2-3-008_mexico.md
2-3-009,capitales-chefs-lieux,monde,Brasilia,Brasilia,Q2844,https://thumb.wikimedia.org/wikipedia/commons/thumb/3/3c/Bandeira_do_Distrito_Federal_%28Brasil%29.svg/1280px-Bandeira_do_Distrito_Federal_%28Brasil%29.svg.png?utm_source=fr.wikipedia.org&utm_campaign=api&utm_content=thumbnail,ok,capitales-chefs-lieux/monde/2-3-009_brasilia.md
2-3-010,capitales-chefs-lieux,monde,Buenos Aires,Buenos Aires,Q1486,https://thumb.wikimedia.org/wikipedia/commons/thumb/f/f5/Bandera_de_la_Ciudad_de_Buenos_Aires.svg/1280px-Bandera_de_la_Ciudad_de_Buenos_Aires.svg.png?utm_source=fr.wikipedia.org&utm_campaign=api&utm_content=thumbnail,ok,capitales-chefs-lieux/monde/2-3-010_buenos-aires.md
2-3-011,capitales-chefs-lieux,monde,Santiago,Santiago,Q2887,https://thumb.wikimedia.org/wikipedia/commons/thumb/2/2e/Flag_of_Santiago_de_Chile.svg/1280px-Flag_of_Santiago_de_Chile.svg.png?utm_source=fr.wikipedia.org&utm_campaign=api&utm_content=thumbnail,ok,capitales-chefs-lieux/monde/2-3-011_santiago.md
2-3-012,capitales-chefs-lieux,monde,Bogota,Bogota,Q2841,https://thumb.wikimedia.org/wikipedia/commons/thumb/3/3c/Casa_Cural_de_la_Catedral_2.jpg/1280px-Casa_Cural_de_la_Catedral_2.jpg?utm_source=fr.wikipedia.org&utm_campaign=api&utm_content=thumbnail,ok,capitales-chefs-lieux/monde/2-3-012_bogota.md
2-3-013,capitales-chefs-lieux,monde,Lima,Lima,Q2868,https://thumb.wikimedia.org/wikipedia/commons/thumb/c/c2/Flag_of_Lima.svg/1280px-Flag_of_Lima.svg.png?utm_source=fr.wikipedia.org&utm_campaign=api&utm_content=thumbnail,ok,capitales-chefs-lieux/monde/2-3-013_lima.md
2-3-014,capitales-chefs-lieux,monde,Montevideo,Montevideo,Q1335,https://thumb.wikimedia.org/wikipedia/commons/thumb/c/ca/The_City_%28198895997%29.jpeg/1280px-The_City_%28198895997%29.jpeg?utm_source=fr.wikipedia.org&utm_campaign=api&utm_content=thumbnail,ok,capitales-chefs-lieux/monde/2-3-014_montevideo.md
2-3-015,capitales-chefs-lieux,monde,La Havane,La Havane,Q1563,https://thumb.wikimedia.org/wikipedia/commons/thumb/8/8b/Flag_of_City_of_Havana.svg/1280px-Flag_of_City_of_Havana.svg.png?utm_source=fr.wikipedia.org&utm_campaign=api&utm_content=thumbnail,ok,capitales-chefs-lieux/monde/2-3-015_la-havane.md
2-3-016,capitales-chefs-lieux,monde,Rabat,Rabat,Q3551,https://upload.wikimedia.org/wikipedia/commons/d/d9/Rabat_Tour_Hassan.jpg?utm_source=fr.wikipedia.org&utm_campaign=api&utm_content=thumbnail_unscaled,ok,capitales-chefs-lieux/monde/2-3-016_rabat.md
2-3-017,capitales-chefs-lieux,monde,Tunis,Tunis,Q3572,https://thumb.wikimedia.org/wikipedia/commons/thumb/c/c1/Vue_de_Tunis.jpg/1280px-Vue_de_Tunis.jpg?utm_source=fr.wikipedia.org&utm_campaign=api&utm_content=thumbnail,ok,capitales-chefs-lieux/monde/2-3-017_tunis.md
2-3-018,capitales-chefs-lieux,monde,Alger,Alger,Q3561,https://thumb.wikimedia.org/wikipedia/commons/thumb/7/71/Station_Tafourah_-_Grande_Poste_-_2025-05-03_-_IMG_101.jpg/1280px-Station_Tafourah_-_Grande_Poste_-_2025-05-03_-_IMG_101.jpg?utm_source=fr.wikipedia.org&utm_campaign=api&utm_content=thumbnail,ok,capitales-chefs-lieux/monde/2-3-018_alger.md
2-3-019,capitales-chefs-lieux,monde,Dakar,Dakar,Q3718,https://thumb.wikimedia.org/wikipedia/commons/thumb/9/9d/Flag_of_Dakar%2C_Senegal.svg/1280px-Flag_of_Dakar%2C_Senegal.svg.png?utm_source=fr.wikipedia.org&utm_campaign=api&utm_content=thumbnail,ok,capitales-chefs-lieux/monde/2-3-019_dakar.md
2-3-020,capitales-chefs-lieux,monde,Yamoussoukro,Yamoussoukro,Q3768,https://thumb.wikimedia.org/wikipedia/commons/thumb/e/e2/Yamoussoukro_panorama.jpg/1280px-Yamoussoukro_panorama.jpg?utm_source=fr.wikipedia.org&utm_campaign=api&utm_content=thumbnail,ok,capitales-chefs-lieux/monde/2-3-020_yamoussoukro.md
2-3-021,capitales-chefs-lieux,monde,Abuja,Abuja,Q3787,https://thumb.wikimedia.org/wikipedia/commons/thumb/c/c1/Flag_of_Abuja.svg/1280px-Flag_of_Abuja.svg.png?utm_source=fr.wikipedia.org&utm_campaign=api&utm_content=thumbnail,ok,capitales-chefs-lieux/monde/2-3-021_abuja.md
2-3-022,capitales-chefs-lieux,monde,Yaoundé,Yaoundé,Q3808,https://thumb.wikimedia.org/wikipedia/commons/thumb/6/69/Cath%C3%A9drale_notre_dame_de_victoire_de_Yaound%C3%A9_01.JPG/1280px-Cath%C3%A9drale_notre_dame_de_victoire_de_Yaound%C3%A9_01.JPG?utm_source=fr.wikipedia.org&utm_campaign=api&utm_content=thumbnail,ok,capitales-chefs-lieux/monde/2-3-022_yaounde.md
2-3-023,capitales-chefs-lieux,monde,Accra,Accra,Q3761,https://thumb.wikimedia.org/wikipedia/commons/thumb/c/cd/Flag_of_Accra.svg/1280px-Flag_of_Accra.svg.png?utm_source=fr.wikipedia.org&utm_campaign=api&utm_content=thumbnail,ok,capitales-chefs-lieux/monde/2-3-023_accra.md
2-3-024,capitales-chefs-lieux,monde,Nairobi,Nairobi,Q3870,https://thumb.wikimedia.org/wikipedia/commons/thumb/8/84/Flag_of_Nairobi.svg/1280px-Flag_of_Nairobi.svg.png?utm_source=fr.wikipedia.org&utm_campaign=api&utm_content=thumbnail,ok,capitales-chefs-lieux/monde/2-3-024_nairobi.md
2-3-025,capitales-chefs-lieux,monde,Addis-Abeba,Addis-Abeba,Q3624,https://thumb.wikimedia.org/wikipedia/commons/thumb/6/6f/Flag_of_Addis_Ababa.svg/1280px-Flag_of_Addis_Ababa.svg.png?utm_source=fr.wikipedia.org&utm_campaign=api&utm_content=thumbnail,ok,capitales-chefs-lieux/monde/2-3-025_addis-abeba.md
2-3-026,capitales-chefs-lieux,monde,Pretoria,Pretoria,Q3926,https://thumb.wikimedia.org/wikipedia/commons/thumb/3/34/Flag_of_Pretoria%2C_South_Africa.svg/1280px-Flag_of_Pretoria%2C_South_Africa.svg.png?utm_source=fr.wikipedia.org&utm_campaign=api&utm_content=thumbnail,ok,capitales-chefs-lieux/monde/2-3-026_pretoria.md
2-3-027,capitales-chefs-lieux,monde,New Delhi,New Delhi,Q987,https://upload.wikimedia.org/wikipedia/commons/d/d4/New_Delhi_Municipal_Council_Flag_of_India.png?utm_source=fr.wikipedia.org&utm_campaign=api&utm_content=thumbnail_unscaled,ok,capitales-chefs-lieux/monde/2-3-027_new-delhi.md
2-3-028,capitales-chefs-lieux,monde,Séoul,Séoul,Q8684,https://thumb.wikimedia.org/wikipedia/commons/thumb/a/a5/Seoul_Sunset_%28192602565%29.jpeg/1280px-Seoul_Sunset_%28192602565%29.jpeg?utm_source=fr.wikipedia.org&utm_campaign=api&utm_content=thumbnail,ok,capitales-chefs-lieux/monde/2-3-028_seoul.md
2-3-029,capitales-chefs-lieux,monde,Bangkok,Bangkok,Q1861,https://thumb.wikimedia.org/wikipedia/commons/thumb/b/b6/Flag_of_Bangkok.svg/1280px-Flag_of_Bangkok.svg.png?utm_source=fr.wikipedia.org&utm_campaign=api&utm_content=thumbnail,ok,capitales-chefs-lieux/monde/2-3-029_bangkok.md
2-3-030,capitales-chefs-lieux,monde,Hanoï,Hanoï,Q1858,https://thumb.wikimedia.org/wikipedia/commons/thumb/d/d9/04489-Hanoi_%2832954159775%29.jpg/1280px-04489-Hanoi_%2832954159775%29.jpg?utm_source=fr.wikipedia.org&utm_campaign=api&utm_content=thumbnail,ok,capitales-chefs-lieux/monde/2-3-030_hanoi.md
2-3-031,capitales-chefs-lieux,monde,Jakarta,Jakarta,Q3630,https://thumb.wikimedia.org/wikipedia/commons/thumb/8/8e/Flag_of_Jakarta_%28vectorised%29.svg/1280px-Flag_of_Jakarta_%28vectorised%29.svg.png?utm_source=fr.wikipedia.org&utm_campaign=api&utm_content=thumbnail,ok,capitales-chefs-lieux/monde/2-3-031_jakarta.md
2-3-032,capitales-chefs-lieux,monde,Manille,Manille,Q1461,https://thumb.wikimedia.org/wikipedia/commons/thumb/4/48/Flag_of_Manila.svg/1280px-Flag_of_Manila.svg.png?utm_source=fr.wikipedia.org&utm_campaign=api&utm_content=thumbnail,ok,capitales-chefs-lieux/monde/2-3-032_manille.md
2-3-033,capitales-chefs-lieux,monde,Singapour,Singapour,Q334,https://thumb.wikimedia.org/wikipedia/commons/thumb/3/37/Singapore_on_the_globe_%28Southeast_Asia_centered%29_zoom.svg/1280px-Singapore_on_the_globe_%28Southeast_Asia_centered%29_zoom.svg.png?utm_source=fr.wikipedia.org&utm_campaign=api&utm_content=thumbnail,ok,capitales-chefs-lieux/monde/2-3-033_singapour.md
2-3-034,capitales-chefs-lieux,monde,Kuala Lumpur,Kuala Lumpur,Q1865,https://thumb.wikimedia.org/wikipedia/commons/thumb/6/64/Flag_of_Kuala_Lumpur%2C_Malaysia.svg/1280px-Flag_of_Kuala_Lumpur%2C_Malaysia.svg.png?utm_source=fr.wikipedia.org&utm_campaign=api&utm_content=thumbnail,ok,capitales-chefs-lieux/monde/2-3-034_kuala-lumpur.md
2-3-035,capitales-chefs-lieux,monde,Islamabad,Islamabad,Q1362,https://thumb.wikimedia.org/wikipedia/commons/thumb/f/fa/Faisal_Masjid_From_Damn_e_koh.jpg/1280px-Faisal_Masjid_From_Damn_e_koh.jpg?utm_source=fr.wikipedia.org&utm_campaign=api&utm_content=thumbnail,ok,capitales-chefs-lieux/monde/2-3-035_islamabad.md
2-3-036,capitales-chefs-lieux,monde,Dacca,Dacca,Q1354,https://upload.wikimedia.org/wikipedia/commons/7/7a/%E0%A6%AE%E0%A6%A4%E0%A6%BF%E0%A6%9D%E0%A6%BF%E0%A6%B2_%E0%A6%A2%E0%A6%BE%E0%A6%95%E0%A6%BE.jpg?utm_source=fr.wikipedia.org&utm_campaign=api&utm_content=thumbnail_unscaled,ok,capitales-chefs-lieux/monde/2-3-036_dacca.md
2-3-037,capitales-chefs-lieux,monde,Téhéran,Téhéran,Q3616,https://thumb.wikimedia.org/wikipedia/commons/thumb/a/ae/North_of_Tehran_Skyline_view.jpg/1280px-North_of_Tehran_Skyline_view.jpg?utm_source=fr.wikipedia.org&utm_campaign=api&utm_content=thumbnail,ok,capitales-chefs-lieux/monde/2-3-037_teheran.md
2-3-038,capitales-chefs-lieux,monde,Bagdad,Bagdad,Q1530,https://thumb.wikimedia.org/wikipedia/commons/thumb/9/96/Flag_of_Baghdad.svg/1280px-Flag_of_Baghdad.svg.png?utm_source=fr.wikipedia.org&utm_campaign=api&utm_content=thumbnail,ok,capitales-chefs-lieux/monde/2-3-038_bagdad.md
2-3-039,capitales-chefs-lieux,monde,Riyad,Riyad,Q3692,https://thumb.wikimedia.org/wikipedia/commons/thumb/5/5a/Riyadh_North_Skyline_.jpg/1280px-Riyadh_North_Skyline_.jpg?utm_source=fr.wikipedia.org&utm_campaign=api&utm_content=thumbnail,ok,capitales-chefs-lieux/monde/2-3-039_riyad.md
2-3-040,capitales-chefs-lieux,monde,Jérusalem,Jérusalem,Q1218,https://thumb.wikimedia.org/wikipedia/commons/thumb/2/22/Jerusalem-2013%282%29-Aerial-Temple_Mount-%28south_exposure%29.jpg/1280px-Jerusalem-2013%282%29-Aerial-Temple_Mount-%28south_exposure%29.jpg?utm_source=fr.wikipedia.org&utm_campaign=api&utm_content=thumbnail,ok,capitales-chefs-lieux/monde/2-3-040_jerusalem.md
2-3-041,capitales-chefs-lieux,monde,Abou Dabi,Abou Dabi,Q96467976,,no-image,capitales-chefs-lieux/monde/2-3-041_abou-dabi.md
2-3-042,capitales-chefs-lieux,monde,Doha,Doha,Q3861,https://thumb.wikimedia.org/wikipedia/commons/thumb/4/44/IMG_copy.jpg/1280px-IMG_copy.jpg?utm_source=fr.wikipedia.org&utm_campaign=api&utm_content=thumbnail,ok,capitales-chefs-lieux/monde/2-3-042_doha.md
2-3-043,capitales-chefs-lieux,monde,Beyrouth,Beyrouth,Q3820,https://upload.wikimedia.org/wikipedia/commons/7/7e/Drapeau_de_Beyrouth.png?utm_source=fr.wikipedia.org&utm_campaign=api&utm_content=thumbnail_unscaled,ok,capitales-chefs-lieux/monde/2-3-043_beyrouth.md
2-3-044,capitales-chefs-lieux,monde,Amman,Amman,Q3805,https://thumb.wikimedia.org/wikipedia/commons/thumb/1/17/Flag_of_Amman.svg/1280px-Flag_of_Amman.svg.png?utm_source=fr.wikipedia.org&utm_campaign=api&utm_content=thumbnail,ok,capitales-chefs-lieux/monde/2-3-044_amman.md
2-3-045,capitales-chefs-lieux,monde,Astana,Astana,Q1520,https://thumb.wikimedia.org/wikipedia/commons/thumb/0/00/Flag_of_Astana%2C_Kazakhstan_%28latin%29.svg/1280px-Flag_of_Astana%2C_Kazakhstan_%28latin%29.svg.png?utm_source=fr.wikipedia.org&utm_campaign=api&utm_content=thumbnail,ok,capitales-chefs-lieux/monde/2-3-045_astana.md
2-3-046,capitales-chefs-lieux,monde,Tachkent,Tachkent,Q269,https://upload.wikimedia.org/wikipedia/commons/3/33/Tashkent_skyline_2019.jpg?utm_source=fr.wikipedia.org&utm_campaign=api&utm_content=thumbnail_unscaled,ok,capitales-chefs-lieux/monde/2-3-046_tachkent.md
2-3-047,capitales-chefs-lieux,monde,Wellington,Wellington,Q23661,https://upload.wikimedia.org/wikipedia/commons/0/02/Parlamento_da_Nova_Zel%C3%A2ndia.jpg?utm_source=fr.wikipedia.org&utm_campaign=api&utm_content=thumbnail_unscaled,ok,capitales-chefs-lieux/monde/2-3-047_wellington.md
2-3-048,capitales-chefs-lieux,monde,Katmandou,Katmandou,Q3037,https://thumb.wikimedia.org/wikipedia/commons/thumb/c/cc/Flag_of_Kathmandu.svg/1280px-Flag_of_Kathmandu.svg.png?utm_source=fr.wikipedia.org&utm_campaign=api&utm_content=thumbnail,ok,capitales-chefs-lieux/monde/2-3-048_katmandou.md
2-3-049,capitales-chefs-lieux,monde,Colombo,Colombo,Q35381,https://upload.wikimedia.org/wikipedia/commons/7/7d/Flag_of_Colombo_Municipal_Council.png?utm_source=fr.wikipedia.org&utm_campaign=api&utm_content=thumbnail_unscaled,ok,capitales-chefs-lieux/monde/2-3-049_colombo.md
2-3-050,capitales-chefs-lieux,monde,Oulan-Bator,Oulan-Bator,Q23430,https://thumb.wikimedia.org/wikipedia/commons/thumb/8/82/Flag_of_Ulaanbaatar%2C_Mongolia.svg/1280px-Flag_of_Ulaanbaatar%2C_Mongolia.svg.png?utm_source=fr.wikipedia.org&utm_campaign=api&utm_content=thumbnail,ok,capitales-chefs-lieux/monde/2-3-050_oulan-bator.md
2-1-001,capitales-chefs-lieux,suisse,Berne,Berne,Q70,https://thumb.wikimedia.org/wikipedia/commons/thumb/1/18/Bern_Panorama_07.jpg/1280px-Bern_Panorama_07.jpg?utm_source=fr.wikipedia.org&utm_campaign=api&utm_content=thumbnail,ok,capitales-chefs-lieux/suisse/2-1-001_berne.md
2-1-002,capitales-chefs-lieux,suisse,Lausanne,Lausanne,Q807,https://upload.wikimedia.org/wikipedia/commons/e/e4/Lausanne_Wiki.jpg?utm_source=fr.wikipedia.org&utm_campaign=api&utm_content=thumbnail_unscaled,ok,capitales-chefs-lieux/suisse/2-1-002_lausanne.md
2-1-003,capitales-chefs-lieux,suisse,Genève,Genève,Q71,https://thumb.wikimedia.org/wikipedia/commons/thumb/7/74/Views_of_Geneva_2.jpg/1280px-Views_of_Geneva_2.jpg?utm_source=fr.wikipedia.org&utm_campaign=api&utm_content=thumbnail,ok,capitales-chefs-lieux/suisse/2-1-003_geneve.md
2-1-004,capitales-chefs-lieux,suisse,Sion,Sion,Q225146,,no-image,capitales-chefs-lieux/suisse/2-1-004_sion.md
2-1-005,capitales-chefs-lieux,suisse,Fribourg,Fribourg,Q229033,,no-image,capitales-chefs-lieux/suisse/2-1-005_fribourg.md
2-1-006,capitales-chefs-lieux,suisse,Neuchâtel,Neuchâtel,Q69345,https://upload.wikimedia.org/wikipedia/commons/6/69/Vuevilledeneuchatel.jpg?utm_source=fr.wikipedia.org&utm_campaign=api&utm_content=thumbnail_unscaled,ok,capitales-chefs-lieux/suisse/2-1-006_neuchatel.md
2-1-007,capitales-chefs-lieux,suisse,Zurich,Zurich,Q72,https://thumb.wikimedia.org/wikipedia/commons/thumb/c/cf/1_zurich_panorama_grossmunster_limmat_river_2012.jpg/1280px-1_zurich_panorama_grossmunster_limmat_river_2012.jpg?utm_source=fr.wikipedia.org&utm_campaign=api&utm_content=thumbnail,ok,capitales-chefs-lieux/suisse/2-1-007_zurich.md
2-1-008,capitales-chefs-lieux,suisse,Lucerne,Lucerne,Q4191,https://thumb.wikimedia.org/wikipedia/commons/thumb/9/94/Karte_Gemeinde_Luzern_2013.png/1280px-Karte_Gemeinde_Luzern_2013.png?utm_source=fr.wikipedia.org&utm_campaign=api&utm_content=thumbnail,ok,capitales-chefs-lieux/suisse/2-1-008_lucerne.md
2-1-009,capitales-chefs-lieux,suisse,Lugano,Lugano,Q7024,https://thumb.wikimedia.org/wikipedia/commons/thumb/7/74/Lugano_from_Sighignola.jpg/1280px-Lugano_from_Sighignola.jpg?utm_source=fr.wikipedia.org&utm_campaign=api&utm_content=thumbnail,ok,capitales-chefs-lieux/suisse/2-1-009_lugano.md
2-1-010,capitales-chefs-lieux,suisse,Saint-Gall,Saint-Gall,Q25607,https://thumb.wikimedia.org/wikipedia/commons/thumb/1/1c/Aerial_View_of_Sankt_Gallen_14.02.2008_14-48-58.JPG/1280px-Aerial_View_of_Sankt_Gallen_14.02.2008_14-48-58.JPG?utm_source=fr.wikipedia.org&utm_campaign=api&utm_content=thumbnail,ok,capitales-chefs-lieux/suisse/2-1-010_saint-gall.md
2-1-011,capitales-chefs-lieux,suisse,Coire,Coire,Q69007,https://thumb.wikimedia.org/wikipedia/commons/thumb/e/e7/View_of_Chur.jpg/1280px-View_of_Chur.jpg?utm_source=fr.wikipedia.org&utm_campaign=api&utm_content=thumbnail,ok,capitales-chefs-lieux/suisse/2-1-011_coire.md
2-1-012,capitales-chefs-lieux,suisse,Bellinzone,Bellinzone,Q64044,https://thumb.wikimedia.org/wikipedia/commons/thumb/1/19/Castelgrande_Bellinzona.JPG/1280px-Castelgrande_Bellinzona.JPG?utm_source=fr.wikipedia.org&utm_campaign=api&utm_content=thumbnail,ok,capitales-chefs-lieux/suisse/2-1-012_bellinzone.md
2-1-013,capitales-chefs-lieux,suisse,Altdorf,Altdorf,Q435166,,no-image,capitales-chefs-lieux/suisse/2-1-013_altdorf.md
2-1-014,capitales-chefs-lieux,suisse,Schwytz,Schwytz,Q68155,https://upload.wikimedia.org/wikipedia/commons/5/5b/Schwyz.jpg?utm_source=fr.wikipedia.org&utm_campaign=api&utm_content=thumbnail_unscaled,ok,capitales-chefs-lieux/suisse/2-1-014_schwytz.md
2-1-015,capitales-chefs-lieux,suisse,Sarnen,Sarnen,Q63964,https://upload.wikimedia.org/wikipedia/commons/1/1d/Sarnen-See.jpg?utm_source=fr.wikipedia.org&utm_campaign=api&utm_content=thumbnail_unscaled,ok,capitales-chefs-lieux/suisse/2-1-015_sarnen.md
2-1-016,capitales-chefs-lieux,suisse,Stans,Stans,Q63931,https://thumb.wikimedia.org/wikipedia/commons/thumb/3/38/Ortsmitte_Stans.JPG/1280px-Ortsmitte_Stans.JPG?utm_source=fr.wikipedia.org&utm_campaign=api&utm_content=thumbnail,ok,capitales-chefs-lieux/suisse/2-1-016_stans.md
2-1-017,capitales-chefs-lieux,suisse,Glaris,Glaris,Q63912,https://upload.wikimedia.org/wikipedia/commons/9/9e/Picswiss_GL-13-08.jpg?utm_source=fr.wikipedia.org&utm_campaign=api&utm_content=thumbnail_unscaled,ok,capitales-chefs-lieux/suisse/2-1-017_glaris.md
2-1-018,capitales-chefs-lieux,suisse,Zoug,Zoug,Q68144,https://thumb.wikimedia.org/wikipedia/commons/thumb/5/54/City_of_zug_oldtown_aerial_view_%E8%80%81%E9%95%87.jpg/1280px-City_of_zug_oldtown_aerial_view_%E8%80%81%E9%95%87.jpg?utm_source=fr.wikipedia.org&utm_campaign=api&utm_content=thumbnail,ok,capitales-chefs-lieux/suisse/2-1-018_zoug.md
2-1-019,capitales-chefs-lieux,suisse,Soleure,Soleure,Q68965,https://thumb.wikimedia.org/wikipedia/commons/thumb/6/65/Solothurn_2023.jpg/1280px-Solothurn_2023.jpg?utm_source=fr.wikipedia.org&utm_campaign=api&utm_content=thumbnail,ok,capitales-chefs-lieux/suisse/2-1-019_soleure.md
2-1-020,capitales-chefs-lieux,suisse,Bâle,Bâle,Q78,https://thumb.wikimedia.org/wikipedia/commons/thumb/1/18/Basel_-_M%C3%BCnsterpfalz3.jpg/1280px-Basel_-_M%C3%BCnsterpfalz3.jpg?utm_source=fr.wikipedia.org&utm_campaign=api&utm_content=thumbnail,ok,capitales-chefs-lieux/suisse/2-1-020_bale.md
2-1-021,capitales-chefs-lieux,suisse,Liestal,Liestal,Q68972,https://thumb.wikimedia.org/wikipedia/commons/thumb/d/d1/Panorama-2000.jpg/1280px-Panorama-2000.jpg?utm_source=fr.wikipedia.org&utm_campaign=api&utm_content=thumbnail,ok,capitales-chefs-lieux/suisse/2-1-021_liestal.md
2-1-022,capitales-chefs-lieux,suisse,Schaffhouse,Schaffhouse,Q9009,https://thumb.wikimedia.org/wikipedia/commons/thumb/0/00/Schaffhausen.jpg/1280px-Schaffhausen.jpg?utm_source=fr.wikipedia.org&utm_campaign=api&utm_content=thumbnail,ok,capitales-chefs-lieux/suisse/2-1-022_schaffhouse.md
2-1-023,capitales-chefs-lieux,suisse,Herisau,Herisau,Q63970,https://upload.wikimedia.org/wikipedia/commons/e/e3/Herisau.jpg?utm_source=fr.wikipedia.org&utm_campaign=api&utm_content=thumbnail_unscaled,ok,capitales-chefs-lieux/suisse/2-1-023_herisau.md
2-1-024,capitales-chefs-lieux,suisse,Appenzell,Appenzell,Q209270,https://thumb.wikimedia.org/wikipedia/commons/thumb/3/3e/Appenzell_2022.JPG/1280px-Appenzell_2022.JPG?utm_source=fr.wikipedia.org&utm_campaign=api&utm_content=thumbnail,ok,capitales-chefs-lieux/suisse/2-1-024_appenzell.md
2-1-025,capitales-chefs-lieux,suisse,Aarau,Aarau,Q14274,https://upload.wikimedia.org/wikipedia/commons/a/a8/Aarau_Altstadt.jpg?utm_source=fr.wikipedia.org&utm_campaign=api&utm_content=thumbnail_unscaled,ok,capitales-chefs-lieux/suisse/2-1-025_aarau.md
2-1-026,capitales-chefs-lieux,suisse,Frauenfeld,Frauenfeld,Q68120,https://thumb.wikimedia.org/wikipedia/commons/thumb/f/fa/20080507_1708MESZ_Schloss_Frauenfeld_1680x1050_HDR.jpg/1280px-20080507_1708MESZ_Schloss_Frauenfeld_1680x1050_HDR.jpg?utm_source=fr.wikipedia.org&utm_campaign=api&utm_content=thumbnail,ok,capitales-chefs-lieux/suisse/2-1-026_frauenfeld.md
2-1-027,capitales-chefs-lieux,suisse,Delémont,Delémont,Q63896,https://thumb.wikimedia.org/wikipedia/commons/thumb/7/74/Ville_de_Del%C3%A9mont.jpg/1280px-Ville_de_Del%C3%A9mont.jpg?utm_source=fr.wikipedia.org&utm_campaign=api&utm_content=thumbnail,ok,capitales-chefs-lieux/suisse/2-1-027_delemont.md
1-2-001,drapeaux,europe,France,,,,flag-special,drapeaux/europe/1-2-001_france.md
1-2-002,drapeaux,europe,Allemagne,,,,flag-special,drapeaux/europe/1-2-002_allemagne.md
1-2-003,drapeaux,europe,Italie,,,,flag-special,drapeaux/europe/1-2-003_italie.md
1-2-004,drapeaux,europe,Autriche,,,,flag-special,drapeaux/europe/1-2-004_autriche.md
1-2-005,drapeaux,europe,Union européenne,,,,flag-special,drapeaux/europe/1-2-005_union-europeenne.md
1-2-006,drapeaux,europe,Royaume-Uni,,,,flag-special,drapeaux/europe/1-2-006_royaume-uni.md
1-2-007,drapeaux,europe,Espagne,,,,flag-special,drapeaux/europe/1-2-007_espagne.md
1-2-008,drapeaux,europe,Portugal,,,,flag-special,drapeaux/europe/1-2-008_portugal.md
1-2-009,drapeaux,europe,Norvège,,,,flag-special,drapeaux/europe/1-2-009_norvege.md
1-2-010,drapeaux,europe,Suède,,,,flag-special,drapeaux/europe/1-2-010_suede.md
1-2-011,drapeaux,europe,Grèce,,,,flag-special,drapeaux/europe/1-2-011_grece.md
1-2-012,drapeaux,europe,Irlande,,,,flag-special,drapeaux/europe/1-2-012_irlande.md
1-2-013,drapeaux,europe,Pays-Bas,,,,flag-special,drapeaux/europe/1-2-013_pays-bas.md
1-2-014,drapeaux,europe,Belgique,,,,flag-special,drapeaux/europe/1-2-014_belgique.md
1-2-015,drapeaux,europe,Luxembourg,,,,flag-special,drapeaux/europe/1-2-015_luxembourg.md
1-2-016,drapeaux,europe,Danemark,,,,flag-special,drapeaux/europe/1-2-016_danemark.md
1-2-017,drapeaux,europe,Finlande,,,,flag-special,drapeaux/europe/1-2-017_finlande.md
1-2-018,drapeaux,europe,Islande,,,,flag-special,drapeaux/europe/1-2-018_islande.md
1-2-019,drapeaux,europe,Pologne,,,,flag-special,drapeaux/europe/1-2-019_pologne.md
1-2-020,drapeaux,europe,Tchéquie,,,,flag-special,drapeaux/europe/1-2-020_tchequie.md
1-2-021,drapeaux,europe,Slovaquie,,,,flag-special,drapeaux/europe/1-2-021_slovaquie.md
1-2-022,drapeaux,europe,Hongrie,,,,flag-special,drapeaux/europe/1-2-022_hongrie.md
1-2-023,drapeaux,europe,Slovénie,,,,flag-special,drapeaux/europe/1-2-023_slovenie.md
1-2-024,drapeaux,europe,Croatie,,,,flag-special,drapeaux/europe/1-2-024_croatie.md
1-2-025,drapeaux,europe,Bosnie-Herzégovine,,,,flag-special,drapeaux/europe/1-2-025_bosnie-herzegovine.md
1-2-026,drapeaux,europe,Serbie,,,,flag-special,drapeaux/europe/1-2-026_serbie.md
1-2-027,drapeaux,europe,Monténégro,,,,flag-special,drapeaux/europe/1-2-027_montenegro.md
1-2-028,drapeaux,europe,Macédoine du Nord,,,,flag-special,drapeaux/europe/1-2-028_macedoine-du-nord.md
1-2-029,drapeaux,europe,Albanie,,,,flag-special,drapeaux/europe/1-2-029_albanie.md
1-2-030,drapeaux,europe,Bulgarie,,,,flag-special,drapeaux/europe/1-2-030_bulgarie.md
1-2-031,drapeaux,europe,Roumanie,,,,flag-special,drapeaux/europe/1-2-031_roumanie.md
1-2-032,drapeaux,europe,Moldavie,,,,flag-special,drapeaux/europe/1-2-032_moldavie.md
1-2-033,drapeaux,europe,Ukraine,,,,flag-special,drapeaux/europe/1-2-033_ukraine.md
1-2-034,drapeaux,europe,Biélorussie,,,,flag-special,drapeaux/europe/1-2-034_bielorussie.md
1-2-035,drapeaux,europe,Russie,,,,flag-special,drapeaux/europe/1-2-035_russie.md
1-2-036,drapeaux,europe,Lituanie,,,,flag-special,drapeaux/europe/1-2-036_lituanie.md
1-2-037,drapeaux,europe,Lettonie,,,,flag-special,drapeaux/europe/1-2-037_lettonie.md
1-2-038,drapeaux,europe,Estonie,,,,flag-special,drapeaux/europe/1-2-038_estonie.md
1-2-039,drapeaux,europe,Malte,,,,flag-special,drapeaux/europe/1-2-039_malte.md
1-2-040,drapeaux,europe,Chypre,,,,flag-special,drapeaux/europe/1-2-040_chypre.md
1-2-041,drapeaux,europe,Saint-Marin,,,,flag-special,drapeaux/europe/1-2-041_saint-marin.md
1-2-042,drapeaux,europe,Monaco,,,,flag-special,drapeaux/europe/1-2-042_monaco.md
1-2-043,drapeaux,europe,Andorre,,,,flag-special,drapeaux/europe/1-2-043_andorre.md
1-2-044,drapeaux,europe,Liechtenstein,,,,flag-special,drapeaux/europe/1-2-044_liechtenstein.md
1-3-001,drapeaux,monde,Turquie,,,,flag-special,drapeaux/monde/1-3-001_turquie.md
1-3-002,drapeaux,monde,États-Unis,,,,flag-special,drapeaux/monde/1-3-002_etats-unis.md
1-3-003,drapeaux,monde,Canada,,,,flag-special,drapeaux/monde/1-3-003_canada.md
1-3-004,drapeaux,monde,Brésil,,,,flag-special,drapeaux/monde/1-3-004_bresil.md
1-3-005,drapeaux,monde,Japon,,,,flag-special,drapeaux/monde/1-3-005_japon.md
1-3-006,drapeaux,monde,Chine,,,,flag-special,drapeaux/monde/1-3-006_chine.md
1-3-007,drapeaux,monde,Inde,,,,flag-special,drapeaux/monde/1-3-007_inde.md
1-3-008,drapeaux,monde,Afrique du Sud,,,,flag-special,drapeaux/monde/1-3-008_afrique-du-sud.md
1-3-009,drapeaux,monde,Australie,,,,flag-special,drapeaux/monde/1-3-009_australie.md
1-3-010,drapeaux,monde,Népal,,,,flag-special,drapeaux/monde/1-3-010_nepal.md
1-3-011,drapeaux,monde,Vatican,,,,flag-special,drapeaux/monde/1-3-011_vatican.md
1-3-012,drapeaux,monde,Mexique,,,,flag-special,drapeaux/monde/1-3-012_mexique.md
1-3-013,drapeaux,monde,Argentine,,,,flag-special,drapeaux/monde/1-3-013_argentine.md
1-3-014,drapeaux,monde,Chili,,,,flag-special,drapeaux/monde/1-3-014_chili.md
1-3-015,drapeaux,monde,Colombie,,,,flag-special,drapeaux/monde/1-3-015_colombie.md
1-3-016,drapeaux,monde,Pérou,,,,flag-special,drapeaux/monde/1-3-016_perou.md
1-3-017,drapeaux,monde,Uruguay,,,,flag-special,drapeaux/monde/1-3-017_uruguay.md
1-3-018,drapeaux,monde,Cuba,,,,flag-special,drapeaux/monde/1-3-018_cuba.md
1-3-019,drapeaux,monde,Maroc,,,,flag-special,drapeaux/monde/1-3-019_maroc.md
1-3-020,drapeaux,monde,Tunisie,,,,flag-special,drapeaux/monde/1-3-020_tunisie.md
1-3-021,drapeaux,monde,Algérie,,,,flag-special,drapeaux/monde/1-3-021_algerie.md
1-3-022,drapeaux,monde,Égypte,,,,flag-special,drapeaux/monde/1-3-022_egypte.md
1-3-023,drapeaux,monde,Sénégal,,,,flag-special,drapeaux/monde/1-3-023_senegal.md
1-3-024,drapeaux,monde,Côte d'Ivoire,,,,flag-special,drapeaux/monde/1-3-024_cote-d-ivoire.md
1-3-025,drapeaux,monde,Nigeria,,,,flag-special,drapeaux/monde/1-3-025_nigeria.md
1-3-026,drapeaux,monde,Cameroun,,,,flag-special,drapeaux/monde/1-3-026_cameroun.md
1-3-027,drapeaux,monde,Ghana,,,,flag-special,drapeaux/monde/1-3-027_ghana.md
1-3-028,drapeaux,monde,Kenya,,,,flag-special,drapeaux/monde/1-3-028_kenya.md
1-3-029,drapeaux,monde,Éthiopie,,,,flag-special,drapeaux/monde/1-3-029_ethiopie.md
1-3-030,drapeaux,monde,Corée du Sud,,,,flag-special,drapeaux/monde/1-3-030_coree-du-sud.md
1-3-031,drapeaux,monde,Thaïlande,,,,flag-special,drapeaux/monde/1-3-031_thailande.md
1-3-032,drapeaux,monde,Vietnam,,,,flag-special,drapeaux/monde/1-3-032_vietnam.md
1-3-033,drapeaux,monde,Indonésie,,,,flag-special,drapeaux/monde/1-3-033_indonesie.md
1-3-034,drapeaux,monde,Philippines,,,,flag-special,drapeaux/monde/1-3-034_philippines.md
1-3-035,drapeaux,monde,Singapour,,,,flag-special,drapeaux/monde/1-3-035_singapour.md
1-3-036,drapeaux,monde,Malaisie,,,,flag-special,drapeaux/monde/1-3-036_malaisie.md
1-3-037,drapeaux,monde,Pakistan,,,,flag-special,drapeaux/monde/1-3-037_pakistan.md
1-3-038,drapeaux,monde,Bangladesh,,,,flag-special,drapeaux/monde/1-3-038_bangladesh.md
1-3-039,drapeaux,monde,Iran,,,,flag-special,drapeaux/monde/1-3-039_iran.md
1-3-040,drapeaux,monde,Irak,,,,flag-special,drapeaux/monde/1-3-040_irak.md
1-3-041,drapeaux,monde,Arabie saoudite,,,,flag-special,drapeaux/monde/1-3-041_arabie-saoudite.md
1-3-042,drapeaux,monde,Israël,,,,flag-special,drapeaux/monde/1-3-042_israel.md
1-3-043,drapeaux,monde,Émirats arabes unis,,,,flag-special,drapeaux/monde/1-3-043_emirats-arabes-unis.md
1-3-044,drapeaux,monde,Qatar,,,,flag-special,drapeaux/monde/1-3-044_qatar.md
1-3-045,drapeaux,monde,Liban,,,,flag-special,drapeaux/monde/1-3-045_liban.md
1-3-046,drapeaux,monde,Jordanie,,,,flag-special,drapeaux/monde/1-3-046_jordanie.md
1-3-047,drapeaux,monde,Kazakhstan,,,,flag-special,drapeaux/monde/1-3-047_kazakhstan.md
1-3-048,drapeaux,monde,Nouvelle-Zélande,,,,flag-special,drapeaux/monde/1-3-048_nouvelle-zelande.md
1-3-049,drapeaux,monde,Sri Lanka,,,,flag-special,drapeaux/monde/1-3-049_sri-lanka.md
1-3-050,drapeaux,monde,Mongolie,,,,flag-special,drapeaux/monde/1-3-050_mongolie.md
1-1-001,drapeaux,suisse,Suisse,,,,flag-special,drapeaux/suisse/1-1-001_suisse.md
1-1-002,drapeaux,suisse,Genève,,,,flag-special,drapeaux/suisse/1-1-002_geneve.md
1-1-003,drapeaux,suisse,Vaud,,,,flag-special,drapeaux/suisse/1-1-003_vaud.md
1-1-004,drapeaux,suisse,Valais,,,,flag-special,drapeaux/suisse/1-1-004_valais.md
1-1-005,drapeaux,suisse,Fribourg,,,,flag-special,drapeaux/suisse/1-1-005_fribourg.md
1-1-006,drapeaux,suisse,Neuchâtel,,,,flag-special,drapeaux/suisse/1-1-006_neuchatel.md
1-1-007,drapeaux,suisse,Berne,,,,flag-special,drapeaux/suisse/1-1-007_berne.md
1-1-008,drapeaux,suisse,Zurich,,,,flag-special,drapeaux/suisse/1-1-008_zurich.md
1-1-009,drapeaux,suisse,Appenzell Rhodes-Extérieures,,,,flag-special,drapeaux/suisse/1-1-009_appenzell-rhodes-exterieures.md
1-1-010,drapeaux,suisse,Appenzell Rhodes-Intérieures,,,,flag-special,drapeaux/suisse/1-1-010_appenzell-rhodes-interieures.md
1-1-011,drapeaux,suisse,Argovie,,,,flag-special,drapeaux/suisse/1-1-011_argovie.md
1-1-012,drapeaux,suisse,Bâle-Campagne,,,,flag-special,drapeaux/suisse/1-1-012_bale-campagne.md
1-1-013,drapeaux,suisse,Bâle-Ville,,,,flag-special,drapeaux/suisse/1-1-013_bale-ville.md
1-1-014,drapeaux,suisse,Glaris,,,,flag-special,drapeaux/suisse/1-1-014_glaris.md
1-1-015,drapeaux,suisse,Grisons,,,,flag-special,drapeaux/suisse/1-1-015_grisons.md
1-1-016,drapeaux,suisse,Jura,,,,flag-special,drapeaux/suisse/1-1-016_jura.md
1-1-017,drapeaux,suisse,Lucerne,,,,flag-special,drapeaux/suisse/1-1-017_lucerne.md
1-1-018,drapeaux,suisse,Nidwald,,,,flag-special,drapeaux/suisse/1-1-018_nidwald.md
1-1-019,drapeaux,suisse,Obwald,,,,flag-special,drapeaux/suisse/1-1-019_obwald.md
1-1-020,drapeaux,suisse,Saint-Gall,,,,flag-special,drapeaux/suisse/1-1-020_saint-gall.md
1-1-021,drapeaux,suisse,Schaffhouse,,,,flag-special,drapeaux/suisse/1-1-021_schaffhouse.md
1-1-022,drapeaux,suisse,Schwytz,,,,flag-special,drapeaux/suisse/1-1-022_schwytz.md
1-1-023,drapeaux,suisse,Soleure,,,,flag-special,drapeaux/suisse/1-1-023_soleure.md
1-1-024,drapeaux,suisse,Thurgovie,,,,flag-special,drapeaux/suisse/1-1-024_thurgovie.md
1-1-025,drapeaux,suisse,Tessin,,,,flag-special,drapeaux/suisse/1-1-025_tessin.md
1-1-026,drapeaux,suisse,Uri,,,,flag-special,drapeaux/suisse/1-1-026_uri.md
1-1-027,drapeaux,suisse,Zoug,,,,flag-special,drapeaux/suisse/1-1-027_zoug.md
4-3-001,lacs-mers-oceans-rivieres,fleuves-et-rivieres,Rhône,Rhône,Q602,https://thumb.wikimedia.org/wikipedia/commons/thumb/f/ff/Saint-benezet_in_southeastern_France.jpg/1280px-Saint-benezet_in_southeastern_France.jpg?utm_source=fr.wikipedia.org&utm_campaign=api&utm_content=thumbnail,ok,lacs-mers-oceans-rivieres/fleuves-et-rivieres/4-3-001_rhone.md
4-3-002,lacs-mers-oceans-rivieres,fleuves-et-rivieres,Rhin,Rhin,Q584,https://thumb.wikimedia.org/wikipedia/commons/thumb/c/cb/Rhine_Rhein_Basel_2006_871.JPG/1280px-Rhine_Rhein_Basel_2006_871.JPG?utm_source=fr.wikipedia.org&utm_campaign=api&utm_content=thumbnail,ok,lacs-mers-oceans-rivieres/fleuves-et-rivieres/4-3-002_rhin.md
4-3-003,lacs-mers-oceans-rivieres,fleuves-et-rivieres,Danube,Danube,Q1653,https://thumb.wikimedia.org/wikipedia/commons/thumb/4/43/Golubac.JPG/1280px-Golubac.JPG?utm_source=fr.wikipedia.org&utm_campaign=api&utm_content=thumbnail,ok,lacs-mers-oceans-rivieres/fleuves-et-rivieres/4-3-003_danube.md
4-3-004,lacs-mers-oceans-rivieres,fleuves-et-rivieres,Nil,Nil,Q3392,https://upload.wikimedia.org/wikipedia/commons/d/d8/Agilkia.jpg?utm_source=fr.wikipedia.org&utm_campaign=api&utm_content=thumbnail_unscaled,ok,lacs-mers-oceans-rivieres/fleuves-et-rivieres/4-3-004_nil.md
4-3-005,lacs-mers-oceans-rivieres,fleuves-et-rivieres,Amazone,Amazone,Q1173793,,no-image,lacs-mers-oceans-rivieres/fleuves-et-rivieres/4-3-005_amazone.md
4-3-006,lacs-mers-oceans-rivieres,fleuves-et-rivieres,Mississippi,Mississippi,Q1177955,,no-image,lacs-mers-oceans-rivieres/fleuves-et-rivieres/4-3-006_mississippi.md
4-3-007,lacs-mers-oceans-rivieres,fleuves-et-rivieres,Gange,Gange,Q5089,https://upload.wikimedia.org/wikipedia/commons/b/b9/Varanasiganga.jpg?utm_source=fr.wikipedia.org&utm_campaign=api&utm_content=thumbnail_unscaled,ok,lacs-mers-oceans-rivieres/fleuves-et-rivieres/4-3-007_gange.md
4-3-008,lacs-mers-oceans-rivieres,fleuves-et-rivieres,Yangtsé,Yangtsé,Q5413,https://thumb.wikimedia.org/wikipedia/commons/thumb/4/4b/Qutang_Gorge_on_Changjiang.jpg/1280px-Qutang_Gorge_on_Changjiang.jpg?utm_source=fr.wikipedia.org&utm_campaign=api&utm_content=thumbnail,ok,lacs-mers-oceans-rivieres/fleuves-et-rivieres/4-3-008_yangtse.md
4-3-009,lacs-mers-oceans-rivieres,fleuves-et-rivieres,Mékong,Mékong,Q41179,https://thumb.wikimedia.org/wikipedia/commons/thumb/b/b3/Mekong-GD.jpg/1280px-Mekong-GD.jpg?utm_source=fr.wikipedia.org&utm_campaign=api&utm_content=thumbnail,ok,lacs-mers-oceans-rivieres/fleuves-et-rivieres/4-3-009_mekong.md
4-3-010,lacs-mers-oceans-rivieres,fleuves-et-rivieres,Elbe,Elbe,Q411192,,no-image,lacs-mers-oceans-rivieres/fleuves-et-rivieres/4-3-010_elbe.md
4-3-011,lacs-mers-oceans-rivieres,fleuves-et-rivieres,Oder,Oder,Q552,https://upload.wikimedia.org/wikipedia/commons/4/4a/%D0%A3%D1%80%D0%BE%D1%86%D0%BB%D0%B0%D1%9E%D1%81%D0%BA%D1%96%D1%8F_%D0%B7%D0%B0%D0%BC%D0%B0%D0%BB%D1%91%D1%9E%D0%BA%D1%96_12.jpg?utm_source=fr.wikipedia.org&utm_campaign=api&utm_content=thumbnail_unscaled,ok,lacs-mers-oceans-rivieres/fleuves-et-rivieres/4-3-011_oder.md
4-3-012,lacs-mers-oceans-rivieres,fleuves-et-rivieres,Vistule,Vistule,Q548,https://thumb.wikimedia.org/wikipedia/commons/thumb/a/a8/Uj%C5%9Bcie_Narwi_do_Wis%C5%82y_%28cropped%29.JPG/1280px-Uj%C5%9Bcie_Narwi_do_Wis%C5%82y_%28cropped%29.JPG?utm_source=fr.wikipedia.org&utm_campaign=api&utm_content=thumbnail,ok,lacs-mers-oceans-rivieres/fleuves-et-rivieres/4-3-012_vistule.md
4-3-013,lacs-mers-oceans-rivieres,fleuves-et-rivieres,Volga,Volga,Q626,https://thumb.wikimedia.org/wikipedia/commons/thumb/8/89/Volga_Ulyanovsk-oliv.jpg/1280px-Volga_Ulyanovsk-oliv.jpg?utm_source=fr.wikipedia.org&utm_campaign=api&utm_content=thumbnail,ok,lacs-mers-oceans-rivieres/fleuves-et-rivieres/4-3-013_volga.md
4-3-014,lacs-mers-oceans-rivieres,fleuves-et-rivieres,Don,Don,Q1238889,,no-image,lacs-mers-oceans-rivieres/fleuves-et-rivieres/4-3-014_don.md
4-3-015,lacs-mers-oceans-rivieres,fleuves-et-rivieres,Dniepr,Dniepr,Q40855,https://thumb.wikimedia.org/wikipedia/commons/thumb/4/4f/Dniepr_river_in_Kyiv.jpg/1280px-Dniepr_river_in_Kyiv.jpg?utm_source=fr.wikipedia.org&utm_campaign=api&utm_content=thumbnail,ok,lacs-mers-oceans-rivieres/fleuves-et-rivieres/4-3-015_dniepr.md
4-3-016,lacs-mers-oceans-rivieres,fleuves-et-rivieres,Dniestr,Dniestr,Q131210,https://thumb.wikimedia.org/wikipedia/commons/thumb/7/75/Dniester_river_near_%C5%A2ipova.jpg/1280px-Dniester_river_near_%C5%A2ipova.jpg?utm_source=fr.wikipedia.org&utm_campaign=api&utm_content=thumbnail,ok,lacs-mers-oceans-rivieres/fleuves-et-rivieres/4-3-016_dniestr.md
4-3-017,lacs-mers-oceans-rivieres,fleuves-et-rivieres,Oural,Oural,Q35600,https://upload.wikimedia.org/wikipedia/commons/b/b3/Ural_Mountains_Map.gif?utm_source=fr.wikipedia.org&utm_campaign=api&utm_content=thumbnail_unscaled,ok,lacs-mers-oceans-rivieres/fleuves-et-rivieres/4-3-017_oural.md
4-3-018,lacs-mers-oceans-rivieres,fleuves-et-rivieres,Loire,Loire,Q1469,https://thumb.wikimedia.org/wikipedia/commons/thumb/9/9d/Loire_%C3%A0_Br%C3%A9h%C3%A9mont2.JPG/1280px-Loire_%C3%A0_Br%C3%A9h%C3%A9mont2.JPG?utm_source=fr.wikipedia.org&utm_campaign=api&utm_content=thumbnail,ok,lacs-mers-oceans-rivieres/fleuves-et-rivieres/4-3-018_loire.md
4-3-019,lacs-mers-oceans-rivieres,fleuves-et-rivieres,Garonne,Garonne,Q5077,https://thumb.wikimedia.org/wikipedia/commons/thumb/7/77/Pont-Neuf_de_Toulouse_3.jpg/1280px-Pont-Neuf_de_Toulouse_3.jpg?utm_source=fr.wikipedia.org&utm_campaign=api&utm_content=thumbnail,ok,lacs-mers-oceans-rivieres/fleuves-et-rivieres/4-3-019_garonne.md
4-3-020,lacs-mers-oceans-rivieres,fleuves-et-rivieres,Seine,Seine,Q1471,https://thumb.wikimedia.org/wikipedia/commons/thumb/2/26/Pont_au_Change_and_Palais_de_justice%2C_Paris_20_April_2021_001.jpg/1280px-Pont_au_Change_and_Palais_de_justice%2C_Paris_20_April_2021_001.jpg?utm_source=fr.wikipedia.org&utm_campaign=api&utm_content=thumbnail,ok,lacs-mers-oceans-rivieres/fleuves-et-rivieres/4-3-020_seine.md
4-3-021,lacs-mers-oceans-rivieres,fleuves-et-rivieres,Tamise,Tamise,Q19686,https://upload.wikimedia.org/wikipedia/commons/3/3a/TamiseLondres.jpg?utm_source=fr.wikipedia.org&utm_campaign=api&utm_content=thumbnail_unscaled,ok,lacs-mers-oceans-rivieres/fleuves-et-rivieres/4-3-021_tamise.md
4-3-022,lacs-mers-oceans-rivieres,fleuves-et-rivieres,Tage,Tage,Q14294,https://upload.wikimedia.org/wikipedia/commons/a/a5/Tejo_do_Castelo_Almourol.JPG?utm_source=fr.wikipedia.org&utm_campaign=api&utm_content=thumbnail_unscaled,ok,lacs-mers-oceans-rivieres/fleuves-et-rivieres/4-3-022_tage.md
4-3-023,lacs-mers-oceans-rivieres,fleuves-et-rivieres,Èbre,Èbre,Q10965,https://thumb.wikimedia.org/wikipedia/commons/thumb/6/6a/Spain_Ebre_river_in_Miravet.jpg/1280px-Spain_Ebre_river_in_Miravet.jpg?utm_source=fr.wikipedia.org&utm_campaign=api&utm_content=thumbnail,ok,lacs-mers-oceans-rivieres/fleuves-et-rivieres/4-3-023_ebre.md
4-3-024,lacs-mers-oceans-rivieres,fleuves-et-rivieres,Pô,Pô,Q643,https://thumb.wikimedia.org/wikipedia/commons/thumb/8/81/Torino_-_vista_ponte_Isabella_-_Castello_del_Valentino_e_Mole_Antonelliana.jpg/1280px-Torino_-_vista_ponte_Isabella_-_Castello_del_Valentino_e_Mole_Antonelliana.jpg?utm_source=fr.wikipedia.org&utm_campaign=api&utm_content=thumbnail,ok,lacs-mers-oceans-rivieres/fleuves-et-rivieres/4-3-024_po.md
4-3-025,lacs-mers-oceans-rivieres,fleuves-et-rivieres,Tibre,Tibre,Q13712,https://thumb.wikimedia.org/wikipedia/commons/thumb/8/8b/PonteSantAngeloRom.jpg/1280px-PonteSantAngeloRom.jpg?utm_source=fr.wikipedia.org&utm_campaign=api&utm_content=thumbnail,ok,lacs-mers-oceans-rivieres/fleuves-et-rivieres/4-3-025_tibre.md
4-3-026,lacs-mers-oceans-rivieres,fleuves-et-rivieres,Euphrate,Euphrate,Q34589,https://thumb.wikimedia.org/wikipedia/commons/thumb/a/a3/The_Euphrates_River_in_Turkey%2C_Rumkale_%2852031477798%29.jpg/1280px-The_Euphrates_River_in_Turkey%2C_Rumkale_%2852031477798%29.jpg?utm_source=fr.wikipedia.org&utm_campaign=api&utm_content=thumbnail,ok,lacs-mers-oceans-rivieres/fleuves-et-rivieres/4-3-026_euphrate.md
4-3-027,lacs-mers-oceans-rivieres,fleuves-et-rivieres,Tigre,Tigre,Q19939,https://thumb.wikimedia.org/wikipedia/commons/thumb/7/71/Sibirischer_tiger_de_edit02.jpg/1280px-Sibirischer_tiger_de_edit02.jpg?utm_source=fr.wikipedia.org&utm_campaign=api&utm_content=thumbnail,ok,lacs-mers-oceans-rivieres/fleuves-et-rivieres/4-3-027_tigre.md
4-3-028,lacs-mers-oceans-rivieres,fleuves-et-rivieres,Jourdain,Jourdain,Q40059,https://thumb.wikimedia.org/wikipedia/commons/thumb/9/99/BnotYaakovBridge.JPG/1280px-BnotYaakovBridge.JPG?utm_source=fr.wikipedia.org&utm_campaign=api&utm_content=thumbnail,ok,lacs-mers-oceans-rivieres/fleuves-et-rivieres/4-3-028_jourdain.md
4-3-029,lacs-mers-oceans-rivieres,fleuves-et-rivieres,Huang He,Fleuve Jaune,Q7355,https://thumb.wikimedia.org/wikipedia/commons/thumb/b/b8/HukouWaterfall4.jpg/1280px-HukouWaterfall4.jpg?utm_source=fr.wikipedia.org&utm_campaign=api&utm_content=thumbnail,ok,lacs-mers-oceans-rivieres/fleuves-et-rivieres/4-3-029_huang-he.md
4-3-030,lacs-mers-oceans-rivieres,fleuves-et-rivieres,Brahmapoutre,Brahmapoutre,Q45403,https://thumb.wikimedia.org/wikipedia/commons/thumb/f/f0/Mighty_Brahmaputra.jpg/1280px-Mighty_Brahmaputra.jpg?utm_source=fr.wikipedia.org&utm_campaign=api&utm_content=thumbnail,ok,lacs-mers-oceans-rivieres/fleuves-et-rivieres/4-3-030_brahmapoutre.md
4-3-031,lacs-mers-oceans-rivieres,fleuves-et-rivieres,Indus,Indus,Q7348,https://upload.wikimedia.org/wikipedia/commons/8/8f/Indus_river_from_karakouram_highway.jpg?utm_source=fr.wikipedia.org&utm_campaign=api&utm_content=thumbnail_unscaled,ok,lacs-mers-oceans-rivieres/fleuves-et-rivieres/4-3-031_indus.md
4-3-032,lacs-mers-oceans-rivieres,fleuves-et-rivieres,Zambèze,Zambèze,Q43106,https://thumb.wikimedia.org/wikipedia/commons/thumb/a/ac/Zambezi_river_basin-fr.svg/1280px-Zambezi_river_basin-fr.svg.png?utm_source=fr.wikipedia.org&utm_campaign=api&utm_content=thumbnail,ok,lacs-mers-oceans-rivieres/fleuves-et-rivieres/4-3-032_zambeze.md
4-3-033,lacs-mers-oceans-rivieres,fleuves-et-rivieres,Congo,Congo,Q35930,,no-image,lacs-mers-oceans-rivieres/fleuves-et-rivieres/4-3-033_congo.md
4-3-034,lacs-mers-oceans-rivieres,fleuves-et-rivieres,Niger,Niger,Q1032,https://thumb.wikimedia.org/wikipedia/commons/thumb/8/88/Niger_%28orthographic_projection%29.svg/1280px-Niger_%28orthographic_projection%29.svg.png?utm_source=fr.wikipedia.org&utm_campaign=api&utm_content=thumbnail,ok,lacs-mers-oceans-rivieres/fleuves-et-rivieres/4-3-034_niger.md
4-3-035,lacs-mers-oceans-rivieres,fleuves-et-rivieres,Limpopo,Limpopo,Q348060,,no-image,lacs-mers-oceans-rivieres/fleuves-et-rivieres/4-3-035_limpopo.md
4-3-036,lacs-mers-oceans-rivieres,fleuves-et-rivieres,Orange,Orange,Q2028096,,no-image,lacs-mers-oceans-rivieres/fleuves-et-rivieres/4-3-036_orange.md
4-3-037,lacs-mers-oceans-rivieres,fleuves-et-rivieres,Murray,Murray,Q224657,,no-image,lacs-mers-oceans-rivieres/fleuves-et-rivieres/4-3-037_murray.md
4-3-038,lacs-mers-oceans-rivieres,fleuves-et-rivieres,Colorado,Colorado,Q1261,https://thumb.wikimedia.org/wikipedia/commons/thumb/4/46/Flag_of_Colorado.svg/1280px-Flag_of_Colorado.svg.png?utm_source=fr.wikipedia.org&utm_campaign=api&utm_content=thumbnail,ok,lacs-mers-oceans-rivieres/fleuves-et-rivieres/4-3-038_colorado.md
4-3-039,lacs-mers-oceans-rivieres,fleuves-et-rivieres,Rio Grande,Rio Grande,Q617557,,no-image,lacs-mers-oceans-rivieres/fleuves-et-rivieres/4-3-039_rio-grande.md
4-3-040,lacs-mers-oceans-rivieres,fleuves-et-rivieres,Orénoque,Orénoque,Q131792,https://thumb.wikimedia.org/wikipedia/commons/thumb/8/8a/Atardecer_Puente_Angostura.jpg/1280px-Atardecer_Puente_Angostura.jpg?utm_source=fr.wikipedia.org&utm_campaign=api&utm_content=thumbnail,ok,lacs-mers-oceans-rivieres/fleuves-et-rivieres/4-3-040_orenoque.md
4-3-041,lacs-mers-oceans-rivieres,fleuves-et-rivieres,Paraná,Parana,Q3363563,,no-image,lacs-mers-oceans-rivieres/fleuves-et-rivieres/4-3-041_parana.md
4-3-042,lacs-mers-oceans-rivieres,fleuves-et-rivieres,Mackenzie,Mackenzie,Q226594,,no-image,lacs-mers-oceans-rivieres/fleuves-et-rivieres/4-3-042_mackenzie.md
4-3-043,lacs-mers-oceans-rivieres,fleuves-et-rivieres,Yukon,Yukon,Q2009,https://thumb.wikimedia.org/wikipedia/commons/thumb/6/69/Flag_of_Yukon.svg/1280px-Flag_of_Yukon.svg.png?utm_source=fr.wikipedia.org&utm_campaign=api&utm_content=thumbnail,ok,lacs-mers-oceans-rivieres/fleuves-et-rivieres/4-3-043_yukon.md
4-3-044,lacs-mers-oceans-rivieres,fleuves-et-rivieres,Amour,Amour,Q316,https://thumb.wikimedia.org/wikipedia/commons/thumb/f/f2/Liked.svg/1280px-Liked.svg.png?utm_source=fr.wikipedia.org&utm_campaign=api&utm_content=thumbnail,ok,lacs-mers-oceans-rivieres/fleuves-et-rivieres/4-3-044_amour.md
4-3-045,lacs-mers-oceans-rivieres,fleuves-et-rivieres,Ienisseï,Ienisseï,Q78707,https://thumb.wikimedia.org/wikipedia/commons/thumb/9/9c/Krasnoyarsk_embankment%2C_Yenisei_River%2C_Russia.jpg/1280px-Krasnoyarsk_embankment%2C_Yenisei_River%2C_Russia.jpg?utm_source=fr.wikipedia.org&utm_campaign=api&utm_content=thumbnail,ok,lacs-mers-oceans-rivieres/fleuves-et-rivieres/4-3-045_ienissei.md
4-3-046,lacs-mers-oceans-rivieres,fleuves-et-rivieres,Léna,Léna,Q46841,https://upload.wikimedia.org/wikipedia/commons/e/e2/LenaJakutsk.jpg?utm_source=fr.wikipedia.org&utm_campaign=api&utm_content=thumbnail_unscaled,ok,lacs-mers-oceans-rivieres/fleuves-et-rivieres/4-3-046_lena.md
4-1-001,lacs-mers-oceans-rivieres,lacs,Lac Léman,Léman,Q6403,https://thumb.wikimedia.org/wikipedia/commons/thumb/1/17/Lake_Geneva_from_Chillon_Castle.jpg/1280px-Lake_Geneva_from_Chillon_Castle.jpg?utm_source=fr.wikipedia.org&utm_campaign=api&utm_content=thumbnail,ok,lacs-mers-oceans-rivieres/lacs/4-1-001_lac-leman.md
4-1-002,lacs-mers-oceans-rivieres,lacs,Lac de Neuchâtel,Lac de Neuchâtel,Q14375,https://thumb.wikimedia.org/wikipedia/commons/thumb/c/c4/Lac_de_Neuchatel.jpg/1280px-Lac_de_Neuchatel.jpg?utm_source=fr.wikipedia.org&utm_campaign=api&utm_content=thumbnail,ok,lacs-mers-oceans-rivieres/lacs/4-1-002_lac-de-neuchatel.md
4-1-003,lacs-mers-oceans-rivieres,lacs,Lac de Zurich,Lac de Zurich,Q14407,https://upload.wikimedia.org/wikipedia/commons/5/5e/Karte_Z%C3%BCrichsee.png?utm_source=fr.wikipedia.org&utm_campaign=api&utm_content=thumbnail_unscaled,ok,lacs-mers-oceans-rivieres/lacs/4-1-003_lac-de-zurich.md
4-1-004,lacs-mers-oceans-rivieres,lacs,Lac des Quatre-Cantons,Lac des Quatre-Cantons,Q14381,https://thumb.wikimedia.org/wikipedia/commons/thumb/4/42/1005L_Viewaldstaetter_%2817%29.JPG/1280px-1005L_Viewaldstaetter_%2817%29.JPG?utm_source=fr.wikipedia.org&utm_campaign=api&utm_content=thumbnail,ok,lacs-mers-oceans-rivieres/lacs/4-1-004_lac-des-quatre-cantons.md
4-1-005,lacs-mers-oceans-rivieres,lacs,Lac de Constance,Lac de Constance,Q4127,https://thumb.wikimedia.org/wikipedia/commons/thumb/6/63/Karte_Bodensee-fr.svg/1280px-Karte_Bodensee-fr.svg.png?utm_source=fr.wikipedia.org&utm_campaign=api&utm_content=thumbnail,ok,lacs-mers-oceans-rivieres/lacs/4-1-005_lac-de-constance.md
4-1-006,lacs-mers-oceans-rivieres,lacs,Lac Majeur,Lac Majeur,Q14379,https://thumb.wikimedia.org/wikipedia/commons/thumb/b/b0/Lago-Maggiore_1387.JPG/1280px-Lago-Maggiore_1387.JPG?utm_source=fr.wikipedia.org&utm_campaign=api&utm_content=thumbnail,ok,lacs-mers-oceans-rivieres/lacs/4-1-006_lac-majeur.md
4-1-007,lacs-mers-oceans-rivieres,lacs,Lac de Lugano,Lac de Lugano,Q14418,https://upload.wikimedia.org/wikipedia/commons/2/26/Lake_Lugano.jpg?utm_source=fr.wikipedia.org&utm_campaign=api&utm_content=thumbnail_unscaled,ok,lacs-mers-oceans-rivieres/lacs/4-1-007_lac-de-lugano.md
4-1-008,lacs-mers-oceans-rivieres,lacs,Lac de Thoune,Lac de Thoune,Q14426,https://thumb.wikimedia.org/wikipedia/commons/thumb/6/65/Aerial_image_of_Lake_Thun_%28view_from_the_east%29.jpg/1280px-Aerial_image_of_Lake_Thun_%28view_from_the_east%29.jpg?utm_source=fr.wikipedia.org&utm_campaign=api&utm_content=thumbnail,ok,lacs-mers-oceans-rivieres/lacs/4-1-008_lac-de-thoune.md
4-1-009,lacs-mers-oceans-rivieres,lacs,Lac de Brienz,Lac de Brienz,Q14442,https://thumb.wikimedia.org/wikipedia/commons/thumb/0/04/Aerial_image_of_Lake_Brienz_%28view_from_the_southwest%29.jpg/1280px-Aerial_image_of_Lake_Brienz_%28view_from_the_southwest%29.jpg?utm_source=fr.wikipedia.org&utm_campaign=api&utm_content=thumbnail,ok,lacs-mers-oceans-rivieres/lacs/4-1-009_lac-de-brienz.md
4-1-010,lacs-mers-oceans-rivieres,lacs,Lac Baïkal,Lac Baïkal,Q5513,https://thumb.wikimedia.org/wikipedia/commons/thumb/4/46/Baikal.A2001296.0420.250m-NASA_%281%29.jpg/1280px-Baikal.A2001296.0420.250m-NASA_%281%29.jpg?utm_source=fr.wikipedia.org&utm_campaign=api&utm_content=thumbnail,ok,lacs-mers-oceans-rivieres/lacs/4-1-010_lac-baikal.md
4-1-011,lacs-mers-oceans-rivieres,lacs,Lac Titicaca,Lac Titicaca,Q35342,https://upload.wikimedia.org/wikipedia/commons/d/d3/Lake_Titicaca_on_the_Andes_from_Bolivia.jpg?utm_source=fr.wikipedia.org&utm_campaign=api&utm_content=thumbnail_unscaled,ok,lacs-mers-oceans-rivieres/lacs/4-1-011_lac-titicaca.md
4-1-012,lacs-mers-oceans-rivieres,lacs,Lac Supérieur,Lac Supérieur,Q1066,https://upload.wikimedia.org/wikipedia/commons/7/7d/Lake-Superior-red.png?utm_source=fr.wikipedia.org&utm_campaign=api&utm_content=thumbnail_unscaled,ok,lacs-mers-oceans-rivieres/lacs/4-1-012_lac-superieur.md
4-1-013,lacs-mers-oceans-rivieres,lacs,Lac de Bienne,Lac de Bienne,Q14429,https://upload.wikimedia.org/wikipedia/commons/7/7f/Swiss-bienne-city-1.JPG?utm_source=fr.wikipedia.org&utm_campaign=api&utm_content=thumbnail_unscaled,ok,lacs-mers-oceans-rivieres/lacs/4-1-013_lac-de-bienne.md
4-1-014,lacs-mers-oceans-rivieres,lacs,Lac de Morat,Lac de Morat,Q14448,https://thumb.wikimedia.org/wikipedia/commons/thumb/4/4a/Aerial_image_of_Lake_Murten_%28view_from_the_northeast%29.jpg/1280px-Aerial_image_of_Lake_Murten_%28view_from_the_northeast%29.jpg?utm_source=fr.wikipedia.org&utm_campaign=api&utm_content=thumbnail,ok,lacs-mers-oceans-rivieres/lacs/4-1-014_lac-de-morat.md
4-1-015,lacs-mers-oceans-rivieres,lacs,Lac de Sempach,Lac de Sempach,Q14459,https://thumb.wikimedia.org/wikipedia/commons/thumb/f/f2/Aerial_image_of_Lake_Sempach_%28view_from_the_south%29.jpg/1280px-Aerial_image_of_Lake_Sempach_%28view_from_the_south%29.jpg?utm_source=fr.wikipedia.org&utm_campaign=api&utm_content=thumbnail,ok,lacs-mers-oceans-rivieres/lacs/4-1-015_lac-de-sempach.md
4-1-016,lacs-mers-oceans-rivieres,lacs,Lac de Hallwil,Lac de Hallwil,Q14465,https://thumb.wikimedia.org/wikipedia/commons/thumb/5/53/Aerial_image_of_Lake_Hallwil_%28view_from_the_south%29.jpg/1280px-Aerial_image_of_Lake_Hallwil_%28view_from_the_south%29.jpg?utm_source=fr.wikipedia.org&utm_campaign=api&utm_content=thumbnail,ok,lacs-mers-oceans-rivieres/lacs/4-1-016_lac-de-hallwil.md
4-1-017,lacs-mers-oceans-rivieres,lacs,Lac de Zoug,Lac de Zoug,Q14436,https://thumb.wikimedia.org/wikipedia/commons/thumb/e/e4/Lac_de_Zoug.jpg/1280px-Lac_de_Zoug.jpg?utm_source=fr.wikipedia.org&utm_campaign=api&utm_content=thumbnail,ok,lacs-mers-oceans-rivieres/lacs/4-1-017_lac-de-zoug.md
4-1-018,lacs-mers-oceans-rivieres,lacs,Lac de Sarnen,Lac de Sarnen,Q14505,https://upload.wikimedia.org/wikipedia/commons/b/b3/Karte_Sarnersee.png?utm_source=fr.wikipedia.org&utm_campaign=api&utm_content=thumbnail_unscaled,ok,lacs-mers-oceans-rivieres/lacs/4-1-018_lac-de-sarnen.md
4-1-019,lacs-mers-oceans-rivieres,lacs,Lac de Walenstadt,Lac de Walenstadt,Q14444,https://upload.wikimedia.org/wikipedia/commons/b/bd/Walensee2.JPG?utm_source=fr.wikipedia.org&utm_campaign=api&utm_content=thumbnail_unscaled,ok,lacs-mers-oceans-rivieres/lacs/4-1-019_lac-de-walenstadt.md
4-1-020,lacs-mers-oceans-rivieres,lacs,Lac de Greifen,Lac de Greifen,Q14497,https://thumb.wikimedia.org/wikipedia/commons/thumb/4/48/GreifenseeInKantonZurichFromNorth_%28cropped%29.jpg/1280px-GreifenseeInKantonZurichFromNorth_%28cropped%29.jpg?utm_source=fr.wikipedia.org&utm_campaign=api&utm_content=thumbnail,ok,lacs-mers-oceans-rivieres/lacs/4-1-020_lac-de-greifen.md
4-1-021,lacs-mers-oceans-rivieres,lacs,Lac de Pfäffikon,Lac de Pfäffikon,Q14514,https://thumb.wikimedia.org/wikipedia/commons/thumb/1/13/Seegr%C3%A4ben_-_Pf%C3%A4ffikersee_-_Irgenhausen_IMG_3641.jpg/1280px-Seegr%C3%A4ben_-_Pf%C3%A4ffikersee_-_Irgenhausen_IMG_3641.jpg?utm_source=fr.wikipedia.org&utm_campaign=api&utm_content=thumbnail,ok,lacs-mers-oceans-rivieres/lacs/4-1-021_lac-de-pfaffikon.md
4-1-022,lacs-mers-oceans-rivieres,lacs,Lac de Greifensee,Lac de Greifen,Q14497,https://thumb.wikimedia.org/wikipedia/commons/thumb/4/48/GreifenseeInKantonZurichFromNorth_%28cropped%29.jpg/1280px-GreifenseeInKantonZurichFromNorth_%28cropped%29.jpg?utm_source=fr.wikipedia.org&utm_campaign=api&utm_content=thumbnail,ok,lacs-mers-oceans-rivieres/lacs/4-1-022_lac-de-greifensee.md
4-1-023,lacs-mers-oceans-rivieres,lacs,Lac de la Gruyère,Lac de la Gruyère,Q682189,https://thumb.wikimedia.org/wikipedia/commons/thumb/a/a6/Lac_de_la_Gruy%C3%A8re_%28cropped%29.jpg/1280px-Lac_de_la_Gruy%C3%A8re_%28cropped%29.jpg?utm_source=fr.wikipedia.org&utm_campaign=api&utm_content=thumbnail,ok,lacs-mers-oceans-rivieres/lacs/4-1-023_lac-de-la-gruyere.md
4-1-024,lacs-mers-oceans-rivieres,lacs,Lac de Joux,Lac de Joux,Q14472,https://thumb.wikimedia.org/wikipedia/commons/thumb/a/a3/Lac_de_Joux_et_lac_Brenet.png/1280px-Lac_de_Joux_et_lac_Brenet.png?utm_source=fr.wikipedia.org&utm_campaign=api&utm_content=thumbnail,ok,lacs-mers-oceans-rivieres/lacs/4-1-024_lac-de-joux.md
4-1-025,lacs-mers-oceans-rivieres,lacs,Lac des Brenets,Lac des Brenets,Q671624,https://thumb.wikimedia.org/wikipedia/commons/thumb/0/08/Le_Doubs_02.jpg/1280px-Le_Doubs_02.jpg?utm_source=fr.wikipedia.org&utm_campaign=api&utm_content=thumbnail,ok,lacs-mers-oceans-rivieres/lacs/4-1-025_lac-des-brenets.md
4-1-026,lacs-mers-oceans-rivieres,lacs,Lac Noir,Lac Noir,Q1300334,,no-image,lacs-mers-oceans-rivieres/lacs/4-1-026_lac-noir.md
4-1-027,lacs-mers-oceans-rivieres,lacs,Lac de Sils,Lac de Sils,Q14512,https://thumb.wikimedia.org/wikipedia/commons/thumb/9/99/2011-08-01_10-31-42_Switzerland_Segl-Maria.jpg/1280px-2011-08-01_10-31-42_Switzerland_Segl-Maria.jpg?utm_source=fr.wikipedia.org&utm_campaign=api&utm_content=thumbnail,ok,lacs-mers-oceans-rivieres/lacs/4-1-027_lac-de-sils.md
4-1-028,lacs-mers-oceans-rivieres,lacs,Lac de Silvaplana,Lac de Silvaplana,Q14515,https://upload.wikimedia.org/wikipedia/commons/d/d8/Sils%26Silvaplana.jpg?utm_source=fr.wikipedia.org&utm_campaign=api&utm_content=thumbnail_unscaled,ok,lacs-mers-oceans-rivieres/lacs/4-1-028_lac-de-silvaplana.md
4-1-029,lacs-mers-oceans-rivieres,lacs,Lac de Saint-Moritz,Lac de Saint-Moritz,Q664496,https://upload.wikimedia.org/wikipedia/commons/7/72/StMoritz%26Lac.jpg?utm_source=fr.wikipedia.org&utm_campaign=api&utm_content=thumbnail_unscaled,ok,lacs-mers-oceans-rivieres/lacs/4-1-029_lac-de-saint-moritz.md
4-1-030,lacs-mers-oceans-rivieres,lacs,Lac de Lungern,Lac de Lungern,Q14527,https://thumb.wikimedia.org/wikipedia/commons/thumb/6/6f/Aerial_image_of_Lake_Lungern_%28view_from_the_southwest%29.jpg/1280px-Aerial_image_of_Lake_Lungern_%28view_from_the_southwest%29.jpg?utm_source=fr.wikipedia.org&utm_campaign=api&utm_content=thumbnail,ok,lacs-mers-oceans-rivieres/lacs/4-1-030_lac-de-lungern.md
4-1-031,lacs-mers-oceans-rivieres,lacs,Lac de Baldegg,Lac de Baldegg,Q14509,https://thumb.wikimedia.org/wikipedia/commons/thumb/a/ac/Aerial_image_of_Lake_Baldegg_%28view_from_the_south%29.jpg/1280px-Aerial_image_of_Lake_Baldegg_%28view_from_the_south%29.jpg?utm_source=fr.wikipedia.org&utm_campaign=api&utm_content=thumbnail,ok,lacs-mers-oceans-rivieres/lacs/4-1-031_lac-de-baldegg.md
4-1-032,lacs-mers-oceans-rivieres,lacs,Lac de Mauensee,Lac de Mauensee,Q680346,https://upload.wikimedia.org/wikipedia/commons/1/17/Mauensee.jpg?utm_source=fr.wikipedia.org&utm_campaign=api&utm_content=thumbnail_unscaled,ok,lacs-mers-oceans-rivieres/lacs/4-1-032_lac-de-mauensee.md
4-1-033,lacs-mers-oceans-rivieres,lacs,Lac de Schiffenen,Lac de Schiffenen,Q670622,https://thumb.wikimedia.org/wikipedia/commons/thumb/4/44/Schiffenensee.jpg/1280px-Schiffenensee.jpg?utm_source=fr.wikipedia.org&utm_campaign=api&utm_content=thumbnail,ok,lacs-mers-oceans-rivieres/lacs/4-1-033_lac-de-schiffenen.md
4-1-034,lacs-mers-oceans-rivieres,lacs,Lac de la Grande-Dixence,Grande Dixence,Q98690877,https://upload.wikimedia.org/wikipedia/commons/2/26/GrandeDixence.jpg?utm_source=fr.wikipedia.org&utm_campaign=api&utm_content=thumbnail_unscaled,ok,lacs-mers-oceans-rivieres/lacs/4-1-034_lac-de-la-grande-dixence.md
4-1-035,lacs-mers-oceans-rivieres,lacs,Lac de Mauvoisin,Barrage de Mauvoisin,Q595245,https://thumb.wikimedia.org/wikipedia/commons/thumb/2/26/Barrage_de_Mauvoisin.jpg/1280px-Barrage_de_Mauvoisin.jpg?utm_source=fr.wikipedia.org&utm_campaign=api&utm_content=thumbnail,ok,lacs-mers-oceans-rivieres/lacs/4-1-035_lac-de-mauvoisin.md
4-1-036,lacs-mers-oceans-rivieres,lacs,Lac d'Emosson,Barrage d'Émosson,Q2885035,https://thumb.wikimedia.org/wikipedia/commons/thumb/5/58/Barrage_d%27%C3%89mosson_%28VS%29.png/1280px-Barrage_d%27%C3%89mosson_%28VS%29.png?utm_source=fr.wikipedia.org&utm_campaign=api&utm_content=thumbnail,ok,lacs-mers-oceans-rivieres/lacs/4-1-036_lac-d-emosson.md
4-1-037,lacs-mers-oceans-rivieres,lacs,Lac de Salanfe,Lac de Salanfe,Q680375,https://upload.wikimedia.org/wikipedia/commons/e/ef/Lac_de_Salanfe.jpg?utm_source=fr.wikipedia.org&utm_campaign=api&utm_content=thumbnail_unscaled,ok,lacs-mers-oceans-rivieres/lacs/4-1-037_lac-de-salanfe.md
4-1-038,lacs-mers-oceans-rivieres,lacs,Lac de Derborence,Lac de Derborence,Q671159,https://thumb.wikimedia.org/wikipedia/commons/thumb/8/8f/Lac_de_Derborence_-_ao%C3%BBt_2022_%281%29.jpg/1280px-Lac_de_Derborence_-_ao%C3%BBt_2022_%281%29.jpg?utm_source=fr.wikipedia.org&utm_campaign=api&utm_content=thumbnail,ok,lacs-mers-oceans-rivieres/lacs/4-1-038_lac-de-derborence.md
4-1-039,lacs-mers-oceans-rivieres,lacs,Lac Victoria,Lac Victoria,Q5505,https://upload.wikimedia.org/wikipedia/commons/d/dc/Lake_Victoria_composite_satellite_photo.jpg?utm_source=fr.wikipedia.org&utm_campaign=api&utm_content=thumbnail_unscaled,ok,lacs-mers-oceans-rivieres/lacs/4-1-039_lac-victoria.md
4-1-040,lacs-mers-oceans-rivieres,lacs,Lac Tanganyika,Lac Tanganyika,Q5511,https://upload.wikimedia.org/wikipedia/commons/4/42/NASA_-_Visible_Earth%2C_Lakes_of_the_African_Rift_Valley.jpg?utm_source=fr.wikipedia.org&utm_campaign=api&utm_content=thumbnail_unscaled,ok,lacs-mers-oceans-rivieres/lacs/4-1-040_lac-tanganyika.md
4-1-041,lacs-mers-oceans-rivieres,lacs,Lac Malawi,Lac Malawi,Q5532,https://thumb.wikimedia.org/wikipedia/commons/thumb/8/80/Otter_Point%2C_Cape_Maclear_%28Malawi%29.jpg/1280px-Otter_Point%2C_Cape_Maclear_%28Malawi%29.jpg?utm_source=fr.wikipedia.org&utm_campaign=api&utm_content=thumbnail,ok,lacs-mers-oceans-rivieres/lacs/4-1-041_lac-malawi.md
4-1-042,lacs-mers-oceans-rivieres,lacs,Lac Turkana,Lac Turkana,Q182719,https://upload.wikimedia.org/wikipedia/commons/9/98/Lake_turkana_satellite.jpg?utm_source=fr.wikipedia.org&utm_campaign=api&utm_content=thumbnail_unscaled,ok,lacs-mers-oceans-rivieres/lacs/4-1-042_lac-turkana.md
4-1-043,lacs-mers-oceans-rivieres,lacs,Lac Tchad,Lac Tchad,Q125309,https://upload.wikimedia.org/wikipedia/commons/e/e1/Lake_Chad_satellite.jpg?utm_source=fr.wikipedia.org&utm_campaign=api&utm_content=thumbnail_unscaled,ok,lacs-mers-oceans-rivieres/lacs/4-1-043_lac-tchad.md
4-1-044,lacs-mers-oceans-rivieres,lacs,Mer Caspienne,Mer Caspienne,Q5484,https://thumb.wikimedia.org/wikipedia/commons/thumb/5/55/Satellite_image_of_the_Caucasus-Caspian_Region.jpg/1280px-Satellite_image_of_the_Caucasus-Caspian_Region.jpg?utm_source=fr.wikipedia.org&utm_campaign=api&utm_content=thumbnail,ok,lacs-mers-oceans-rivieres/lacs/4-1-044_mer-caspienne.md
4-1-045,lacs-mers-oceans-rivieres,lacs,Mer d'Aral,Mer d'Aral,Q35883,https://upload.wikimedia.org/wikipedia/commons/7/75/AralSea1989_2014.jpg?utm_source=fr.wikipedia.org&utm_campaign=api&utm_content=thumbnail_unscaled,ok,lacs-mers-oceans-rivieres/lacs/4-1-045_mer-d-aral.md
4-1-046,lacs-mers-oceans-rivieres,lacs,Lac Maracaibo,Lac de Maracaibo,Q182137,https://upload.wikimedia.org/wikipedia/commons/2/2c/Maracaibo_MODIS_2004jun26.jpg?utm_source=fr.wikipedia.org&utm_campaign=api&utm_content=thumbnail_unscaled,ok,lacs-mers-oceans-rivieres/lacs/4-1-046_lac-maracaibo.md
4-1-047,lacs-mers-oceans-rivieres,lacs,Lac Michigan,Lac Michigan,Q1169,https://thumb.wikimedia.org/wikipedia/commons/thumb/2/29/Lake-Michigan.svg/1280px-Lake-Michigan.svg.png?utm_source=fr.wikipedia.org&utm_campaign=api&utm_content=thumbnail,ok,lacs-mers-oceans-rivieres/lacs/4-1-047_lac-michigan.md
4-1-048,lacs-mers-oceans-rivieres,lacs,Lac Huron,Lac Huron,Q1383,https://thumb.wikimedia.org/wikipedia/commons/thumb/1/1b/Lake-Huron.svg/1280px-Lake-Huron.svg.png?utm_source=fr.wikipedia.org&utm_campaign=api&utm_content=thumbnail,ok,lacs-mers-oceans-rivieres/lacs/4-1-048_lac-huron.md
4-1-049,lacs-mers-oceans-rivieres,lacs,Lac Érié,Lac Érié,Q5492,https://thumb.wikimedia.org/wikipedia/commons/thumb/f/fd/Lake-Erie.svg/1280px-Lake-Erie.svg.png?utm_source=fr.wikipedia.org&utm_campaign=api&utm_content=thumbnail,ok,lacs-mers-oceans-rivieres/lacs/4-1-049_lac-erie.md
4-1-050,lacs-mers-oceans-rivieres,lacs,Lac Ontario,Lac Ontario,Q1062,https://thumb.wikimedia.org/wikipedia/commons/thumb/7/72/Lake-Ontario.svg/1280px-Lake-Ontario.svg.png?utm_source=fr.wikipedia.org&utm_campaign=api&utm_content=thumbnail,ok,lacs-mers-oceans-rivieres/lacs/4-1-050_lac-ontario.md
4-1-051,lacs-mers-oceans-rivieres,lacs,Lac Grand Ours,Grand lac de l'Ours,Q5525,https://upload.wikimedia.org/wikipedia/commons/6/61/Great_Bear_Lake_%28de%29.png?utm_source=fr.wikipedia.org&utm_campaign=api&utm_content=thumbnail_unscaled,ok,lacs-mers-oceans-rivieres/lacs/4-1-051_lac-grand-ours.md
4-1-052,lacs-mers-oceans-rivieres,lacs,Lac des Esclaves,Grand lac des Esclaves,Q5539,https://thumb.wikimedia.org/wikipedia/commons/thumb/e/ec/Canada.A2002160.1920.721.250m.jpg/1280px-Canada.A2002160.1920.721.250m.jpg?utm_source=fr.wikipedia.org&utm_campaign=api&utm_content=thumbnail,ok,lacs-mers-oceans-rivieres/lacs/4-1-052_lac-des-esclaves.md
4-1-053,lacs-mers-oceans-rivieres,lacs,Lac Winnipeg,Lac Winnipeg,Q3272,https://upload.wikimedia.org/wikipedia/commons/a/a9/Lake_Winnipeg_map_FR.png?utm_source=fr.wikipedia.org&utm_campaign=api&utm_content=thumbnail_unscaled,ok,lacs-mers-oceans-rivieres/lacs/4-1-053_lac-winnipeg.md
4-1-054,lacs-mers-oceans-rivieres,lacs,Lac Eyre,Lac Eyre,Q179970,https://upload.wikimedia.org/wikipedia/commons/c/c6/NEO_lake_eyre_big.jpg?utm_source=fr.wikipedia.org&utm_campaign=api&utm_content=thumbnail_unscaled,ok,lacs-mers-oceans-rivieres/lacs/4-1-054_lac-eyre.md
4-1-055,lacs-mers-oceans-rivieres,lacs,Lac Nicaragua,Lac Nicaragua,Q173862,https://upload.wikimedia.org/wikipedia/commons/5/50/Nicaragua_lake.JPG?utm_source=fr.wikipedia.org&utm_campaign=api&utm_content=thumbnail_unscaled,ok,lacs-mers-oceans-rivieres/lacs/4-1-055_lac-nicaragua.md
4-1-056,lacs-mers-oceans-rivieres,lacs,Lac Poopó,Lac Poopó,Q464945,https://upload.wikimedia.org/wikipedia/commons/0/0a/Poopo_1991.jpg?utm_source=fr.wikipedia.org&utm_campaign=api&utm_content=thumbnail_unscaled,ok,lacs-mers-oceans-rivieres/lacs/4-1-056_lac-poopo.md
4-2-001,lacs-mers-oceans-rivieres,mers-et-oceans,Méditerranée,Mer Méditerranée,Q4918,https://thumb.wikimedia.org/wikipedia/commons/thumb/e/eb/Carte_Mediterranee_03.jpg/1280px-Carte_Mediterranee_03.jpg?utm_source=fr.wikipedia.org&utm_campaign=api&utm_content=thumbnail,ok,lacs-mers-oceans-rivieres/mers-et-oceans/4-2-001_mediterranee.md
4-2-002,lacs-mers-oceans-rivieres,mers-et-oceans,Mer Rouge,Mer Rouge,Q23406,https://thumb.wikimedia.org/wikipedia/commons/thumb/5/5e/Red_Sea_topographic_map-fr.svg/1280px-Red_Sea_topographic_map-fr.svg.png?utm_source=fr.wikipedia.org&utm_campaign=api&utm_content=thumbnail,ok,lacs-mers-oceans-rivieres/mers-et-oceans/4-2-002_mer-rouge.md
4-2-003,lacs-mers-oceans-rivieres,mers-et-oceans,Mer du Nord,Mer du Nord,Q1693,https://upload.wikimedia.org/wikipedia/commons/e/e4/Carte_de_la_mer_du_Nord.png?utm_source=fr.wikipedia.org&utm_campaign=api&utm_content=thumbnail_unscaled,ok,lacs-mers-oceans-rivieres/mers-et-oceans/4-2-003_mer-du-nord.md
4-2-004,lacs-mers-oceans-rivieres,mers-et-oceans,Mer Baltique,Mer Baltique,Q545,https://upload.wikimedia.org/wikipedia/commons/6/60/Mer_Baltique.png?utm_source=fr.wikipedia.org&utm_campaign=api&utm_content=thumbnail_unscaled,ok,lacs-mers-oceans-rivieres/mers-et-oceans/4-2-004_mer-baltique.md
4-2-005,lacs-mers-oceans-rivieres,mers-et-oceans,Mer Morte,Mer Morte,Q23883,https://upload.wikimedia.org/wikipedia/commons/c/cd/Dode_zee.jpg?utm_source=fr.wikipedia.org&utm_campaign=api&utm_content=thumbnail_unscaled,ok,lacs-mers-oceans-rivieres/mers-et-oceans/4-2-005_mer-morte.md
4-2-006,lacs-mers-oceans-rivieres,mers-et-oceans,Océan Atlantique,Océan Atlantique,Q97,https://upload.wikimedia.org/wikipedia/commons/6/65/Oc%C3%A9an_Atlantique.png?utm_source=fr.wikipedia.org&utm_campaign=api&utm_content=thumbnail_unscaled,ok,lacs-mers-oceans-rivieres/mers-et-oceans/4-2-006_ocean-atlantique.md
4-2-007,lacs-mers-oceans-rivieres,mers-et-oceans,Océan Pacifique,Océan Pacifique,Q98,https://upload.wikimedia.org/wikipedia/commons/f/f5/Oc%C3%A9an_Pacifique_d%C3%A9tour%C3%A9e.png?utm_source=fr.wikipedia.org&utm_campaign=api&utm_content=thumbnail_unscaled,ok,lacs-mers-oceans-rivieres/mers-et-oceans/4-2-007_ocean-pacifique.md
4-2-008,lacs-mers-oceans-rivieres,mers-et-oceans,Océan Indien,Océan Indien,Q1239,https://upload.wikimedia.org/wikipedia/commons/d/d6/Oc%C3%A9an_Indien.png?utm_source=fr.wikipedia.org&utm_campaign=api&utm_content=thumbnail_unscaled,ok,lacs-mers-oceans-rivieres/mers-et-oceans/4-2-008_ocean-indien.md
4-2-009,lacs-mers-oceans-rivieres,mers-et-oceans,Océan Arctique,Océan Arctique,Q788,,no-image,lacs-mers-oceans-rivieres/mers-et-oceans/4-2-009_ocean-arctique.md
4-2-010,lacs-mers-oceans-rivieres,mers-et-oceans,Mer Adriatique,Mer Adriatique,Q13924,https://upload.wikimedia.org/wikipedia/commons/f/f5/Adriatic_Sea_map_fr.png?utm_source=fr.wikipedia.org&utm_campaign=api&utm_content=thumbnail_unscaled,ok,lacs-mers-oceans-rivieres/mers-et-oceans/4-2-010_mer-adriatique.md
4-2-011,lacs-mers-oceans-rivieres,mers-et-oceans,Mer Égée,Mer Égée,Q34575,https://thumb.wikimedia.org/wikipedia/commons/thumb/4/43/Aegean_Sea_map-fr.svg/1280px-Aegean_Sea_map-fr.svg.png?utm_source=fr.wikipedia.org&utm_campaign=api&utm_content=thumbnail,ok,lacs-mers-oceans-rivieres/mers-et-oceans/4-2-011_mer-egee.md
4-2-012,lacs-mers-oceans-rivieres,mers-et-oceans,Mer Ionienne,Mer Ionienne,Q37495,https://upload.wikimedia.org/wikipedia/commons/b/b6/Mer_Ionienne.png?utm_source=fr.wikipedia.org&utm_campaign=api&utm_content=thumbnail_unscaled,ok,lacs-mers-oceans-rivieres/mers-et-oceans/4-2-012_mer-ionienne.md
4-2-013,lacs-mers-oceans-rivieres,mers-et-oceans,Mer Tyrrhénienne,Mer Tyrrhénienne,Q38882,https://thumb.wikimedia.org/wikipedia/commons/thumb/7/75/Mers-Italie-fr.svg/1280px-Mers-Italie-fr.svg.png?utm_source=fr.wikipedia.org&utm_campaign=api&utm_content=thumbnail,ok,lacs-mers-oceans-rivieres/mers-et-oceans/4-2-013_mer-tyrrhenienne.md
4-2-014,lacs-mers-oceans-rivieres,mers-et-oceans,Mer Noire,Mer Noire,Q166,https://upload.wikimedia.org/wikipedia/commons/2/2e/Mer_Noire_%28carte%29.png?utm_source=fr.wikipedia.org&utm_campaign=api&utm_content=thumbnail_unscaled,ok,lacs-mers-oceans-rivieres/mers-et-oceans/4-2-014_mer-noire.md
4-2-015,lacs-mers-oceans-rivieres,mers-et-oceans,Mer d'Azov,Mer d'Azov,Q35000,https://thumb.wikimedia.org/wikipedia/commons/thumb/8/81/SeaofAzov.jpg/1280px-SeaofAzov.jpg?utm_source=fr.wikipedia.org&utm_campaign=api&utm_content=thumbnail,ok,lacs-mers-oceans-rivieres/mers-et-oceans/4-2-015_mer-d-azov.md
4-2-016,lacs-mers-oceans-rivieres,mers-et-oceans,Mer de Marmara,Mer de Marmara,Q35367,https://thumb.wikimedia.org/wikipedia/commons/thumb/7/70/Sea_of_Marmara_map.png/1280px-Sea_of_Marmara_map.png?utm_source=fr.wikipedia.org&utm_campaign=api&utm_content=thumbnail,ok,lacs-mers-oceans-rivieres/mers-et-oceans/4-2-016_mer-de-marmara.md
4-2-017,lacs-mers-oceans-rivieres,mers-et-oceans,Mer d'Oman,Mer d'Arabie,Q58705,https://thumb.wikimedia.org/wikipedia/commons/thumb/f/f1/Arabian_Sea_in_its_region.svg/1280px-Arabian_Sea_in_its_region.svg.png?utm_source=fr.wikipedia.org&utm_campaign=api&utm_content=thumbnail,ok,lacs-mers-oceans-rivieres/mers-et-oceans/4-2-017_mer-d-oman.md
4-2-018,lacs-mers-oceans-rivieres,mers-et-oceans,Golfe Persique,Golfe Persique,Q34675,https://thumb.wikimedia.org/wikipedia/commons/thumb/2/2b/Base_map_of_Persian_Gulf-fr.svg/1280px-Base_map_of_Persian_Gulf-fr.svg.png?utm_source=fr.wikipedia.org&utm_campaign=api&utm_content=thumbnail,ok,lacs-mers-oceans-rivieres/mers-et-oceans/4-2-018_golfe-persique.md
4-2-019,lacs-mers-oceans-rivieres,mers-et-oceans,Golfe du Bengale,Golfe du Bengale,Q38684,https://upload.wikimedia.org/wikipedia/commons/0/07/Golfe-du-Bengale.png?utm_source=fr.wikipedia.org&utm_campaign=api&utm_content=thumbnail_unscaled,ok,lacs-mers-oceans-rivieres/mers-et-oceans/4-2-019_golfe-du-bengale.md
4-2-020,lacs-mers-oceans-rivieres,mers-et-oceans,Mer d'Andaman,Mer d'Andaman,Q47632,https://upload.wikimedia.org/wikipedia/commons/b/b1/LocationAndamanSea.png?utm_source=fr.wikipedia.org&utm_campaign=api&utm_content=thumbnail_unscaled,ok,lacs-mers-oceans-rivieres/mers-et-oceans/4-2-020_mer-d-andaman.md
4-2-021,lacs-mers-oceans-rivieres,mers-et-oceans,Mer de Chine méridionale,Mer de Chine méridionale,Q37660,https://upload.wikimedia.org/wikipedia/commons/1/12/Locatie_Zuid-Chinese_Zee.PNG?utm_source=fr.wikipedia.org&utm_campaign=api&utm_content=thumbnail_unscaled,ok,lacs-mers-oceans-rivieres/mers-et-oceans/4-2-021_mer-de-chine-meridionale.md
4-2-022,lacs-mers-oceans-rivieres,mers-et-oceans,Mer de Chine orientale,Mer de Chine orientale,Q45341,https://upload.wikimedia.org/wikipedia/commons/2/2f/Mar_de_China_Oriental_-_BM_WMS_2004.jpg?utm_source=fr.wikipedia.org&utm_campaign=api&utm_content=thumbnail_unscaled,ok,lacs-mers-oceans-rivieres/mers-et-oceans/4-2-022_mer-de-chine-orientale.md
4-2-023,lacs-mers-oceans-rivieres,mers-et-oceans,Mer du Japon,Mer du Japon,Q27092,https://upload.wikimedia.org/wikipedia/commons/a/a7/Cartedujapon.png?utm_source=fr.wikipedia.org&utm_campaign=api&utm_content=thumbnail_unscaled,ok,lacs-mers-oceans-rivieres/mers-et-oceans/4-2-023_mer-du-japon.md
4-2-024,lacs-mers-oceans-rivieres,mers-et-oceans,Mer d'Okhotsk,Mer d'Okhotsk,Q41602,https://upload.wikimedia.org/wikipedia/commons/9/92/Sea_of_Okhotsk_map_with_state_labels.png?utm_source=fr.wikipedia.org&utm_campaign=api&utm_content=thumbnail_unscaled,ok,lacs-mers-oceans-rivieres/mers-et-oceans/4-2-024_mer-d-okhotsk.md
4-2-025,lacs-mers-oceans-rivieres,mers-et-oceans,Mer de Béring,Mer de Béring,Q44725,https://upload.wikimedia.org/wikipedia/commons/e/e6/LA2-Bering-Sea.png?utm_source=fr.wikipedia.org&utm_campaign=api&utm_content=thumbnail_unscaled,ok,lacs-mers-oceans-rivieres/mers-et-oceans/4-2-025_mer-de-bering.md
4-2-026,lacs-mers-oceans-rivieres,mers-et-oceans,Mer des Tchouktches,Mer des Tchouktches,Q159252,https://thumb.wikimedia.org/wikipedia/commons/thumb/a/a1/Chukchi_Sea_map-fr.svg/1280px-Chukchi_Sea_map-fr.svg.png?utm_source=fr.wikipedia.org&utm_campaign=api&utm_content=thumbnail,ok,lacs-mers-oceans-rivieres/mers-et-oceans/4-2-026_mer-des-tchouktches.md
4-2-027,lacs-mers-oceans-rivieres,mers-et-oceans,Mer de Barents,Mer de Barents,Q45823,https://upload.wikimedia.org/wikipedia/commons/e/ea/Barents_Sea_map.png?utm_source=fr.wikipedia.org&utm_campaign=api&utm_content=thumbnail_unscaled,ok,lacs-mers-oceans-rivieres/mers-et-oceans/4-2-027_mer-de-barents.md
4-2-028,lacs-mers-oceans-rivieres,mers-et-oceans,Mer de Kara,Mer de Kara,Q33629,https://upload.wikimedia.org/wikipedia/commons/d/d6/Mer_de_Kara_%28carte%29.png?utm_source=fr.wikipedia.org&utm_campaign=api&utm_content=thumbnail_unscaled,ok,lacs-mers-oceans-rivieres/mers-et-oceans/4-2-028_mer-de-kara.md
4-2-029,lacs-mers-oceans-rivieres,mers-et-oceans,Mer de Laptev,Mer des Laptev,Q7988,https://thumb.wikimedia.org/wikipedia/commons/thumb/c/c6/Laptev_Sea_map-fr.svg/1280px-Laptev_Sea_map-fr.svg.png?utm_source=fr.wikipedia.org&utm_campaign=api&utm_content=thumbnail,ok,lacs-mers-oceans-rivieres/mers-et-oceans/4-2-029_mer-de-laptev.md
4-2-030,lacs-mers-oceans-rivieres,mers-et-oceans,Mer de Sibérie orientale,Mer de Sibérie orientale,Q163434,https://thumb.wikimedia.org/wikipedia/commons/thumb/0/00/East_Siberian_Sea_map-fr.svg/1280px-East_Siberian_Sea_map-fr.svg.png?utm_source=fr.wikipedia.org&utm_campaign=api&utm_content=thumbnail,ok,lacs-mers-oceans-rivieres/mers-et-oceans/4-2-030_mer-de-siberie-orientale.md
4-2-031,lacs-mers-oceans-rivieres,mers-et-oceans,Mer de Beaufort,Mer de Beaufort,Q131274,https://upload.wikimedia.org/wikipedia/commons/3/33/MerdeBeaufort.png?utm_source=fr.wikipedia.org&utm_campaign=api&utm_content=thumbnail_unscaled,ok,lacs-mers-oceans-rivieres/mers-et-oceans/4-2-031_mer-de-beaufort.md
4-2-032,lacs-mers-oceans-rivieres,mers-et-oceans,Mer de Baffin,Baie de Baffin,Q37040,https://thumb.wikimedia.org/wikipedia/commons/thumb/6/68/Baffin_Bay_map-fr.svg/1280px-Baffin_Bay_map-fr.svg.png?utm_source=fr.wikipedia.org&utm_campaign=api&utm_content=thumbnail,ok,lacs-mers-oceans-rivieres/mers-et-oceans/4-2-032_mer-de-baffin.md
4-2-033,lacs-mers-oceans-rivieres,mers-et-oceans,Mer du Labrador,Mer du Labrador,Q184189,https://upload.wikimedia.org/wikipedia/commons/9/9c/Labrador_sea_map.png?utm_source=fr.wikipedia.org&utm_campaign=api&utm_content=thumbnail_unscaled,ok,lacs-mers-oceans-rivieres/mers-et-oceans/4-2-033_mer-du-labrador.md
4-2-034,lacs-mers-oceans-rivieres,mers-et-oceans,Mer des Sargasses,Mer des Sargasses,Q169274,https://thumb.wikimedia.org/wikipedia/commons/thumb/f/f6/Sargasso.svg/1280px-Sargasso.svg.png?utm_source=fr.wikipedia.org&utm_campaign=api&utm_content=thumbnail,ok,lacs-mers-oceans-rivieres/mers-et-oceans/4-2-034_mer-des-sargasses.md
4-2-035,lacs-mers-oceans-rivieres,mers-et-oceans,Mer des Caraïbes,Mer des Caraïbes,Q1247,https://upload.wikimedia.org/wikipedia/commons/9/91/La2-demis-caribbean.png?utm_source=fr.wikipedia.org&utm_campaign=api&utm_content=thumbnail_unscaled,ok,lacs-mers-oceans-rivieres/mers-et-oceans/4-2-035_mer-des-caraibes.md
4-2-036,lacs-mers-oceans-rivieres,mers-et-oceans,Golfe du Mexique,Golfe du Mexique,Q12630,https://thumb.wikimedia.org/wikipedia/commons/thumb/b/b7/GulfofMexico3D.jpg/1280px-GulfofMexico3D.jpg?utm_source=fr.wikipedia.org&utm_campaign=api&utm_content=thumbnail,ok,lacs-mers-oceans-rivieres/mers-et-oceans/4-2-036_golfe-du-mexique.md
4-2-037,lacs-mers-oceans-rivieres,mers-et-oceans,Mer de Corail,Mer de Corail,Q82931,https://thumb.wikimedia.org/wikipedia/commons/thumb/8/8a/Coral_Sea.svg/1280px-Coral_Sea.svg.png?utm_source=fr.wikipedia.org&utm_campaign=api&utm_content=thumbnail,ok,lacs-mers-oceans-rivieres/mers-et-oceans/4-2-037_mer-de-corail.md
4-2-038,lacs-mers-oceans-rivieres,mers-et-oceans,Mer de Tasman,Mer de Tasman,Q33254,https://thumb.wikimedia.org/wikipedia/commons/thumb/4/4a/Tasman_sea.jpg/1280px-Tasman_sea.jpg?utm_source=fr.wikipedia.org&utm_campaign=api&utm_content=thumbnail,ok,lacs-mers-oceans-rivieres/mers-et-oceans/4-2-038_mer-de-tasman.md
4-2-039,lacs-mers-oceans-rivieres,mers-et-oceans,Mer de Ross,Mer de Ross,Q164466,https://thumb.wikimedia.org/wikipedia/commons/thumb/f/fb/MountMelbourne.jpg/1280px-MountMelbourne.jpg?utm_source=fr.wikipedia.org&utm_campaign=api&utm_content=thumbnail,ok,lacs-mers-oceans-rivieres/mers-et-oceans/4-2-039_mer-de-ross.md
4-2-040,lacs-mers-oceans-rivieres,mers-et-oceans,Mer de Weddell,Mer de Weddell,Q173343,,no-image,lacs-mers-oceans-rivieres/mers-et-oceans/4-2-040_mer-de-weddell.md
6-3-001,merveilles-et-espace,espace,Soleil,Soleil,Q525,https://thumb.wikimedia.org/wikipedia/commons/thumb/8/83/The_Sun_in_white_light.jpg/1280px-The_Sun_in_white_light.jpg?utm_source=fr.wikipedia.org&utm_campaign=api&utm_content=thumbnail,ok,merveilles-et-espace/espace/6-3-001_soleil.md
6-3-002,merveilles-et-espace,espace,Terre,Terre,Q2,https://thumb.wikimedia.org/wikipedia/commons/thumb/c/cb/The_Blue_Marble_%28remastered%29.jpg/1280px-The_Blue_Marble_%28remastered%29.jpg?utm_source=fr.wikipedia.org&utm_campaign=api&utm_content=thumbnail,ok,merveilles-et-espace/espace/6-3-002_terre.md
6-3-003,merveilles-et-espace,espace,Lune,Lune,Q405,https://thumb.wikimedia.org/wikipedia/commons/thumb/e/e1/FullMoon2010.jpg/1280px-FullMoon2010.jpg?utm_source=fr.wikipedia.org&utm_campaign=api&utm_content=thumbnail,ok,merveilles-et-espace/espace/6-3-003_lune.md
6-3-004,merveilles-et-espace,espace,Mercure,Mercure,Q1921483,,no-image,merveilles-et-espace/espace/6-3-004_mercure.md
6-3-005,merveilles-et-espace,espace,Vénus,Vénus,Q102040,,no-image,merveilles-et-espace/espace/6-3-005_venus.md
6-3-006,merveilles-et-espace,espace,Mars,Mars,Q426315,,no-image,merveilles-et-espace/espace/6-3-006_mars.md
6-3-007,merveilles-et-espace,espace,Jupiter,Jupiter,Q958169,,no-image,merveilles-et-espace/espace/6-3-007_jupiter.md
6-3-008,merveilles-et-espace,espace,Saturne,Saturne,Q680126,,no-image,merveilles-et-espace/espace/6-3-008_saturne.md
6-3-009,merveilles-et-espace,espace,Uranus,Uranus,Q15614740,,no-image,merveilles-et-espace/espace/6-3-009_uranus.md
6-3-010,merveilles-et-espace,espace,Neptune,Neptune,Q2456503,,no-image,merveilles-et-espace/espace/6-3-010_neptune.md
6-3-011,merveilles-et-espace,espace,Pluton,Pluton,Q1769805,,no-image,merveilles-et-espace/espace/6-3-011_pluton.md
6-3-012,merveilles-et-espace,espace,Europe,Europe,Q46,https://thumb.wikimedia.org/wikipedia/commons/thumb/4/44/Europe_orthographic_Caucasus_Urals_boundary_%28with_borders%29.svg/1280px-Europe_orthographic_Caucasus_Urals_boundary_%28with_borders%29.svg.png?utm_source=fr.wikipedia.org&utm_campaign=api&utm_content=thumbnail,ok,merveilles-et-espace/espace/6-3-012_europe.md
6-3-013,merveilles-et-espace,espace,Titan,Titan,Q102282,,no-image,merveilles-et-espace/espace/6-3-013_titan.md
6-3-014,merveilles-et-espace,espace,Ganymède,Ganymède,Q131588,https://thumb.wikimedia.org/wikipedia/commons/thumb/3/31/Bust_Ganymede_Louvre_Ma535.jpg/1280px-Bust_Ganymede_Louvre_Ma535.jpg?utm_source=fr.wikipedia.org&utm_campaign=api&utm_content=thumbnail,ok,merveilles-et-espace/espace/6-3-014_ganymede.md
6-3-015,merveilles-et-espace,espace,Io,Io,Q103375,,no-image,merveilles-et-espace/espace/6-3-015_io.md
6-3-016,merveilles-et-espace,espace,Cérès,Cérès,Q1055257,,no-image,merveilles-et-espace/espace/6-3-016_ceres.md
6-3-017,merveilles-et-espace,espace,Ceinture d'astéroïdes,Ceinture d'astéroïdes,Q2179,https://thumb.wikimedia.org/wikipedia/commons/thumb/1/1c/Asteroid_Belt-fr.svg/1280px-Asteroid_Belt-fr.svg.png?utm_source=fr.wikipedia.org&utm_campaign=api&utm_content=thumbnail,ok,merveilles-et-espace/espace/6-3-017_ceinture-d-asteroides.md
6-3-018,merveilles-et-espace,espace,Ceinture de Kuiper,Ceinture de Kuiper,Q427,https://thumb.wikimedia.org/wikipedia/commons/thumb/3/33/Outersolarsystem_objectpositions_labels_comp-fr.png/1280px-Outersolarsystem_objectpositions_labels_comp-fr.png?utm_source=fr.wikipedia.org&utm_campaign=api&utm_content=thumbnail,ok,merveilles-et-espace/espace/6-3-018_ceinture-de-kuiper.md
6-3-019,merveilles-et-espace,espace,Comète,Comète,Q3559,https://thumb.wikimedia.org/wikipedia/commons/thumb/d/df/Comet-Hale-Bopp-29-03-1997_hires_adj.jpg/1280px-Comet-Hale-Bopp-29-03-1997_hires_adj.jpg?utm_source=fr.wikipedia.org&utm_campaign=api&utm_content=thumbnail,ok,merveilles-et-espace/espace/6-3-019_comete.md
6-3-020,merveilles-et-espace,espace,Éclipse,Éclipse,Q141022,https://thumb.wikimedia.org/wikipedia/commons/thumb/9/9f/Solar_eclips_1999_5.jpg/1280px-Solar_eclips_1999_5.jpg?utm_source=fr.wikipedia.org&utm_campaign=api&utm_content=thumbnail,ok,merveilles-et-espace/espace/6-3-020_eclipse.md
6-3-021,merveilles-et-espace,espace,Voie lactée,Voie lactée,Q321,https://thumb.wikimedia.org/wikipedia/commons/thumb/4/43/ESO-VLT-Laser-phot-33a-07.jpg/1280px-ESO-VLT-Laser-phot-33a-07.jpg?utm_source=fr.wikipedia.org&utm_campaign=api&utm_content=thumbnail,ok,merveilles-et-espace/espace/6-3-021_voie-lactee.md
6-3-022,merveilles-et-espace,espace,Andromède,Andromède,Q16032146,,no-image,merveilles-et-espace/espace/6-3-022_andromede.md
6-3-023,merveilles-et-espace,espace,Sirius,Sirius,Q3409,https://upload.wikimedia.org/wikipedia/commons/f/f3/Sirius_A_and_B_Hubble_photo.jpg?utm_source=fr.wikipedia.org&utm_campaign=api&utm_content=thumbnail_unscaled,ok,merveilles-et-espace/espace/6-3-023_sirius.md
6-3-024,merveilles-et-espace,espace,Polaris,Polaris,Q182424,,no-image,merveilles-et-espace/espace/6-3-024_polaris.md
6-3-025,merveilles-et-espace,espace,Proxima du Centaure,Proxima Centauri,Q14266,https://upload.wikimedia.org/wikipedia/commons/9/95/New_shot_of_Proxima_Centauri%2C_our_nearest_neighbour.jpg?utm_source=fr.wikipedia.org&utm_campaign=api&utm_content=thumbnail_unscaled,ok,merveilles-et-espace/espace/6-3-025_proxima-du-centaure.md
6-3-026,merveilles-et-espace,espace,Trou noir,Trou noir,Q589,https://thumb.wikimedia.org/wikipedia/commons/thumb/4/4f/Black_hole_-_Messier_87_crop_max_res.jpg/1280px-Black_hole_-_Messier_87_crop_max_res.jpg?utm_source=fr.wikipedia.org&utm_campaign=api&utm_content=thumbnail,ok,merveilles-et-espace/espace/6-3-026_trou-noir.md
6-3-027,merveilles-et-espace,espace,Supernova,Supernova,Q3937,https://upload.wikimedia.org/wikipedia/commons/a/a2/SN1994D.jpg?utm_source=fr.wikipedia.org&utm_campaign=api&utm_content=thumbnail_unscaled,ok,merveilles-et-espace/espace/6-3-027_supernova.md
6-3-028,merveilles-et-espace,espace,Nébuleuse d'Orion,Nébuleuse d'Orion,Q13903,https://upload.wikimedia.org/wikipedia/commons/f/f3/NGC_1976_DSS.jpg?utm_source=fr.wikipedia.org&utm_campaign=api&utm_content=thumbnail_unscaled,ok,merveilles-et-espace/espace/6-3-028_nebuleuse-d-orion.md
6-3-029,merveilles-et-espace,espace,Bételgeuse,Bételgeuse,Q12124,https://thumb.wikimedia.org/wikipedia/commons/thumb/f/ff/Orion_IAU.svg/1280px-Orion_IAU.svg.png?utm_source=fr.wikipedia.org&utm_campaign=api&utm_content=thumbnail,ok,merveilles-et-espace/espace/6-3-029_betelgeuse.md
6-3-030,merveilles-et-espace,espace,Véga,Véga,Q3427,https://thumb.wikimedia.org/wikipedia/commons/thumb/a/ad/Vega_by_Stephen_Rahn.jpg/1280px-Vega_by_Stephen_Rahn.jpg?utm_source=fr.wikipedia.org&utm_campaign=api&utm_content=thumbnail,ok,merveilles-et-espace/espace/6-3-030_vega.md
6-3-031,merveilles-et-espace,espace,Alpha du Centaure,Alpha Centauri,Q12176,https://thumb.wikimedia.org/wikipedia/commons/thumb/8/80/Artist%E2%80%99s_impression_of_a_planet_around_Alpha_Centauri_B_%28symbolic%2C_annotated%29.jpg/1280px-Artist%E2%80%99s_impression_of_a_planet_around_Alpha_Centauri_B_%28symbolic%2C_annotated%29.jpg?utm_source=fr.wikipedia.org&utm_campaign=api&utm_content=thumbnail,ok,merveilles-et-espace/espace/6-3-031_alpha-du-centaure.md
6-3-032,merveilles-et-espace,espace,Grande Ourse,Grande Ourse,Q8918,https://upload.wikimedia.org/wikipedia/commons/3/34/Ursa_major_constellation_map-fr.png?utm_source=fr.wikipedia.org&utm_campaign=api&utm_content=thumbnail_unscaled,ok,merveilles-et-espace/espace/6-3-032_grande-ourse.md
6-3-033,merveilles-et-espace,espace,Orion,Orion,Q104387,,no-image,merveilles-et-espace/espace/6-3-033_orion.md
6-3-034,merveilles-et-espace,espace,Pulsar,Pulsar,Q4360,https://upload.wikimedia.org/wikipedia/commons/f/f1/NASA%E2%80%99s_Fermi_Mission_Finds_300_Gamma-Ray_Pulsars_%28SVS14434_-_pulsar_art_2%29.gif?utm_source=fr.wikipedia.org&utm_campaign=api&utm_content=thumbnail_unscaled,ok,merveilles-et-espace/espace/6-3-034_pulsar.md
6-3-035,merveilles-et-espace,espace,Quasar,Quasar,Q83373,https://upload.wikimedia.org/wikipedia/commons/9/9e/Gb1508_illustration.jpg?utm_source=fr.wikipedia.org&utm_campaign=api&utm_content=thumbnail_unscaled,ok,merveilles-et-espace/espace/6-3-035_quasar.md
6-3-036,merveilles-et-espace,espace,Naine blanche,Naine blanche,Q5871,https://upload.wikimedia.org/wikipedia/commons/f/f3/Sirius_A_and_B_Hubble_photo.jpg?utm_source=fr.wikipedia.org&utm_campaign=api&utm_content=thumbnail_unscaled,ok,merveilles-et-espace/espace/6-3-036_naine-blanche.md
6-3-037,merveilles-et-espace,espace,Exoplanète,Exoplanète,Q44559,https://thumb.wikimedia.org/wikipedia/commons/thumb/0/05/2M1207b_-_First_image_of_an_exoplanet.jpg/1280px-2M1207b_-_First_image_of_an_exoplanet.jpg?utm_source=fr.wikipedia.org&utm_campaign=api&utm_content=thumbnail,ok,merveilles-et-espace/espace/6-3-037_exoplanete.md
6-3-038,merveilles-et-espace,espace,Big Bang,Big Bang,Q323,,no-image,merveilles-et-espace/espace/6-3-038_big-bang.md
6-3-039,merveilles-et-espace,espace,Fond diffus cosmologique,Fond diffus cosmologique,Q15605,https://thumb.wikimedia.org/wikipedia/commons/thumb/3/3a/Oldest_Light_in_the_Universe_%28SVS30133%29.jpg/1280px-Oldest_Light_in_the_Universe_%28SVS30133%29.jpg?utm_source=fr.wikipedia.org&utm_campaign=api&utm_content=thumbnail,ok,merveilles-et-espace/espace/6-3-039_fond-diffus-cosmologique.md
6-3-040,merveilles-et-espace,espace,Matière noire,Matière noire,Q79925,https://thumb.wikimedia.org/wikipedia/commons/thumb/d/de/DMPie_2013_fr.svg/1280px-DMPie_2013_fr.svg.png?utm_source=fr.wikipedia.org&utm_campaign=api&utm_content=thumbnail,ok,merveilles-et-espace/espace/6-3-040_matiere-noire.md
6-3-041,merveilles-et-espace,espace,Station spatiale internationale,Station spatiale internationale,Q25271,https://thumb.wikimedia.org/wikipedia/commons/thumb/5/59/The_station_pictured_from_the_SpaceX_Crew_Dragon_5.jpg/1280px-The_station_pictured_from_the_SpaceX_Crew_Dragon_5.jpg?utm_source=fr.wikipedia.org&utm_campaign=api&utm_content=thumbnail,ok,merveilles-et-espace/espace/6-3-041_station-spatiale-internationale.md
6-3-042,merveilles-et-espace,espace,Apollo 11,Apollo 11,Q43653,https://thumb.wikimedia.org/wikipedia/commons/thumb/2/27/Apollo_11_insignia.png/1280px-Apollo_11_insignia.png?utm_source=fr.wikipedia.org&utm_campaign=api&utm_content=thumbnail,ok,merveilles-et-espace/espace/6-3-042_apollo-11.md
6-3-043,merveilles-et-espace,espace,Curiosity,Curiosity,Q413584,,no-image,merveilles-et-espace/espace/6-3-043_curiosity.md
6-3-044,merveilles-et-espace,espace,James Webb,James Webb,Q240675,,no-image,merveilles-et-espace/espace/6-3-044_james-webb.md
6-3-045,merveilles-et-espace,espace,Spoutnik 1,Spoutnik 1,Q80811,https://upload.wikimedia.org/wikipedia/commons/b/be/Sputnik_asm.jpg?utm_source=fr.wikipedia.org&utm_campaign=api&utm_content=thumbnail_unscaled,ok,merveilles-et-espace/espace/6-3-045_spoutnik-1.md
6-3-046,merveilles-et-espace,espace,Youri Gagarine,Youri Gagarine,Q7327,https://thumb.wikimedia.org/wikipedia/commons/thumb/2/2b/Yuri_Gagarin_%281961%29.jpg/1280px-Yuri_Gagarin_%281961%29.jpg?utm_source=fr.wikipedia.org&utm_campaign=api&utm_content=thumbnail,ok,merveilles-et-espace/espace/6-3-046_youri-gagarine.md
6-3-047,merveilles-et-espace,espace,Valentina Terechkova,Valentina Terechkova,Q44371,https://upload.wikimedia.org/wikipedia/commons/a/a0/Valentina_Tereshkova%2C_First_Woman_in_Space_-_Flickr_-_San_Diego_Air_%5E_Space_Museum_Archives.jpg?utm_source=fr.wikipedia.org&utm_campaign=api&utm_content=thumbnail_unscaled,ok,merveilles-et-espace/espace/6-3-047_valentina-terechkova.md
6-3-048,merveilles-et-espace,espace,Neil Armstrong,Neil Armstrong,Q1615,https://thumb.wikimedia.org/wikipedia/commons/thumb/0/0d/Neil_Armstrong_pose.jpg/1280px-Neil_Armstrong_pose.jpg?utm_source=fr.wikipedia.org&utm_campaign=api&utm_content=thumbnail,ok,merveilles-et-espace/espace/6-3-048_neil-armstrong.md
6-3-049,merveilles-et-espace,espace,Artemis,Artémis,Q39503,https://thumb.wikimedia.org/wikipedia/commons/thumb/0/03/Diane_de_Versailles_-_Mus%C3%A9e_du_Louvre_AGER_Ma_589.jpg/1280px-Diane_de_Versailles_-_Mus%C3%A9e_du_Louvre_AGER_Ma_589.jpg?utm_source=fr.wikipedia.org&utm_campaign=api&utm_content=thumbnail,ok,merveilles-et-espace/espace/6-3-049_artemis.md
6-3-050,merveilles-et-espace,espace,SpaceX,SpaceX,Q193701,https://thumb.wikimedia.org/wikipedia/commons/thumb/e/ee/Iridium-4_Mission_%2825557986177%29.jpg/1280px-Iridium-4_Mission_%2825557986177%29.jpg?utm_source=fr.wikipedia.org&utm_campaign=api&utm_content=thumbnail,ok,merveilles-et-espace/espace/6-3-050_spacex.md
6-3-051,merveilles-et-espace,espace,Falcon 9,Falcon 9,Q249091,https://thumb.wikimedia.org/wikipedia/commons/thumb/f/f5/45th_Space_Wing_Supports_Successful_Transporter-1_Launch_%28210124-X-QO603-1025%29_%28cropped%29.jpg/1280px-45th_Space_Wing_Supports_Successful_Transporter-1_Launch_%28210124-X-QO603-1025%29_%28cropped%29.jpg?utm_source=fr.wikipedia.org&utm_campaign=api&utm_content=thumbnail,ok,merveilles-et-espace/espace/6-3-051_falcon-9.md
6-3-052,merveilles-et-espace,espace,Voyager 1,Voyager 1,Q48469,https://thumb.wikimedia.org/wikipedia/commons/thumb/2/29/Voyager_spacecraft.jpg/1280px-Voyager_spacecraft.jpg?utm_source=fr.wikipedia.org&utm_campaign=api&utm_content=thumbnail,ok,merveilles-et-espace/espace/6-3-052_voyager-1.md
6-3-053,merveilles-et-espace,espace,Voyager 2,Voyager 2,Q48475,https://upload.wikimedia.org/wikipedia/commons/d/d2/Voyager.jpg?utm_source=fr.wikipedia.org&utm_campaign=api&utm_content=thumbnail_unscaled,ok,merveilles-et-espace/espace/6-3-053_voyager-2.md
6-3-054,merveilles-et-espace,espace,Cassini-Huygens,Cassini-Huygens,Q165585,https://thumb.wikimedia.org/wikipedia/commons/thumb/b/b2/Cassini_Saturn_Orbit_Insertion.jpg/1280px-Cassini_Saturn_Orbit_Insertion.jpg?utm_source=fr.wikipedia.org&utm_campaign=api&utm_content=thumbnail,ok,merveilles-et-espace/espace/6-3-054_cassini-huygens.md
6-3-055,merveilles-et-espace,espace,Perseverance,Mars 2020 (mission spatiale),Q1526343,https://upload.wikimedia.org/wikipedia/commons/c/c0/Mars_2020_selfie_containing_both_perseverance_rover_and_ingenuity.gif?utm_source=fr.wikipedia.org&utm_campaign=api&utm_content=thumbnail_unscaled,ok,merveilles-et-espace/espace/6-3-055_perseverance.md
6-3-056,merveilles-et-espace,espace,Hubble,Hubble,Q250168,,no-image,merveilles-et-espace/espace/6-3-056_hubble.md
6-3-057,merveilles-et-espace,espace,Kepler,Kepler,Q225361,,no-image,merveilles-et-espace/espace/6-3-057_kepler.md
6-3-058,merveilles-et-espace,espace,Claude Nicollier,Claude Nicollier,Q116962,https://thumb.wikimedia.org/wikipedia/commons/thumb/1/14/Claude_Nicollier-2.jpg/1280px-Claude_Nicollier-2.jpg?utm_source=fr.wikipedia.org&utm_campaign=api&utm_content=thumbnail,ok,merveilles-et-espace/espace/6-3-058_claude-nicollier.md
6-3-059,merveilles-et-espace,espace,Ariane,Ariane,Q342217,,no-image,merveilles-et-espace/espace/6-3-059_ariane.md
6-3-060,merveilles-et-espace,espace,NASA,National Aeronautics and Space Administration,Q23548,https://thumb.wikimedia.org/wikipedia/commons/thumb/4/46/NASA_logo_%282023_colors%29.svg/1280px-NASA_logo_%282023_colors%29.svg.png?utm_source=fr.wikipedia.org&utm_campaign=api&utm_content=thumbnail,ok,merveilles-et-espace/espace/6-3-060_nasa.md
6-2-001,merveilles-et-espace,monde,Chutes d'Iguazú,Chutes d'Iguazú,Q36332,https://thumb.wikimedia.org/wikipedia/commons/thumb/8/83/Iguacu-004.jpg/1280px-Iguacu-004.jpg?utm_source=fr.wikipedia.org&utm_campaign=api&utm_content=thumbnail,ok,merveilles-et-espace/monde/6-2-001_chutes-d-iguazu.md
6-2-002,merveilles-et-espace,monde,Salar d'Uyuni,Salar d'Uyuni,Q76122,https://upload.wikimedia.org/wikipedia/commons/5/53/Uyuni_landsat.JPG?utm_source=fr.wikipedia.org&utm_campaign=api&utm_content=thumbnail_unscaled,ok,merveilles-et-espace/monde/6-2-002_salar-d-uyuni.md
6-2-003,merveilles-et-espace,monde,Sahara,Sahara,Q6583,https://thumb.wikimedia.org/wikipedia/commons/thumb/a/a7/Sahara_satellite_hires.jpg/1280px-Sahara_satellite_hires.jpg?utm_source=fr.wikipedia.org&utm_campaign=api&utm_content=thumbnail,ok,merveilles-et-espace/monde/6-2-003_sahara.md
6-2-004,merveilles-et-espace,monde,Amazonie,Amazonie,Q2841453,https://upload.wikimedia.org/wikipedia/commons/8/85/Amazonie_jt01.png?utm_source=fr.wikipedia.org&utm_campaign=api&utm_content=thumbnail_unscaled,ok,merveilles-et-espace/monde/6-2-004_amazonie.md
6-2-005,merveilles-et-espace,monde,Grand Canyon,Grand Canyon,Q118841,https://thumb.wikimedia.org/wikipedia/commons/thumb/2/25/Grand_Canyon_North.jpg/1280px-Grand_Canyon_North.jpg?utm_source=fr.wikipedia.org&utm_campaign=api&utm_content=thumbnail,ok,merveilles-et-espace/monde/6-2-005_grand-canyon.md
6-2-006,merveilles-et-espace,monde,Désert d'Atacama,Désert d'Atacama,Q47141,https://thumb.wikimedia.org/wikipedia/commons/thumb/8/88/Licancabur_from_Moon_Valley.JPG/1280px-Licancabur_from_Moon_Valley.JPG?utm_source=fr.wikipedia.org&utm_campaign=api&utm_content=thumbnail,ok,merveilles-et-espace/monde/6-2-006_desert-d-atacama.md
6-2-007,merveilles-et-espace,monde,Baie d'Ha Long,Baie d'Along,Q190128,https://upload.wikimedia.org/wikipedia/commons/e/e4/Halong_ensemble_%28colour_corrected%29.jpg?utm_source=fr.wikipedia.org&utm_campaign=api&utm_content=thumbnail_unscaled,ok,merveilles-et-espace/monde/6-2-007_baie-d-ha-long.md
6-2-008,merveilles-et-espace,monde,Pamukkale,Pamukkale,Q105893254,https://thumb.wikimedia.org/wikipedia/commons/thumb/d/de/Pamukkale_30.jpg/1280px-Pamukkale_30.jpg?utm_source=fr.wikipedia.org&utm_campaign=api&utm_content=thumbnail,ok,merveilles-et-espace/monde/6-2-008_pamukkale.md
6-2-009,merveilles-et-espace,monde,Yellowstone,Yellowstone,Q260596,,no-image,merveilles-et-espace/monde/6-2-009_yellowstone.md
6-2-010,merveilles-et-espace,monde,Grande Barrière de corail,Grande Barrière de corail,Q7343,https://upload.wikimedia.org/wikipedia/commons/1/1b/GreatBarrierReef-EO.JPG?utm_source=fr.wikipedia.org&utm_campaign=api&utm_content=thumbnail_unscaled,ok,merveilles-et-espace/monde/6-2-010_grande-barriere-de-corail.md
6-2-011,merveilles-et-espace,monde,Glacier Perito Moreno,Glacier Perito Moreno,Q367943,https://thumb.wikimedia.org/wikipedia/commons/thumb/5/5c/Perito_Moreno_Glacier_Patagonia_Argentina_Luca_Galuzzi_2005.JPG/1280px-Perito_Moreno_Glacier_Patagonia_Argentina_Luca_Galuzzi_2005.JPG?utm_source=fr.wikipedia.org&utm_campaign=api&utm_content=thumbnail,ok,merveilles-et-espace/monde/6-2-011_glacier-perito-moreno.md
6-2-012,merveilles-et-espace,monde,Îles Galápagos,Îles Galápagos,Q38095,https://thumb.wikimedia.org/wikipedia/commons/thumb/b/b1/Galapagos-satellite-2002.jpg/1280px-Galapagos-satellite-2002.jpg?utm_source=fr.wikipedia.org&utm_campaign=api&utm_content=thumbnail,ok,merveilles-et-espace/monde/6-2-012_iles-galapagos.md
6-2-013,merveilles-et-espace,monde,Parc de Zhangjiajie,Zhangjiajie,Q197379,https://thumb.wikimedia.org/wikipedia/commons/thumb/6/62/1_zhangjiajie_huangshizhai_wulingyuan_panorama_2012.jpg/1280px-1_zhangjiajie_huangshizhai_wulingyuan_panorama_2012.jpg?utm_source=fr.wikipedia.org&utm_campaign=api&utm_content=thumbnail,ok,merveilles-et-espace/monde/6-2-013_parc-de-zhangjiajie.md
6-2-014,merveilles-et-espace,monde,Grotte de Waitomo,Grottes de Waitomo,Q1071889,https://thumb.wikimedia.org/wikipedia/commons/thumb/b/b6/%27Cathedral%27_in_Waitomo_Cave.jpg/1280px-%27Cathedral%27_in_Waitomo_Cave.jpg?utm_source=fr.wikipedia.org&utm_campaign=api&utm_content=thumbnail,ok,merveilles-et-espace/monde/6-2-014_grotte-de-waitomo.md
6-2-015,merveilles-et-espace,monde,Vésuve,Vésuve,Q524,https://thumb.wikimedia.org/wikipedia/commons/thumb/5/5e/Il_cratere_del_Vulcano_-_panoramio.jpg/1280px-Il_cratere_del_Vulcano_-_panoramio.jpg?utm_source=fr.wikipedia.org&utm_campaign=api&utm_content=thumbnail,ok,merveilles-et-espace/monde/6-2-015_vesuve.md
6-2-016,merveilles-et-espace,monde,Etna,Etna,Q16990,https://thumb.wikimedia.org/wikipedia/commons/thumb/8/8d/Mt_Etna_and_Catania.JPG/1280px-Mt_Etna_and_Catania.JPG?utm_source=fr.wikipedia.org&utm_campaign=api&utm_content=thumbnail,ok,merveilles-et-espace/monde/6-2-016_etna.md
6-2-017,merveilles-et-espace,monde,Stromboli,Stromboli,Q131148,https://thumb.wikimedia.org/wikipedia/commons/thumb/e/e0/Aerial_image_of_Stromboli_%28view_from_the_northeast%29.jpg/1280px-Aerial_image_of_Stromboli_%28view_from_the_northeast%29.jpg?utm_source=fr.wikipedia.org&utm_campaign=api&utm_content=thumbnail,ok,merveilles-et-espace/monde/6-2-017_stromboli.md
6-2-018,merveilles-et-espace,monde,Kīlauea,Kīlauea,Q188698,https://thumb.wikimedia.org/wikipedia/commons/thumb/3/3c/Kilauea_-_Landsat_mosaic.jpg/1280px-Kilauea_-_Landsat_mosaic.jpg?utm_source=fr.wikipedia.org&utm_campaign=api&utm_content=thumbnail,ok,merveilles-et-espace/monde/6-2-018_kilauea.md
6-2-019,merveilles-et-espace,monde,Bora-Bora,Bora-Bora,Q183113,https://upload.wikimedia.org/wikipedia/commons/9/99/BoraBora_without_Tupai_topographic_map-fr.png?utm_source=fr.wikipedia.org&utm_campaign=api&utm_content=thumbnail_unscaled,ok,merveilles-et-espace/monde/6-2-019_bora-bora.md
6-2-020,merveilles-et-espace,monde,Fjords de Norvège,Fjord norvégien,Q3073169,https://upload.wikimedia.org/wikipedia/commons/7/77/Flam_Fjord.jpg?utm_source=fr.wikipedia.org&utm_campaign=api&utm_content=thumbnail_unscaled,ok,merveilles-et-espace/monde/6-2-020_fjords-de-norvege.md
6-2-021,merveilles-et-espace,monde,Wadi Rum,Wadi Rum,Q40729,https://thumb.wikimedia.org/wikipedia/commons/thumb/d/da/21_Lawrence_of_Arabia_Spring_-_Magnificent_Views_at_the_Top_of_the_Trail_-_panoramio.jpg/1280px-21_Lawrence_of_Arabia_Spring_-_Magnificent_Views_at_the_Top_of_the_Trail_-_panoramio.jpg?utm_source=fr.wikipedia.org&utm_campaign=api&utm_content=thumbnail,ok,merveilles-et-espace/monde/6-2-021_wadi-rum.md
6-2-022,merveilles-et-espace,monde,Vatnajökull,Vatnajökull,Q179734,https://upload.wikimedia.org/wikipedia/commons/8/8f/Vatnaj%C3%B6kull.jpeg?utm_source=fr.wikipedia.org&utm_campaign=api&utm_content=thumbnail_unscaled,ok,merveilles-et-espace/monde/6-2-022_vatnajokull.md
6-2-023,merveilles-et-espace,monde,Socotra,Socotra,Q82859,https://upload.wikimedia.org/wikipedia/commons/9/93/Socotra_satview.jpg?utm_source=fr.wikipedia.org&utm_campaign=api&utm_content=thumbnail_unscaled,ok,merveilles-et-espace/monde/6-2-023_socotra.md
6-2-024,merveilles-et-espace,monde,Aurores boréales,Aurore polaire,Q40609,https://upload.wikimedia.org/wikipedia/commons/2/2a/Northern_Lights_timelapse.gif?utm_source=fr.wikipedia.org&utm_campaign=api&utm_content=thumbnail_unscaled,ok,merveilles-et-espace/monde/6-2-024_aurores-boreales.md
6-2-025,merveilles-et-espace,monde,Chutes du Niagara,Chutes du Niagara,Q34221,https://thumb.wikimedia.org/wikipedia/commons/thumb/5/56/Niagara_Falls_Sunset_%28cropped%29.jpg/1280px-Niagara_Falls_Sunset_%28cropped%29.jpg?utm_source=fr.wikipedia.org&utm_campaign=api&utm_content=thumbnail,ok,merveilles-et-espace/monde/6-2-025_chutes-du-niagara.md
6-2-026,merveilles-et-espace,monde,Chutes Victoria,Chutes Victoria,Q43278,https://thumb.wikimedia.org/wikipedia/commons/thumb/2/27/VictoriaFalls3.JPG/1280px-VictoriaFalls3.JPG?utm_source=fr.wikipedia.org&utm_campaign=api&utm_content=thumbnail,ok,merveilles-et-espace/monde/6-2-026_chutes-victoria.md
6-2-027,merveilles-et-espace,monde,Salto Ángel,Salto Ángel,Q80299,https://thumb.wikimedia.org/wikipedia/commons/thumb/b/b6/Salto_angel_descubierto.jpg/1280px-Salto_angel_descubierto.jpg?utm_source=fr.wikipedia.org&utm_campaign=api&utm_content=thumbnail,ok,merveilles-et-espace/monde/6-2-027_salto-angel.md
6-2-028,merveilles-et-espace,monde,Antelope Canyon,Antelope Canyon,Q308926,https://thumb.wikimedia.org/wikipedia/commons/thumb/3/32/Lower_Antelope_Canyon_478.jpg/1280px-Lower_Antelope_Canyon_478.jpg?utm_source=fr.wikipedia.org&utm_campaign=api&utm_content=thumbnail,ok,merveilles-et-espace/monde/6-2-028_antelope-canyon.md
6-2-029,merveilles-et-espace,monde,Monument Valley,Monument Valley,Q192017,https://upload.wikimedia.org/wikipedia/commons/c/cf/Wfm_monument_valley_annotated.jpg?utm_source=fr.wikipedia.org&utm_campaign=api&utm_content=thumbnail_unscaled,ok,merveilles-et-espace/monde/6-2-029_monument-valley.md
6-2-030,merveilles-et-espace,monde,Vallée de la Mort,Vallée de la Mort,Q118388,https://upload.wikimedia.org/wikipedia/commons/3/33/Aerial_view_-_Death_Valley.jpg?utm_source=fr.wikipedia.org&utm_campaign=api&utm_content=thumbnail_unscaled,ok,merveilles-et-espace/monde/6-2-030_vallee-de-la-mort.md
6-2-031,merveilles-et-espace,monde,Parc de Yosemite,Parc national de Yosemite,Q180402,https://thumb.wikimedia.org/wikipedia/commons/thumb/1/13/Tunnel_View%2C_Yosemite_Valley%2C_Yosemite_NP_-_Diliff.jpg/1280px-Tunnel_View%2C_Yosemite_Valley%2C_Yosemite_NP_-_Diliff.jpg?utm_source=fr.wikipedia.org&utm_campaign=api&utm_content=thumbnail,ok,merveilles-et-espace/monde/6-2-031_parc-de-yosemite.md
6-2-032,merveilles-et-espace,monde,Chaussée des Géants,Chaussée des Géants,Q106187,https://thumb.wikimedia.org/wikipedia/commons/thumb/c/c0/Causeway-code_poet-4.jpg/1280px-Causeway-code_poet-4.jpg?utm_source=fr.wikipedia.org&utm_campaign=api&utm_content=thumbnail,ok,merveilles-et-espace/monde/6-2-032_chaussee-des-geants.md
6-2-033,merveilles-et-espace,monde,Falaises de Moher,Falaises de Moher,Q239477,https://thumb.wikimedia.org/wikipedia/commons/thumb/5/51/Ireland_CliffsMoher.JPG/1280px-Ireland_CliffsMoher.JPG?utm_source=fr.wikipedia.org&utm_campaign=api&utm_content=thumbnail,ok,merveilles-et-espace/monde/6-2-033_falaises-de-moher.md
6-2-034,merveilles-et-espace,monde,Lacs de Plitvice,Parc national des lacs de Plitvice,Q189849,https://upload.wikimedia.org/wikipedia/commons/0/09/Plitvice_Lakes_National_Park.jpg?utm_source=fr.wikipedia.org&utm_campaign=api&utm_content=thumbnail_unscaled,ok,merveilles-et-espace/monde/6-2-034_lacs-de-plitvice.md
6-2-035,merveilles-et-espace,monde,Gorges du Verdon,Gorges du Verdon,Q687057,https://thumb.wikimedia.org/wikipedia/commons/thumb/f/f9/Verdon_Gorge_1.jpg/1280px-Verdon_Gorge_1.jpg?utm_source=fr.wikipedia.org&utm_campaign=api&utm_content=thumbnail,ok,merveilles-et-espace/monde/6-2-035_gorges-du-verdon.md
6-2-036,merveilles-et-espace,monde,Falaises d'Étretat,Site d'Étretat,Q113840948,https://upload.wikimedia.org/wikipedia/commons/0/0f/Formation_d%27une_arche.png?utm_source=fr.wikipedia.org&utm_campaign=api&utm_content=thumbnail_unscaled,ok,merveilles-et-espace/monde/6-2-036_falaises-d-etretat.md
6-2-037,merveilles-et-espace,monde,Parc de Þingvellir,Þingvellir,Q107370,https://thumb.wikimedia.org/wikipedia/commons/thumb/8/83/%C3%9Eingvellir_from_the_information_centre.JPG/1280px-%C3%9Eingvellir_from_the_information_centre.JPG?utm_source=fr.wikipedia.org&utm_campaign=api&utm_content=thumbnail,ok,merveilles-et-espace/monde/6-2-037_parc-de-ingvellir.md
6-2-038,merveilles-et-espace,monde,Lagune de Jökulsárlón,Jökulsárlón,Q511933,https://thumb.wikimedia.org/wikipedia/commons/thumb/a/a5/Jokulsarlon_lake%2C_Iceland.jpg/1280px-Jokulsarlon_lake%2C_Iceland.jpg?utm_source=fr.wikipedia.org&utm_campaign=api&utm_content=thumbnail,ok,merveilles-et-espace/monde/6-2-038_lagune-de-jokulsarlon.md
6-2-039,merveilles-et-espace,monde,Dolomites,Dolomites,Q1283,https://thumb.wikimedia.org/wikipedia/commons/thumb/0/03/Karte_Dolomiten.png/1280px-Karte_Dolomiten.png?utm_source=fr.wikipedia.org&utm_campaign=api&utm_content=thumbnail,ok,merveilles-et-espace/monde/6-2-039_dolomites.md
6-2-040,merveilles-et-espace,monde,Météores,Météores,Q3125051,https://thumb.wikimedia.org/wikipedia/commons/thumb/6/62/Greece_meteora_monasteries.JPG/1280px-Greece_meteora_monasteries.JPG?utm_source=fr.wikipedia.org&utm_campaign=api&utm_content=thumbnail,ok,merveilles-et-espace/monde/6-2-040_meteores.md
6-2-041,merveilles-et-espace,monde,Cappadoce,Cappadoce,Q217265,https://thumb.wikimedia.org/wikipedia/commons/thumb/a/a3/Cappadocia_Aerial_View_Landscape.jpg/1280px-Cappadocia_Aerial_View_Landscape.jpg?utm_source=fr.wikipedia.org&utm_campaign=api&utm_content=thumbnail,ok,merveilles-et-espace/monde/6-2-041_cappadoce.md
6-2-042,merveilles-et-espace,monde,Torres del Paine,Torres del Paine,Q200948,,no-image,merveilles-et-espace/monde/6-2-042_torres-del-paine.md
6-2-043,merveilles-et-espace,monde,Mont Fitz Roy,Fitz Roy,Q215138,https://thumb.wikimedia.org/wikipedia/commons/thumb/7/7a/Fitz_Roy_2.jpg/1280px-Fitz_Roy_2.jpg?utm_source=fr.wikipedia.org&utm_campaign=api&utm_content=thumbnail,ok,merveilles-et-espace/monde/6-2-043_mont-fitz-roy.md
6-2-044,merveilles-et-espace,monde,Lençóis Maranhenses,Parc national des Lençóis Maranhenses,Q647777,https://thumb.wikimedia.org/wikipedia/commons/thumb/9/97/Lencois_Maranhenses_8.jpg/1280px-Lencois_Maranhenses_8.jpg?utm_source=fr.wikipedia.org&utm_campaign=api&utm_content=thumbnail,ok,merveilles-et-espace/monde/6-2-044_lencois-maranhenses.md
6-2-045,merveilles-et-espace,monde,Île de Komodo,Komodo (île),Q107640,https://thumb.wikimedia.org/wikipedia/commons/thumb/5/52/Komodo_National_Park_2000-07-20_ASTER.jpg/1280px-Komodo_National_Park_2000-07-20_ASTER.jpg?utm_source=fr.wikipedia.org&utm_campaign=api&utm_content=thumbnail,ok,merveilles-et-espace/monde/6-2-045_ile-de-komodo.md
6-2-046,merveilles-et-espace,monde,Raja Ampat,Îles Raja Ampat,Q15088317,https://upload.wikimedia.org/wikipedia/commons/6/63/Karta_ID_RajaAmpat_Isl.PNG?utm_source=fr.wikipedia.org&utm_campaign=api&utm_content=thumbnail_unscaled,ok,merveilles-et-espace/monde/6-2-046_raja-ampat.md
6-2-047,merveilles-et-espace,monde,Mont Bromo,Bromo,Q679590,https://thumb.wikimedia.org/wikipedia/commons/thumb/8/8b/Mount_Bromo_closeup_on_sunrise_2.jpg/1280px-Mount_Bromo_closeup_on_sunrise_2.jpg?utm_source=fr.wikipedia.org&utm_campaign=api&utm_content=thumbnail,ok,merveilles-et-espace/monde/6-2-047_mont-bromo.md
6-2-048,merveilles-et-espace,monde,Baie de Krabi,Baie de Phang Nga,Q717765,https://upload.wikimedia.org/wikipedia/commons/9/97/Phang_Nga_Bay_98.59616E_8.24710N.png?utm_source=fr.wikipedia.org&utm_campaign=api&utm_content=thumbnail_unscaled,ok,merveilles-et-espace/monde/6-2-048_baie-de-krabi.md
6-2-049,merveilles-et-espace,monde,Delta de l'Okavango,Delta de l'Okavango,Q650872,https://upload.wikimedia.org/wikipedia/commons/7/7f/OkavangoDelta.png?utm_source=fr.wikipedia.org&utm_campaign=api&utm_content=thumbnail_unscaled,ok,merveilles-et-espace/monde/6-2-049_delta-de-l-okavango.md
6-2-050,merveilles-et-espace,monde,Parc du Serengeti,Parc national du Serengeti,Q11812902,https://thumb.wikimedia.org/wikipedia/commons/thumb/5/58/Serengeti-Sign.jpg/1280px-Serengeti-Sign.jpg?utm_source=fr.wikipedia.org&utm_campaign=api&utm_content=thumbnail,ok,merveilles-et-espace/monde/6-2-050_parc-du-serengeti.md
6-2-051,merveilles-et-espace,monde,Cratère du Ngorongoro,Cratère du Ngorongoro,Q3002224,https://upload.wikimedia.org/wikipedia/commons/4/4c/Ngorongoro_topo.jpg?utm_source=fr.wikipedia.org&utm_campaign=api&utm_content=thumbnail_unscaled,ok,merveilles-et-espace/monde/6-2-051_cratere-du-ngorongoro.md
6-2-052,merveilles-et-espace,monde,Sossusvlei,Sossusvlei,Q1932730,https://thumb.wikimedia.org/wikipedia/commons/thumb/6/65/Thorn_Tree_Sossusvlei_Namib_Desert_Namibia_Luca_Galuzzi_2004.JPG/1280px-Thorn_Tree_Sossusvlei_Namib_Desert_Namibia_Luca_Galuzzi_2004.JPG?utm_source=fr.wikipedia.org&utm_campaign=api&utm_content=thumbnail,ok,merveilles-et-espace/monde/6-2-052_sossusvlei.md
6-2-053,merveilles-et-espace,monde,Dallol,Dallol,Q396883,,no-image,merveilles-et-espace/monde/6-2-053_dallol.md
6-2-054,merveilles-et-espace,monde,Uluru,Uluru/Ayers Rock,Q33910,https://thumb.wikimedia.org/wikipedia/commons/thumb/c/c2/Uluru%2C_helicopter_view%2C_cropped.jpg/1280px-Uluru%2C_helicopter_view%2C_cropped.jpg?utm_source=fr.wikipedia.org&utm_campaign=api&utm_content=thumbnail,ok,merveilles-et-espace/monde/6-2-054_uluru.md
6-2-055,merveilles-et-espace,monde,Parc de Kakadu,Parc national de Kakadu,Q189657,https://upload.wikimedia.org/wikipedia/commons/9/93/Kakadu_2431.jpg?utm_source=fr.wikipedia.org&utm_campaign=api&utm_content=thumbnail_unscaled,ok,merveilles-et-espace/monde/6-2-055_parc-de-kakadu.md
6-2-056,merveilles-et-espace,monde,Milford Sound,Milford Sound,Q187197,,no-image,merveilles-et-espace/monde/6-2-056_milford-sound.md
6-2-057,merveilles-et-espace,monde,Fiordland,Fiordland,Q2266713,https://upload.wikimedia.org/wikipedia/commons/3/35/Milford_sound_Nouvelle_Z%C3%A9lande_03_mars_2005.jpg?utm_source=fr.wikipedia.org&utm_campaign=api&utm_content=thumbnail_unscaled,ok,merveilles-et-espace/monde/6-2-057_fiordland.md
6-2-058,merveilles-et-espace,monde,Blue Lagoon,Blue Lagoon,Q104163720,,no-image,merveilles-et-espace/monde/6-2-058_blue-lagoon.md
6-2-059,merveilles-et-espace,monde,Table Mountain,Montagne de la Table,Q213360,https://upload.wikimedia.org/wikipedia/commons/9/94/View_from_Signal_Hill.jpg?utm_source=fr.wikipedia.org&utm_campaign=api&utm_content=thumbnail_unscaled,ok,merveilles-et-espace/monde/6-2-059_table-mountain.md
6-2-060,merveilles-et-espace,monde,Chutes de Khone,Chutes de Khone,Q38161,https://thumb.wikimedia.org/wikipedia/commons/thumb/d/d9/Khon_Phapheng_Falls.jpg/1280px-Khon_Phapheng_Falls.jpg?utm_source=fr.wikipedia.org&utm_campaign=api&utm_content=thumbnail,ok,merveilles-et-espace/monde/6-2-060_chutes-de-khone.md
6-2-061,merveilles-et-espace,monde,Parc de Canaima,Parc national Canaima,Q1244337,https://thumb.wikimedia.org/wikipedia/commons/thumb/0/07/Salto_Angel_from_Raton.JPG/1280px-Salto_Angel_from_Raton.JPG?utm_source=fr.wikipedia.org&utm_campaign=api&utm_content=thumbnail,ok,merveilles-et-espace/monde/6-2-061_parc-de-canaima.md
6-2-062,merveilles-et-espace,monde,Vallée de la Lune,La Vallée de la Lune,Q1174082,https://thumb.wikimedia.org/wikipedia/commons/thumb/b/ba/The_Valley_of_the_Moon_1913.jpg/1280px-The_Valley_of_the_Moon_1913.jpg?utm_source=fr.wikipedia.org&utm_campaign=api&utm_content=thumbnail,ok,merveilles-et-espace/monde/6-2-062_vallee-de-la-lune.md
6-2-063,merveilles-et-espace,monde,Grotte de Son Doong,Grotte Sơn Đông,Q44889,https://thumb.wikimedia.org/wikipedia/commons/thumb/5/51/Son_Doong_Cave_5.jpg/1280px-Son_Doong_Cave_5.jpg?utm_source=fr.wikipedia.org&utm_campaign=api&utm_content=thumbnail,ok,merveilles-et-espace/monde/6-2-063_grotte-de-son-doong.md
6-2-064,merveilles-et-espace,monde,Parc de Gunung Mulu,Parc national du Gunung Mulu,Q61535,https://upload.wikimedia.org/wikipedia/commons/6/6e/Mulu.JPG?utm_source=fr.wikipedia.org&utm_campaign=api&utm_content=thumbnail_unscaled,ok,merveilles-et-espace/monde/6-2-064_parc-de-gunung-mulu.md
6-2-065,merveilles-et-espace,monde,Volcans du Kamchatka,Kamtchatka,Q993,https://upload.wikimedia.org/wikipedia/commons/d/df/Location_Kamchatka_Peninsula.PNG?utm_source=fr.wikipedia.org&utm_campaign=api&utm_content=thumbnail_unscaled,ok,merveilles-et-espace/monde/6-2-065_volcans-du-kamchatka.md
6-2-066,merveilles-et-espace,monde,Chott el Jerid,Chott el-Jérid,Q849143,https://thumb.wikimedia.org/wikipedia/commons/thumb/a/a9/Barque_sur_une_mer_de_sel_%C3%A0_Chott_Jrid.jpg/1280px-Barque_sur_une_mer_de_sel_%C3%A0_Chott_Jrid.jpg?utm_source=fr.wikipedia.org&utm_campaign=api&utm_content=thumbnail,ok,merveilles-et-espace/monde/6-2-066_chott-el-jerid.md
6-2-067,merveilles-et-espace,monde,Désert blanc,Désert blanc,Q2556953,https://thumb.wikimedia.org/wikipedia/commons/thumb/6/6c/Desert_blanc.jpg/1280px-Desert_blanc.jpg?utm_source=fr.wikipedia.org&utm_campaign=api&utm_content=thumbnail,ok,merveilles-et-espace/monde/6-2-067_desert-blanc.md
6-2-068,merveilles-et-espace,monde,Chutes de Ban Gioc,Chutes de Ban Gioc,Q983252,https://thumb.wikimedia.org/wikipedia/commons/thumb/9/9b/Ban_Gioc_-_Detian_Falls2.jpg/1280px-Ban_Gioc_-_Detian_Falls2.jpg?utm_source=fr.wikipedia.org&utm_campaign=api&utm_content=thumbnail,ok,merveilles-et-espace/monde/6-2-068_chutes-de-ban-gioc.md
6-2-069,merveilles-et-espace,monde,Parc de Tassili n'Ajjer,Tassili n'Ajjer,Q190048,https://thumb.wikimedia.org/wikipedia/commons/thumb/4/4c/Carte_topographique_du_Tassili_n%27Ajjer_et_les_alentours-fr.jpg/1280px-Carte_topographique_du_Tassili_n%27Ajjer_et_les_alentours-fr.jpg?utm_source=fr.wikipedia.org&utm_campaign=api&utm_content=thumbnail,ok,merveilles-et-espace/monde/6-2-069_parc-de-tassili-n-ajjer.md
6-2-070,merveilles-et-espace,monde,Basse-Terre de Guadeloupe,Basse-Terre (île en Guadeloupe),Q153822,https://upload.wikimedia.org/wikipedia/commons/0/00/Grande_terre.jpg?utm_source=fr.wikipedia.org&utm_campaign=api&utm_content=thumbnail_unscaled,ok,merveilles-et-espace/monde/6-2-070_basse-terre-de-guadeloupe.md
6-1-001,merveilles-et-espace,suisse,Glacier d'Aletsch,Glacier d'Aletsch,Q204658,https://thumb.wikimedia.org/wikipedia/commons/thumb/8/88/Aletschgletscher-Eggishorn.jpg/1280px-Aletschgletscher-Eggishorn.jpg?utm_source=fr.wikipedia.org&utm_campaign=api&utm_content=thumbnail,ok,merveilles-et-espace/suisse/6-1-001_glacier-d-aletsch.md
6-1-002,merveilles-et-espace,suisse,Chutes du Rhin,Chutes du Rhin,Q214924,https://thumb.wikimedia.org/wikipedia/commons/thumb/2/26/SBB_RABe_514_DTZ_Rheinfall.jpg/1280px-SBB_RABe_514_DTZ_Rheinfall.jpg?utm_source=fr.wikipedia.org&utm_campaign=api&utm_content=thumbnail,ok,merveilles-et-espace/suisse/6-1-002_chutes-du-rhin.md
6-1-003,merveilles-et-espace,suisse,Lauterbrunnental,Jungfrau Park,Q181016,https://thumb.wikimedia.org/wikipedia/commons/thumb/b/be/View_of_Mystery_Park_-_Jungfrau_Park_in_Interlaken-B%C3%B6nigen.JPG/1280px-View_of_Mystery_Park_-_Jungfrau_Park_in_Interlaken-B%C3%B6nigen.JPG?utm_source=fr.wikipedia.org&utm_campaign=api&utm_content=thumbnail,ok,merveilles-et-espace/suisse/6-1-003_lauterbrunnental.md
6-1-004,merveilles-et-espace,suisse,Gorges de l'Aar,Gorges de l'Aar,Q301191,https://thumb.wikimedia.org/wikipedia/commons/thumb/1/11/Lutschinen%2C_Aare_Ravine%2C_II%2C_Bernese_Oberland%2C_Switzerland-LCCN2001701223.jpg/1280px-Lutschinen%2C_Aare_Ravine%2C_II%2C_Bernese_Oberland%2C_Switzerland-LCCN2001701223.jpg?utm_source=fr.wikipedia.org&utm_campaign=api&utm_content=thumbnail,ok,merveilles-et-espace/suisse/6-1-004_gorges-de-l-aar.md
6-1-005,merveilles-et-espace,suisse,Creux du Van,Creux-du-Van,Q387016,https://upload.wikimedia.org/wikipedia/commons/1/14/Creux_du_Van.jpg?utm_source=fr.wikipedia.org&utm_campaign=api&utm_content=thumbnail_unscaled,ok,merveilles-et-espace/suisse/6-1-005_creux-du-van.md
6-1-006,merveilles-et-espace,suisse,Jungfraujoch,Jungfraujoch,Q665676,https://thumb.wikimedia.org/wikipedia/commons/thumb/0/0e/Sphinx_et_Jungfrau_-_img_06980.jpg/1280px-Sphinx_et_Jungfrau_-_img_06980.jpg?utm_source=fr.wikipedia.org&utm_campaign=api&utm_content=thumbnail,ok,merveilles-et-espace/suisse/6-1-006_jungfraujoch.md
6-1-007,merveilles-et-espace,suisse,Gorges du Trient,Gorges du Trient,Q22702344,https://thumb.wikimedia.org/wikipedia/commons/thumb/0/08/Martigny._Gola_del_Trient.jpg/1280px-Martigny._Gola_del_Trient.jpg?utm_source=fr.wikipedia.org&utm_campaign=api&utm_content=thumbnail,ok,merveilles-et-espace/suisse/6-1-007_gorges-du-trient.md
6-1-008,merveilles-et-espace,suisse,Gorges de l'Areuse,Gorges de l'Areuse,Q3110993,https://upload.wikimedia.org/wikipedia/commons/7/71/Gorges_areuse.jpg?utm_source=fr.wikipedia.org&utm_campaign=api&utm_content=thumbnail_unscaled,ok,merveilles-et-espace/suisse/6-1-008_gorges-de-l-areuse.md
6-1-009,merveilles-et-espace,suisse,Gorges du Gottéron,Gorges du Gottéron,Q109888300,https://thumb.wikimedia.org/wikipedia/commons/thumb/7/7f/ETH-BIB-Gotteron_von_der_Drahtseilbr%C3%BCcke_aufw%C3%A4rts-Dia_247-13408.tif/lossy-page1-1280px-ETH-BIB-Gotteron_von_der_Drahtseilbr%C3%BCcke_aufw%C3%A4rts-Dia_247-13408.tif.jpg?utm_source=fr.wikipedia.org&utm_campaign=api&utm_content=thumbnail,ok,merveilles-et-espace/suisse/6-1-009_gorges-du-gotteron.md
6-1-010,merveilles-et-espace,suisse,Chutes de Trümmelbach,Trümmelbachfälle,Q38141,https://thumb.wikimedia.org/wikipedia/commons/thumb/d/d7/4791_-_Tr%C3%BCmmelbachf%C3%A4lle.JPG/1280px-4791_-_Tr%C3%BCmmelbachf%C3%A4lle.JPG?utm_source=fr.wikipedia.org&utm_campaign=api&utm_content=thumbnail,ok,merveilles-et-espace/suisse/6-1-010_chutes-de-trummelbach.md
6-1-011,merveilles-et-espace,suisse,Chutes de la Sarine,Fribourg (ville suisse),Q36378,https://thumb.wikimedia.org/wikipedia/commons/thumb/2/29/Fribourg_022.JPG/1280px-Fribourg_022.JPG?utm_source=fr.wikipedia.org&utm_campaign=api&utm_content=thumbnail,ok,merveilles-et-espace/suisse/6-1-011_chutes-de-la-sarine.md
6-1-012,merveilles-et-espace,suisse,Chutes du Doubs,Chute d'eau,Q34038,https://thumb.wikimedia.org/wikipedia/commons/thumb/b/b3/Bigfalls14w_info.jpg/1280px-Bigfalls14w_info.jpg?utm_source=fr.wikipedia.org&utm_campaign=api&utm_content=thumbnail,ok,merveilles-et-espace/suisse/6-1-012_chutes-du-doubs.md
6-1-013,merveilles-et-espace,suisse,Lac de Taney,Lac de Taney,Q3215563,https://thumb.wikimedia.org/wikipedia/commons/thumb/4/44/Lac_de_Taney_depuis_Taney.jpg/1280px-Lac_de_Taney_depuis_Taney.jpg?utm_source=fr.wikipedia.org&utm_campaign=api&utm_content=thumbnail,ok,merveilles-et-espace/suisse/6-1-013_lac-de-taney.md
6-1-014,merveilles-et-espace,suisse,Gorges de la Jogne,Gorges de la Jogne,Q110077790,https://thumb.wikimedia.org/wikipedia/commons/thumb/1/19/Jaunbach_20140712.tiff/lossy-page1-1280px-Jaunbach_20140712.tiff.jpg?utm_source=fr.wikipedia.org&utm_campaign=api&utm_content=thumbnail,ok,merveilles-et-espace/suisse/6-1-014_gorges-de-la-jogne.md
6-1-015,merveilles-et-espace,suisse,Gorges de la Dala,Gorges de la Dala,Q1157794,https://thumb.wikimedia.org/wikipedia/commons/thumb/f/f6/Leukerbad_Dalaschlucht_28.JPG/1280px-Leukerbad_Dalaschlucht_28.JPG?utm_source=fr.wikipedia.org&utm_campaign=api&utm_content=thumbnail,ok,merveilles-et-espace/suisse/6-1-015_gorges-de-la-dala.md
6-1-016,merveilles-et-espace,suisse,Glacier du Rhône,Glacier du Rhône,Q659044,https://thumb.wikimedia.org/wikipedia/commons/thumb/7/7d/Glacier_du_Rh%C3%B4ne_2009.JPG/1280px-Glacier_du_Rh%C3%B4ne_2009.JPG?utm_source=fr.wikipedia.org&utm_campaign=api&utm_content=thumbnail,ok,merveilles-et-espace/suisse/6-1-016_glacier-du-rhone.md
6-1-017,merveilles-et-espace,suisse,Glacier de Gorner,Glacier du Gorner,Q665077,https://upload.wikimedia.org/wikipedia/commons/7/7d/Gornergletscher.jpeg?utm_source=fr.wikipedia.org&utm_campaign=api&utm_content=thumbnail_unscaled,ok,merveilles-et-espace/suisse/6-1-017_glacier-de-gorner.md
6-1-018,merveilles-et-espace,suisse,Glacier de Morteratsch,Glacier Morteratsch,Q688624,https://thumb.wikimedia.org/wikipedia/commons/thumb/8/80/Morteratschgletscher_2007.jpg/1280px-Morteratschgletscher_2007.jpg?utm_source=fr.wikipedia.org&utm_campaign=api&utm_content=thumbnail,ok,merveilles-et-espace/suisse/6-1-018_glacier-de-morteratsch.md
6-1-019,merveilles-et-espace,suisse,Glacier du Trient,Glacier du Trient,Q670540,https://thumb.wikimedia.org/wikipedia/commons/thumb/1/1e/Glacier_du_Trient.jpg/1280px-Glacier_du_Trient.jpg?utm_source=fr.wikipedia.org&utm_campaign=api&utm_content=thumbnail,ok,merveilles-et-espace/suisse/6-1-019_glacier-du-trient.md
6-1-020,merveilles-et-espace,suisse,Glacier de la Plaine Morte,Glacier de la Plaine Morte,Q870030,https://thumb.wikimedia.org/wikipedia/commons/thumb/c/c7/Plaine_morte.JPG/1280px-Plaine_morte.JPG?utm_source=fr.wikipedia.org&utm_campaign=api&utm_content=thumbnail,ok,merveilles-et-espace/suisse/6-1-020_glacier-de-la-plaine-morte.md
6-1-021,merveilles-et-espace,suisse,Val de Travers,Val de Travers,Q2507850,https://thumb.wikimedia.org/wikipedia/commons/thumb/d/d8/Vue_du_Val-de-Travers_dans_son_%C3%A9crin_de_verdure_%28M%C3%B4tiers%2C_le_20.07.2009%29..jpg/1280px-Vue_du_Val-de-Travers_dans_son_%C3%A9crin_de_verdure_%28M%C3%B4tiers%2C_le_20.07.2009%29..jpg?utm_source=fr.wikipedia.org&utm_campaign=api&utm_content=thumbnail,ok,merveilles-et-espace/suisse/6-1-021_val-de-travers.md
6-1-022,merveilles-et-espace,suisse,Vallée de Joux,Vallée de Joux,Q675178,https://upload.wikimedia.org/wikipedia/commons/1/10/Vallee_de_joux.jpg?utm_source=fr.wikipedia.org&utm_campaign=api&utm_content=thumbnail_unscaled,ok,merveilles-et-espace/suisse/6-1-022_vallee-de-joux.md
6-1-023,merveilles-et-espace,suisse,Val Verzasca,Val Verzasca,Q666736,https://upload.wikimedia.org/wikipedia/commons/d/df/Berzona01.JPG?utm_source=fr.wikipedia.org&utm_campaign=api&utm_content=thumbnail_unscaled,ok,merveilles-et-espace/suisse/6-1-023_val-verzasca.md
6-1-024,merveilles-et-espace,suisse,Val Calanca,Val Calanca,Q672814,https://thumb.wikimedia.org/wikipedia/commons/thumb/8/82/Calanca_Alp_de_Cascinarsa.jpg/1280px-Calanca_Alp_de_Cascinarsa.jpg?utm_source=fr.wikipedia.org&utm_campaign=api&utm_content=thumbnail,ok,merveilles-et-espace/suisse/6-1-024_val-calanca.md
6-1-025,merveilles-et-espace,suisse,Val Bavona,Lauze (pierre),Q1188398,https://thumb.wikimedia.org/wikipedia/commons/thumb/a/a5/Eglise_Saint-Jacques-le-Majeur_de_Brousse-le-Ch%C3%A2teau.jpg/1280px-Eglise_Saint-Jacques-le-Majeur_de_Brousse-le-Ch%C3%A2teau.jpg?utm_source=fr.wikipedia.org&utm_campaign=api&utm_content=thumbnail,ok,merveilles-et-espace/suisse/6-1-025_val-bavona.md
6-1-026,merveilles-et-espace,suisse,Gorges de la Viamala,Gorge de Viamala,Q666865,https://upload.wikimedia.org/wikipedia/commons/0/0f/Via_Mala.jpg?utm_source=fr.wikipedia.org&utm_campaign=api&utm_content=thumbnail_unscaled,ok,merveilles-et-espace/suisse/6-1-026_gorges-de-la-viamala.md
6-1-027,merveilles-et-espace,suisse,Gorges de la Roffla,Gorges de la Roffla,Q682568,https://thumb.wikimedia.org/wikipedia/commons/thumb/5/5d/Rofflaschlucht_-_panoramio_%281%29.jpg/1280px-Rofflaschlucht_-_panoramio_%281%29.jpg?utm_source=fr.wikipedia.org&utm_campaign=api&utm_content=thumbnail,ok,merveilles-et-espace/suisse/6-1-027_gorges-de-la-roffla.md
6-1-028,merveilles-et-espace,suisse,Creux de l'Envers,Gex,Q202451,https://thumb.wikimedia.org/wikipedia/commons/thumb/4/4c/H%C3%B4tel_ville_Gex_Ain_1.jpg/1280px-H%C3%B4tel_ville_Gex_Ain_1.jpg?utm_source=fr.wikipedia.org&utm_campaign=api&utm_content=thumbnail,ok,merveilles-et-espace/suisse/6-1-028_creux-de-l-envers.md
6-1-029,merveilles-et-espace,suisse,Lac de Bret,Lac de Bret,Q870058,https://thumb.wikimedia.org/wikipedia/commons/thumb/e/e8/Lac_bret.jpg/1280px-Lac_bret.jpg?utm_source=fr.wikipedia.org&utm_campaign=api&utm_content=thumbnail,ok,merveilles-et-espace/suisse/6-1-029_lac-de-bret.md
6-1-030,merveilles-et-espace,suisse,Étangs de la Gruère,Étang de la Gruère,Q288984,https://thumb.wikimedia.org/wikipedia/commons/thumb/8/87/%C3%89tang_de_la_Gru%C3%A8re.jpg/1280px-%C3%89tang_de_la_Gru%C3%A8re.jpg?utm_source=fr.wikipedia.org&utm_campaign=api&utm_content=thumbnail,ok,merveilles-et-espace/suisse/6-1-030_etangs-de-la-gruere.md
3-2-001,montagnes,europe,Mont Blanc,Mont Blanc,Q583,https://thumb.wikimedia.org/wikipedia/commons/thumb/4/4b/Mont_Blanc_depuis_Valmorel_2.jpg/1280px-Mont_Blanc_depuis_Valmorel_2.jpg?utm_source=fr.wikipedia.org&utm_campaign=api&utm_content=thumbnail,ok,montagnes/europe/3-2-001_mont-blanc.md
3-2-002,montagnes,europe,Mont Rose,Mont Rose,Q14668,https://upload.wikimedia.org/wikipedia/commons/a/aa/Overview_Monte-Rosa_%28de%29.png?utm_source=fr.wikipedia.org&utm_campaign=api&utm_content=thumbnail_unscaled,ok,montagnes/europe/3-2-002_mont-rose.md
3-2-003,montagnes,europe,Grossglockner,Großglockner,Q3388,https://thumb.wikimedia.org/wikipedia/commons/thumb/4/41/Grossglockner_from_SW.jpg/1280px-Grossglockner_from_SW.jpg?utm_source=fr.wikipedia.org&utm_campaign=api&utm_content=thumbnail,ok,montagnes/europe/3-2-003_grossglockner.md
3-2-004,montagnes,europe,Zugspitze,Zugspitze,Q3375,https://thumb.wikimedia.org/wikipedia/commons/thumb/9/9f/ZugspitzeJubilaeumsgratHoellental.JPG/1280px-ZugspitzeJubilaeumsgratHoellental.JPG?utm_source=fr.wikipedia.org&utm_campaign=api&utm_content=thumbnail,ok,montagnes/europe/3-2-004_zugspitze.md
3-2-005,montagnes,europe,Mont Elbrouz,Elbrouz,Q43105,https://thumb.wikimedia.org/wikipedia/commons/thumb/c/c7/Mount_Elbrus_May_2008.jpg/1280px-Mount_Elbrus_May_2008.jpg?utm_source=fr.wikipedia.org&utm_campaign=api&utm_content=thumbnail,ok,montagnes/europe/3-2-005_mont-elbrouz.md
3-2-006,montagnes,europe,Ortler,Ortles,Q650695,https://upload.wikimedia.org/wikipedia/commons/5/56/L%27Ortler.jpg?utm_source=fr.wikipedia.org&utm_campaign=api&utm_content=thumbnail_unscaled,ok,montagnes/europe/3-2-006_ortler.md
3-2-007,montagnes,europe,Gran Paradiso,Grand Paradis,Q1372,https://thumb.wikimedia.org/wikipedia/commons/thumb/1/1a/GranParadisoFromNW.jpg/1280px-GranParadisoFromNW.jpg?utm_source=fr.wikipedia.org&utm_campaign=api&utm_content=thumbnail,ok,montagnes/europe/3-2-007_gran-paradiso.md
3-2-008,montagnes,europe,Grossvenediger,Grossvenediger,Q697907,https://thumb.wikimedia.org/wikipedia/commons/thumb/3/36/Grossvenediger.01.vm.jpg/1280px-Grossvenediger.01.vm.jpg?utm_source=fr.wikipedia.org&utm_campaign=api&utm_content=thumbnail,ok,montagnes/europe/3-2-008_grossvenediger.md
3-2-009,montagnes,europe,Triglav,Triglav,Q1024,https://thumb.wikimedia.org/wikipedia/commons/thumb/0/0a/Triglav.jpg/1280px-Triglav.jpg?utm_source=fr.wikipedia.org&utm_campaign=api&utm_content=thumbnail,ok,montagnes/europe/3-2-009_triglav.md
3-2-010,montagnes,europe,Snežka,Sniejka,Q617511,https://thumb.wikimedia.org/wikipedia/commons/thumb/0/02/MyViewPL_0001.jpg/1280px-MyViewPL_0001.jpg?utm_source=fr.wikipedia.org&utm_campaign=api&utm_content=thumbnail,ok,montagnes/europe/3-2-010_snezka.md
3-2-011,montagnes,europe,Gerlachovský štít,Gerlachovský štít,Q81213,https://upload.wikimedia.org/wikipedia/commons/a/a6/Gerlach_south_face_B.jpg?utm_source=fr.wikipedia.org&utm_campaign=api&utm_content=thumbnail_unscaled,ok,montagnes/europe/3-2-011_gerlachovsky-stit.md
3-2-012,montagnes,europe,Rysy,Rysy,Q672936,https://upload.wikimedia.org/wikipedia/commons/5/53/Rysy-2004-06-11.jpg?utm_source=fr.wikipedia.org&utm_campaign=api&utm_content=thumbnail_unscaled,ok,montagnes/europe/3-2-012_rysy.md
3-2-013,montagnes,europe,Mulhacén,Mulhacén,Q209528,https://upload.wikimedia.org/wikipedia/commons/3/3b/Alpujarras_Uitzicht.jpg?utm_source=fr.wikipedia.org&utm_campaign=api&utm_content=thumbnail_unscaled,ok,montagnes/europe/3-2-013_mulhacen.md
3-2-014,montagnes,europe,Aneto,Aneto,Q208081,https://thumb.wikimedia.org/wikipedia/commons/thumb/7/7e/Cima_aneto-01.jpg/1280px-Cima_aneto-01.jpg?utm_source=fr.wikipedia.org&utm_campaign=api&utm_content=thumbnail,ok,montagnes/europe/3-2-014_aneto.md
3-2-015,montagnes,europe,Puy de Sancy,Puy de Sancy,Q778597,https://thumb.wikimedia.org/wikipedia/commons/thumb/5/58/Vue_du_puy_de_Sancy.JPG/1280px-Vue_du_puy_de_Sancy.JPG?utm_source=fr.wikipedia.org&utm_campaign=api&utm_content=thumbnail,ok,montagnes/europe/3-2-015_puy-de-sancy.md
3-2-016,montagnes,europe,Ben Nevis,Ben Nevis,Q104674,https://thumb.wikimedia.org/wikipedia/commons/thumb/0/09/BenNevis2005.jpg/1280px-BenNevis2005.jpg?utm_source=fr.wikipedia.org&utm_campaign=api&utm_content=thumbnail,ok,montagnes/europe/3-2-016_ben-nevis.md
3-2-017,montagnes,europe,Snowdon,Snowdon,Q414967,,no-image,montagnes/europe/3-2-017_snowdon.md
3-2-018,montagnes,europe,Carrauntoohil,Carrauntuohil,Q503368,https://upload.wikimedia.org/wikipedia/commons/b/bb/Carrauntoohil_2016.JPG?utm_source=fr.wikipedia.org&utm_campaign=api&utm_content=thumbnail_unscaled,ok,montagnes/europe/3-2-018_carrauntoohil.md
3-2-019,montagnes,europe,Hoverla,Hoverla,Q627508,https://thumb.wikimedia.org/wikipedia/commons/thumb/b/bc/%D0%97%D0%B8%D0%BC%D0%BE%D0%B2%D0%B8%D0%B9_%D0%B2%D0%B8%D0%B4%D0%BD%D0%BE%D0%BA%D1%80%D0%B0%D0%B9.jpg/1280px-%D0%97%D0%B8%D0%BC%D0%BE%D0%B2%D0%B8%D0%B9_%D0%B2%D0%B8%D0%B4%D0%BD%D0%BE%D0%BA%D1%80%D0%B0%D0%B9.jpg?utm_source=fr.wikipedia.org&utm_campaign=api&utm_content=thumbnail,ok,montagnes/europe/3-2-019_hoverla.md
3-2-020,montagnes,europe,Ararat,Ararat,Q227028,,no-image,montagnes/europe/3-2-020_ararat.md
3-2-021,montagnes,europe,Kazbek,Mont Kazbek,Q207680,https://upload.wikimedia.org/wikipedia/commons/f/f7/Kazbek_%286%29.jpg?utm_source=fr.wikipedia.org&utm_campaign=api&utm_content=thumbnail_unscaled,ok,montagnes/europe/3-2-021_kazbek.md
3-2-022,montagnes,europe,Etna,Etna,Q16990,https://thumb.wikimedia.org/wikipedia/commons/thumb/8/8d/Mt_Etna_and_Catania.JPG/1280px-Mt_Etna_and_Catania.JPG?utm_source=fr.wikipedia.org&utm_campaign=api&utm_content=thumbnail,ok,montagnes/europe/3-2-022_etna.md
3-2-023,montagnes,europe,Vésuve,Vésuve,Q524,https://thumb.wikimedia.org/wikipedia/commons/thumb/5/5e/Il_cratere_del_Vulcano_-_panoramio.jpg/1280px-Il_cratere_del_Vulcano_-_panoramio.jpg?utm_source=fr.wikipedia.org&utm_campaign=api&utm_content=thumbnail,ok,montagnes/europe/3-2-023_vesuve.md
3-2-024,montagnes,europe,Stromboli,Stromboli,Q131148,https://thumb.wikimedia.org/wikipedia/commons/thumb/e/e0/Aerial_image_of_Stromboli_%28view_from_the_northeast%29.jpg/1280px-Aerial_image_of_Stromboli_%28view_from_the_northeast%29.jpg?utm_source=fr.wikipedia.org&utm_campaign=api&utm_content=thumbnail,ok,montagnes/europe/3-2-024_stromboli.md
3-2-025,montagnes,europe,Olympe,Mont Olympe,Q80344,https://thumb.wikimedia.org/wikipedia/commons/thumb/e/e8/Olympus_National_Park_30.jpg/1280px-Olympus_National_Park_30.jpg?utm_source=fr.wikipedia.org&utm_campaign=api&utm_content=thumbnail,ok,montagnes/europe/3-2-025_olympe.md
3-2-026,montagnes,europe,Puy de Dôme,Puy de Dôme,Q607372,https://thumb.wikimedia.org/wikipedia/commons/thumb/3/30/Aerial_image_of_Puy_de_D%C3%B4me_%28view_from_the_west%29.jpg/1280px-Aerial_image_of_Puy_de_D%C3%B4me_%28view_from_the_west%29.jpg?utm_source=fr.wikipedia.org&utm_campaign=api&utm_content=thumbnail,ok,montagnes/europe/3-2-026_puy-de-dome.md
3-2-027,montagnes,europe,Mont Ventoux,Mont Ventoux,Q209064,https://thumb.wikimedia.org/wikipedia/commons/thumb/8/86/Mont_ventoux_from_mirabel.jpg/1280px-Mont_ventoux_from_mirabel.jpg?utm_source=fr.wikipedia.org&utm_campaign=api&utm_content=thumbnail,ok,montagnes/europe/3-2-027_mont-ventoux.md
3-2-028,montagnes,europe,Pic du Midi d'Ossau,Pic du Midi d'Ossau,Q73077,https://thumb.wikimedia.org/wikipedia/commons/thumb/1/17/Pic_Ossau_Gentau.jpg/1280px-Pic_Ossau_Gentau.jpg?utm_source=fr.wikipedia.org&utm_campaign=api&utm_content=thumbnail,ok,montagnes/europe/3-2-028_pic-du-midi-d-ossau.md
3-2-029,montagnes,europe,Vignemale,Vignemale,Q1348903,https://thumb.wikimedia.org/wikipedia/commons/thumb/0/08/Vignemale-2005.jpg/1280px-Vignemale-2005.jpg?utm_source=fr.wikipedia.org&utm_campaign=api&utm_content=thumbnail,ok,montagnes/europe/3-2-029_vignemale.md
3-3-001,montagnes,monde,Everest,Everest,Q513,https://thumb.wikimedia.org/wikipedia/commons/thumb/f/f0/Everest_North_Face_toward_Base_Camp_Tibet_Luca_Galuzzi_2006_edit_1.jpg/1280px-Everest_North_Face_toward_Base_Camp_Tibet_Luca_Galuzzi_2006_edit_1.jpg?utm_source=fr.wikipedia.org&utm_campaign=api&utm_content=thumbnail,ok,montagnes/monde/3-3-001_everest.md
3-3-002,montagnes,monde,K2,K2,Q43512,https://thumb.wikimedia.org/wikipedia/commons/thumb/8/8c/K2%2C_Mount_Godwin_Austen%2C_Chogori%2C_Savage_Mountain.jpg/1280px-K2%2C_Mount_Godwin_Austen%2C_Chogori%2C_Savage_Mountain.jpg?utm_source=fr.wikipedia.org&utm_campaign=api&utm_content=thumbnail,ok,montagnes/monde/3-3-002_k2.md
3-3-003,montagnes,monde,Kilimandjaro,Kilimandjaro,Q7296,https://thumb.wikimedia.org/wikipedia/commons/thumb/6/6c/Kilimanjaro_from_Amboseli.jpg/1280px-Kilimanjaro_from_Amboseli.jpg?utm_source=fr.wikipedia.org&utm_campaign=api&utm_content=thumbnail,ok,montagnes/monde/3-3-003_kilimandjaro.md
3-3-004,montagnes,monde,Mont Fuji,Mont Fuji,Q39231,https://thumb.wikimedia.org/wikipedia/commons/thumb/c/cd/Fuji_Kawaguchi_357.JPG/1280px-Fuji_Kawaguchi_357.JPG?utm_source=fr.wikipedia.org&utm_campaign=api&utm_content=thumbnail,ok,montagnes/monde/3-3-004_mont-fuji.md
3-3-005,montagnes,monde,Aconcagua,Aconcagua,Q39739,https://thumb.wikimedia.org/wikipedia/commons/thumb/c/c8/Aconcagua_13.JPG/1280px-Aconcagua_13.JPG?utm_source=fr.wikipedia.org&utm_campaign=api&utm_content=thumbnail,ok,montagnes/monde/3-3-005_aconcagua.md
3-3-006,montagnes,monde,Denali,Mont McKinley,Q130018,https://thumb.wikimedia.org/wikipedia/commons/thumb/9/91/Wonder_Lake_and_Denali.jpg/1280px-Wonder_Lake_and_Denali.jpg?utm_source=fr.wikipedia.org&utm_campaign=api&utm_content=thumbnail,ok,montagnes/monde/3-3-006_denali.md
3-3-007,montagnes,monde,Mont Kenya,Mont Kenya,Q172070,https://upload.wikimedia.org/wikipedia/commons/f/fe/Sunrise_over_Mount_Kenya.jpg?utm_source=fr.wikipedia.org&utm_campaign=api&utm_content=thumbnail_unscaled,ok,montagnes/monde/3-3-007_mont-kenya.md
3-3-008,montagnes,monde,Mont Cook / Aoraki,Aoraki/Mont Cook,Q5059,https://thumb.wikimedia.org/wikipedia/commons/thumb/b/bf/Aoraki_Mount_Cook.JPG/1280px-Aoraki_Mount_Cook.JPG?utm_source=fr.wikipedia.org&utm_campaign=api&utm_content=thumbnail,ok,montagnes/monde/3-3-008_mont-cook-aoraki.md
3-3-009,montagnes,monde,Mauna Kea,Mauna Kea,Q131230,https://thumb.wikimedia.org/wikipedia/commons/thumb/0/0f/Mauna_Kea_from_Mauna_Loa_Observatory%2C_Hawaii_-_20100913.jpg/1280px-Mauna_Kea_from_Mauna_Loa_Observatory%2C_Hawaii_-_20100913.jpg?utm_source=fr.wikipedia.org&utm_campaign=api&utm_content=thumbnail,ok,montagnes/monde/3-3-009_mauna-kea.md
3-3-010,montagnes,monde,Olympus Mons,Olympus Mons,Q520,https://thumb.wikimedia.org/wikipedia/commons/thumb/0/00/Olympus_Mons_alt.jpg/1280px-Olympus_Mons_alt.jpg?utm_source=fr.wikipedia.org&utm_campaign=api&utm_content=thumbnail,ok,montagnes/monde/3-3-010_olympus-mons.md
3-3-011,montagnes,monde,Margherita Peak,Mont Stanley,Q221666,https://upload.wikimedia.org/wikipedia/commons/8/88/Mount_Stanley.jpg?utm_source=fr.wikipedia.org&utm_campaign=api&utm_content=thumbnail_unscaled,ok,montagnes/monde/3-3-011_margherita-peak.md
3-3-012,montagnes,monde,Ras Dashen,Ras Dashan,Q275435,https://thumb.wikimedia.org/wikipedia/commons/thumb/3/37/Dejen_misura_da_cima_W.jpg/1280px-Dejen_misura_da_cima_W.jpg?utm_source=fr.wikipedia.org&utm_campaign=api&utm_content=thumbnail,ok,montagnes/monde/3-3-012_ras-dashen.md
3-3-013,montagnes,monde,Toubkal,Djebel Toubkal,Q503433,https://upload.wikimedia.org/wikipedia/commons/d/df/Djebel_Toubkal_des_de_Ukaimeden.JPG?utm_source=fr.wikipedia.org&utm_campaign=api&utm_content=thumbnail_unscaled,ok,montagnes/monde/3-3-013_toubkal.md
3-3-014,montagnes,monde,Mont Vinson,Massif Vinson,Q163758,https://thumb.wikimedia.org/wikipedia/commons/thumb/c/c6/Mount_Vinson_from_NW_at_Vinson_Plateau_by_Christian_Stangl_%28flickr%29.jpg/1280px-Mount_Vinson_from_NW_at_Vinson_Plateau_by_Christian_Stangl_%28flickr%29.jpg?utm_source=fr.wikipedia.org&utm_campaign=api&utm_content=thumbnail,ok,montagnes/monde/3-3-014_mont-vinson.md
3-3-015,montagnes,monde,Mont Kosciuszko,Mont Kosciuszko,Q178167,https://thumb.wikimedia.org/wikipedia/commons/thumb/5/55/Kosciuszko01.JPG/1280px-Kosciuszko01.JPG?utm_source=fr.wikipedia.org&utm_campaign=api&utm_content=thumbnail,ok,montagnes/monde/3-3-015_mont-kosciuszko.md
3-3-016,montagnes,monde,Puncak Jaya,Puncak Jaya,Q1045888,https://upload.wikimedia.org/wikipedia/commons/3/3f/Puncakjaya.jpg?utm_source=fr.wikipedia.org&utm_campaign=api&utm_content=thumbnail_unscaled,ok,montagnes/monde/3-3-016_puncak-jaya.md
3-3-017,montagnes,monde,Chimborazo,Chimborazo,Q292266,,no-image,montagnes/monde/3-3-017_chimborazo.md
3-3-018,montagnes,monde,Cotopaxi,Cotopaxi,Q181476,https://upload.wikimedia.org/wikipedia/commons/2/20/Cotopaxi_volcano_2008-06-27T1322.jpg?utm_source=fr.wikipedia.org&utm_campaign=api&utm_content=thumbnail_unscaled,ok,montagnes/monde/3-3-018_cotopaxi.md
3-3-019,montagnes,monde,Huascarán,Huascarán,Q200935,https://thumb.wikimedia.org/wikipedia/commons/thumb/8/82/Huascar%C3%A1n.jpg/1280px-Huascar%C3%A1n.jpg?utm_source=fr.wikipedia.org&utm_campaign=api&utm_content=thumbnail,ok,montagnes/monde/3-3-019_huascaran.md
3-3-020,montagnes,monde,Illimani,Nevado Illimani,Q148521,https://thumb.wikimedia.org/wikipedia/commons/thumb/b/be/Bolivia_illimani.png/1280px-Bolivia_illimani.png?utm_source=fr.wikipedia.org&utm_campaign=api&utm_content=thumbnail,ok,montagnes/monde/3-3-020_illimani.md
3-3-021,montagnes,monde,Ojos del Salado,Nevado Ojos del Salado,Q233836,https://thumb.wikimedia.org/wikipedia/commons/thumb/3/3a/Ojos_del_Salado_looming_big_on_the_horizon.jpg/1280px-Ojos_del_Salado_looming_big_on_the_horizon.jpg?utm_source=fr.wikipedia.org&utm_campaign=api&utm_content=thumbnail,ok,montagnes/monde/3-3-021_ojos-del-salado.md
3-3-022,montagnes,monde,Popocatépetl,Popocatepetl,Q181157,https://thumb.wikimedia.org/wikipedia/commons/thumb/a/a5/Mexico-Popocatepetl.jpg/1280px-Mexico-Popocatepetl.jpg?utm_source=fr.wikipedia.org&utm_campaign=api&utm_content=thumbnail,ok,montagnes/monde/3-3-022_popocatepetl.md
3-3-023,montagnes,monde,Mont Whitney,Mont Whitney,Q235539,https://thumb.wikimedia.org/wikipedia/commons/thumb/f/f9/Mount_Whitney_2003-03-25.jpg/1280px-Mount_Whitney_2003-03-25.jpg?utm_source=fr.wikipedia.org&utm_campaign=api&utm_content=thumbnail,ok,montagnes/monde/3-3-023_mont-whitney.md
3-3-024,montagnes,monde,Mont Rainier,Mont Rainier,Q194057,https://thumb.wikimedia.org/wikipedia/commons/thumb/3/3d/Mount_Rainier_5917s.JPG/1280px-Mount_Rainier_5917s.JPG?utm_source=fr.wikipedia.org&utm_campaign=api&utm_content=thumbnail,ok,montagnes/monde/3-3-024_mont-rainier.md
3-3-025,montagnes,monde,Mont Logan,Mont Logan,Q120306,https://upload.wikimedia.org/wikipedia/commons/4/4a/Mount_Logan.jpg?utm_source=fr.wikipedia.org&utm_campaign=api&utm_content=thumbnail_unscaled,ok,montagnes/monde/3-3-025_mont-logan.md
3-3-026,montagnes,monde,Mont Saint-Elias,Mont Saint-Élie,Q770496,https://upload.wikimedia.org/wikipedia/commons/4/4b/Mt_Saint_Elias%2C_South_Central_Alaska.jpg?utm_source=fr.wikipedia.org&utm_campaign=api&utm_content=thumbnail_unscaled,ok,montagnes/monde/3-3-026_mont-saint-elias.md
3-3-027,montagnes,monde,Mauna Loa,Mauna Loa,Q159762,https://upload.wikimedia.org/wikipedia/commons/7/73/Mauna_Loa.jpg?utm_source=fr.wikipedia.org&utm_campaign=api&utm_content=thumbnail_unscaled,ok,montagnes/monde/3-3-027_mauna-loa.md
3-3-028,montagnes,monde,Mont Erebus,Mont Erebus,Q188982,https://thumb.wikimedia.org/wikipedia/commons/thumb/6/6e/Mount_erebus_hg.jpg/1280px-Mount_erebus_hg.jpg?utm_source=fr.wikipedia.org&utm_campaign=api&utm_content=thumbnail,ok,montagnes/monde/3-3-028_mont-erebus.md
3-3-029,montagnes,monde,Mont Sidley,Mont Sidley,Q924312,https://upload.wikimedia.org/wikipedia/commons/b/be/MountSidleyCaldera.jpg?utm_source=fr.wikipedia.org&utm_campaign=api&utm_content=thumbnail_unscaled,ok,montagnes/monde/3-3-029_mont-sidley.md
3-3-030,montagnes,monde,Puncak Trikora,Puncak Trikora,Q1349622,https://thumb.wikimedia.org/wikipedia/commons/thumb/1/11/Puncak_Trikora_from_north._main_summit_%28center_left%29_and_west_ridge_by_Christian_Stangl_flickr.jpg/1280px-Puncak_Trikora_from_north._main_summit_%28center_left%29_and_west_ridge_by_Christian_Stangl_flickr.jpg?utm_source=fr.wikipedia.org&utm_campaign=api&utm_content=thumbnail,ok,montagnes/monde/3-3-030_puncak-trikora.md
3-3-031,montagnes,monde,Mont Wilhelm,Mont Wilhelm,Q277441,https://thumb.wikimedia.org/wikipedia/commons/thumb/2/2d/Mount_Wilhelm.jpg/1280px-Mount_Wilhelm.jpg?utm_source=fr.wikipedia.org&utm_campaign=api&utm_content=thumbnail,ok,montagnes/monde/3-3-031_mont-wilhelm.md
3-3-032,montagnes,monde,Mont Giluwe,Mont Giluwe,Q1813475,https://upload.wikimedia.org/wikipedia/commons/e/e6/Mount_Giluwe.jpg?utm_source=fr.wikipedia.org&utm_campaign=api&utm_content=thumbnail_unscaled,ok,montagnes/monde/3-3-032_mont-giluwe.md
3-3-033,montagnes,monde,Nevado Sajama,Nevado Sajama,Q272593,https://upload.wikimedia.org/wikipedia/commons/e/e3/Nevado_Sajama.jpg?utm_source=fr.wikipedia.org&utm_campaign=api&utm_content=thumbnail_unscaled,ok,montagnes/monde/3-3-033_nevado-sajama.md
3-3-034,montagnes,monde,Mont Saint Helens,Mont Saint Helens,Q4675,https://thumb.wikimedia.org/wikipedia/commons/thumb/c/cc/Mount_St._Helens6.jpg/1280px-Mount_St._Helens6.jpg?utm_source=fr.wikipedia.org&utm_campaign=api&utm_content=thumbnail,ok,montagnes/monde/3-3-034_mont-saint-helens.md
3-1-001,montagnes,suisse,Cervin,Cervin,Q1374,https://thumb.wikimedia.org/wikipedia/commons/thumb/a/a5/Matterhorn_as_seen_from_Zermatt%2C_Wallis%2C_Switzerland%2C_2012_August.jpg/1280px-Matterhorn_as_seen_from_Zermatt%2C_Wallis%2C_Switzerland%2C_2012_August.jpg?utm_source=fr.wikipedia.org&utm_campaign=api&utm_content=thumbnail,ok,montagnes/suisse/3-1-001_cervin.md
3-1-002,montagnes,suisse,Dufourspitze,Pointe Dufour,Q3403,https://upload.wikimedia.org/wikipedia/commons/c/cf/MonteRosa004.jpg?utm_source=fr.wikipedia.org&utm_campaign=api&utm_content=thumbnail_unscaled,ok,montagnes/suisse/3-1-002_dufourspitze.md
3-1-003,montagnes,suisse,Piz Bernina,Piz Bernina,Q15132,https://thumb.wikimedia.org/wikipedia/commons/thumb/1/1b/PizBernina3.jpg/1280px-PizBernina3.jpg?utm_source=fr.wikipedia.org&utm_campaign=api&utm_content=thumbnail,ok,montagnes/suisse/3-1-003_piz-bernina.md
3-1-004,montagnes,suisse,Weisshorn,Weisshorn,Q15122,https://thumb.wikimedia.org/wikipedia/commons/thumb/b/bd/Weisshorn_as_seen_from_Gornergrat%2C_Wallis%2C_Switzerland%2C_2012_August.jpg/1280px-Weisshorn_as_seen_from_Gornergrat%2C_Wallis%2C_Switzerland%2C_2012_August.jpg?utm_source=fr.wikipedia.org&utm_campaign=api&utm_content=thumbnail,ok,montagnes/suisse/3-1-004_weisshorn.md
3-1-005,montagnes,suisse,Dom des Mischabel,Dom des Mischabel,Q15117,https://upload.wikimedia.org/wikipedia/commons/4/4f/Dom.jpg?utm_source=fr.wikipedia.org&utm_campaign=api&utm_content=thumbnail_unscaled,ok,montagnes/suisse/3-1-005_dom-des-mischabel.md
3-1-006,montagnes,suisse,Dent Blanche,Dent Blanche,Q15125,https://thumb.wikimedia.org/wikipedia/commons/thumb/b/b3/Aerial_image_of_Dent_Blanche_%28view_from_the_south%29.jpg/1280px-Aerial_image_of_Dent_Blanche_%28view_from_the_south%29.jpg?utm_source=fr.wikipedia.org&utm_campaign=api&utm_content=thumbnail,ok,montagnes/suisse/3-1-006_dent-blanche.md
3-1-007,montagnes,suisse,Grand Combin,Grand Combin,Q15126,https://thumb.wikimedia.org/wikipedia/commons/thumb/9/92/Aerial_image_of_Grand_Combin_%28view_from_the_southwest%29.jpg/1280px-Aerial_image_of_Grand_Combin_%28view_from_the_southwest%29.jpg?utm_source=fr.wikipedia.org&utm_campaign=api&utm_content=thumbnail,ok,montagnes/suisse/3-1-007_grand-combin.md
3-1-008,montagnes,suisse,Aletschhorn,Aletschhorn,Q15293,https://thumb.wikimedia.org/wikipedia/commons/thumb/3/36/Aerial_image_of_Aletschhorn_%28view_from_the_southeast%29.jpg/1280px-Aerial_image_of_Aletschhorn_%28view_from_the_southeast%29.jpg?utm_source=fr.wikipedia.org&utm_campaign=api&utm_content=thumbnail,ok,montagnes/suisse/3-1-008_aletschhorn.md
3-1-009,montagnes,suisse,Jungfrau,Jungfrau,Q15312,https://thumb.wikimedia.org/wikipedia/commons/thumb/2/26/Jungfrau.wengen.jpg/1280px-Jungfrau.wengen.jpg?utm_source=fr.wikipedia.org&utm_campaign=api&utm_content=thumbnail,ok,montagnes/suisse/3-1-009_jungfrau.md
3-1-010,montagnes,suisse,Mönch,Mönch,Q16525,https://thumb.wikimedia.org/wikipedia/commons/thumb/a/a6/M%C3%B6nch_and_Eigergletscher.jpg/1280px-M%C3%B6nch_and_Eigergletscher.jpg?utm_source=fr.wikipedia.org&utm_campaign=api&utm_content=thumbnail,ok,montagnes/suisse/3-1-010_monch.md
3-1-011,montagnes,suisse,Eiger,Eiger,Q4425,https://thumb.wikimedia.org/wikipedia/commons/thumb/1/10/Eiger_2415.jpg/1280px-Eiger_2415.jpg?utm_source=fr.wikipedia.org&utm_campaign=api&utm_content=thumbnail,ok,montagnes/suisse/3-1-011_eiger.md
3-1-012,montagnes,suisse,Pilatus,Pilatus,Q240275,,no-image,montagnes/suisse/3-1-012_pilatus.md
3-1-013,montagnes,suisse,Rigi,Rigi,Q15291,https://upload.wikimedia.org/wikipedia/commons/d/d8/Rigi_luftaufnahme.jpg?utm_source=fr.wikipedia.org&utm_campaign=api&utm_content=thumbnail_unscaled,ok,montagnes/suisse/3-1-013_rigi.md
3-1-014,montagnes,suisse,Säntis,Säntis,Q15224,https://thumb.wikimedia.org/wikipedia/commons/thumb/e/e5/S%C3%A4ntis_-_Batzberg_IMG_9803.JPG/1280px-S%C3%A4ntis_-_Batzberg_IMG_9803.JPG?utm_source=fr.wikipedia.org&utm_campaign=api&utm_content=thumbnail,ok,montagnes/suisse/3-1-014_santis.md
3-1-015,montagnes,suisse,Pizol,Pizol,Q672737,https://thumb.wikimedia.org/wikipedia/commons/thumb/a/a1/Pizol_von_der_Scharte_080222.jpg/1280px-Pizol_von_der_Scharte_080222.jpg?utm_source=fr.wikipedia.org&utm_campaign=api&utm_content=thumbnail,ok,montagnes/suisse/3-1-015_pizol.md
3-1-016,montagnes,suisse,Bietschhorn,Bietschhorn,Q15289,https://thumb.wikimedia.org/wikipedia/commons/thumb/4/47/Bietschhorn_%28VS%29.jpg/1280px-Bietschhorn_%28VS%29.jpg?utm_source=fr.wikipedia.org&utm_campaign=api&utm_content=thumbnail,ok,montagnes/suisse/3-1-016_bietschhorn.md
3-1-017,montagnes,suisse,Täschhorn,Täschhorn,Q30408,https://upload.wikimedia.org/wikipedia/commons/d/d7/T%C3%A4schhorn.jpg?utm_source=fr.wikipedia.org&utm_campaign=api&utm_content=thumbnail_unscaled,ok,montagnes/suisse/3-1-017_taschhorn.md
3-1-018,montagnes,suisse,Liskamm,Liskamm,Q15120,https://thumb.wikimedia.org/wikipedia/commons/thumb/0/04/Lyskamm.jpg/1280px-Lyskamm.jpg?utm_source=fr.wikipedia.org&utm_campaign=api&utm_content=thumbnail,ok,montagnes/suisse/3-1-018_liskamm.md
3-1-019,montagnes,suisse,Dent d'Hérens,Dent d'Hérens,Q30459,https://upload.wikimedia.org/wikipedia/commons/8/80/Dentd%27H%C3%A9rens.jpg?utm_source=fr.wikipedia.org&utm_campaign=api&utm_content=thumbnail_unscaled,ok,montagnes/suisse/3-1-019_dent-d-herens.md
3-1-020,montagnes,suisse,Zinalrothorn,Zinalrothorn,Q15128,https://thumb.wikimedia.org/wikipedia/commons/thumb/b/b7/Zinalrothorn_-_septembre_2022.jpg/1280px-Zinalrothorn_-_septembre_2022.jpg?utm_source=fr.wikipedia.org&utm_campaign=api&utm_content=thumbnail,ok,montagnes/suisse/3-1-020_zinalrothorn.md
3-1-021,montagnes,suisse,Ober Gabelhorn,Ober Gabelhorn,Q30490,https://thumb.wikimedia.org/wikipedia/commons/thumb/3/34/Ober_Gabelhorn_depuis_Sorebois.jpg/1280px-Ober_Gabelhorn_depuis_Sorebois.jpg?utm_source=fr.wikipedia.org&utm_campaign=api&utm_content=thumbnail,ok,montagnes/suisse/3-1-021_ober-gabelhorn.md
3-1-022,montagnes,suisse,Bishorn,Bishorn,Q30464,https://thumb.wikimedia.org/wikipedia/commons/thumb/2/21/Bishorn_et_Weisshorn_-_septembre_2022.jpg/1280px-Bishorn_et_Weisshorn_-_septembre_2022.jpg?utm_source=fr.wikipedia.org&utm_campaign=api&utm_content=thumbnail,ok,montagnes/suisse/3-1-022_bishorn.md
3-1-023,montagnes,suisse,Weissmies,Weissmies,Q30529,https://thumb.wikimedia.org/wikipedia/commons/thumb/a/a5/Weissmies_Triftgletscher.jpg/1280px-Weissmies_Triftgletscher.jpg?utm_source=fr.wikipedia.org&utm_campaign=api&utm_content=thumbnail,ok,montagnes/suisse/3-1-023_weissmies.md
3-1-024,montagnes,suisse,Lagginhorn,Lagginhorn,Q16650,https://upload.wikimedia.org/wikipedia/commons/5/58/Fletschhorn_und_Lagginhorn.jpg?utm_source=fr.wikipedia.org&utm_campaign=api&utm_content=thumbnail_unscaled,ok,montagnes/suisse/3-1-024_lagginhorn.md
3-1-025,montagnes,suisse,Alphubel,Alphubel,Q15130,https://thumb.wikimedia.org/wikipedia/commons/thumb/e/e0/Aerial_image_of_Alphubel_%28view_from_the_west%29.jpg/1280px-Aerial_image_of_Alphubel_%28view_from_the_west%29.jpg?utm_source=fr.wikipedia.org&utm_campaign=api&utm_content=thumbnail,ok,montagnes/suisse/3-1-025_alphubel.md
3-1-026,montagnes,suisse,Allalinhorn,Allalinhorn,Q30525,https://thumb.wikimedia.org/wikipedia/commons/thumb/4/45/AllalinhornFromNE.jpg/1280px-AllalinhornFromNE.jpg?utm_source=fr.wikipedia.org&utm_campaign=api&utm_content=thumbnail,ok,montagnes/suisse/3-1-026_allalinhorn.md
3-1-027,montagnes,suisse,Breithorn,Breithorn,Q16540,https://upload.wikimedia.org/wikipedia/commons/9/9b/Breithorn.jpg?utm_source=fr.wikipedia.org&utm_campaign=api&utm_content=thumbnail_unscaled,ok,montagnes/suisse/3-1-027_breithorn.md
3-1-028,montagnes,suisse,Castor,Castor,Q225216,,no-image,montagnes/suisse/3-1-028_castor.md
3-1-029,montagnes,suisse,Pollux,Pollux,Q253312,,no-image,montagnes/suisse/3-1-029_pollux.md
3-1-030,montagnes,suisse,Blüemlisalp,Blüemlisalp,Q15305,https://upload.wikimedia.org/wikipedia/commons/5/51/Bluemlisalp.jpg?utm_source=fr.wikipedia.org&utm_campaign=api&utm_content=thumbnail_unscaled,ok,montagnes/suisse/3-1-030_bluemlisalp.md
3-1-031,montagnes,suisse,Tödi,Tödi,Q15134,https://thumb.wikimedia.org/wikipedia/commons/thumb/c/cf/Toedi.jpg/1280px-Toedi.jpg?utm_source=fr.wikipedia.org&utm_campaign=api&utm_content=thumbnail,ok,montagnes/suisse/3-1-031_todi.md
3-1-032,montagnes,suisse,Rheinwaldhorn,Rheinwaldhorn,Q15135,https://upload.wikimedia.org/wikipedia/commons/0/00/Rheinwaldhorn0001.jpg?utm_source=fr.wikipedia.org&utm_campaign=api&utm_content=thumbnail_unscaled,ok,montagnes/suisse/3-1-032_rheinwaldhorn.md
3-1-033,montagnes,suisse,Titlis,Titlis,Q15138,https://upload.wikimedia.org/wikipedia/commons/0/05/TitlisVonSchoneggGesehen.jpg?utm_source=fr.wikipedia.org&utm_campaign=api&utm_content=thumbnail_unscaled,ok,montagnes/suisse/3-1-033_titlis.md
3-1-034,montagnes,suisse,Schilthorn,Schilthorn,Q674801,https://thumb.wikimedia.org/wikipedia/commons/thumb/2/29/Schilthorn_muerren.jpg/1280px-Schilthorn_muerren.jpg?utm_source=fr.wikipedia.org&utm_campaign=api&utm_content=thumbnail,ok,montagnes/suisse/3-1-034_schilthorn.md
3-1-035,montagnes,suisse,Niesen,Niesen,Q16693,https://upload.wikimedia.org/wikipedia/commons/d/dc/Niesen2.jpg?utm_source=fr.wikipedia.org&utm_campaign=api&utm_content=thumbnail_unscaled,ok,montagnes/suisse/3-1-035_niesen.md
3-1-036,montagnes,suisse,Stockhorn,Stockhorn,Q7618083,,no-image,montagnes/suisse/3-1-036_stockhorn.md
3-1-037,montagnes,suisse,Brienzer Rothorn,Brienzer Rothorn,Q15226,https://thumb.wikimedia.org/wikipedia/commons/thumb/b/bf/Brienzer_Rothorn.JPG/1280px-Brienzer_Rothorn.JPG?utm_source=fr.wikipedia.org&utm_campaign=api&utm_content=thumbnail,ok,montagnes/suisse/3-1-037_brienzer-rothorn.md
3-1-038,montagnes,suisse,Les Diablerets,Les Diablerets,Q1309878,,no-image,montagnes/suisse/3-1-038_les-diablerets.md
3-1-039,montagnes,suisse,Dents du Midi,Dents du Midi,Q15255,https://upload.wikimedia.org/wikipedia/commons/4/40/Dents_du_Midi.png?utm_source=fr.wikipedia.org&utm_campaign=api&utm_content=thumbnail_unscaled,ok,montagnes/suisse/3-1-039_dents-du-midi.md
3-1-040,montagnes,suisse,Grand Muveran,Grand Muveran,Q674584,https://thumb.wikimedia.org/wikipedia/commons/thumb/f/fd/Grand_Muveran_-_coucher_de_soleil_-_juillet_2022.jpg/1280px-Grand_Muveran_-_coucher_de_soleil_-_juillet_2022.jpg?utm_source=fr.wikipedia.org&utm_campaign=api&utm_content=thumbnail,ok,montagnes/suisse/3-1-040_grand-muveran.md
3-1-041,montagnes,suisse,Vanil Noir,Vanil Noir,Q15225,https://thumb.wikimedia.org/wikipedia/commons/thumb/7/7a/Vanil_Noir_Gruyere_Fribourg_Suisse_12_10_2007.jpg/1280px-Vanil_Noir_Gruyere_Fribourg_Suisse_12_10_2007.jpg?utm_source=fr.wikipedia.org&utm_campaign=api&utm_content=thumbnail,ok,montagnes/suisse/3-1-041_vanil-noir.md
3-1-042,montagnes,suisse,Piz Corvatsch,Piz Corvatsch,Q677288,https://thumb.wikimedia.org/wikipedia/commons/thumb/3/34/Sesselbahn_Giand%27Alva.jpg/1280px-Sesselbahn_Giand%27Alva.jpg?utm_source=fr.wikipedia.org&utm_campaign=api&utm_content=thumbnail,ok,montagnes/suisse/3-1-042_piz-corvatsch.md
3-1-043,montagnes,suisse,Piz Palü,Piz Palü,Q665042,https://thumb.wikimedia.org/wikipedia/commons/thumb/e/eb/Pal%C3%BC_von_Diavolezza.jpg/1280px-Pal%C3%BC_von_Diavolezza.jpg?utm_source=fr.wikipedia.org&utm_campaign=api&utm_content=thumbnail,ok,montagnes/suisse/3-1-043_piz-palu.md
5-2-001,monuments,europe,Tour Eiffel,Tour Eiffel,Q243,https://thumb.wikimedia.org/wikipedia/commons/thumb/a/a8/Tour_Eiffel_Wikimedia_Commons.jpg/1280px-Tour_Eiffel_Wikimedia_Commons.jpg?utm_source=fr.wikipedia.org&utm_campaign=api&utm_content=thumbnail,ok,monuments/europe/5-2-001_tour-eiffel.md
5-2-002,monuments,europe,Colisée,Colisée,Q10285,https://thumb.wikimedia.org/wikipedia/commons/thumb/d/de/Colosseo_2020.jpg/1280px-Colosseo_2020.jpg?utm_source=fr.wikipedia.org&utm_campaign=api&utm_content=thumbnail,ok,monuments/europe/5-2-002_colisee.md
5-2-003,monuments,europe,Acropole d'Athènes,Acropole d'Athènes,Q131013,https://thumb.wikimedia.org/wikipedia/commons/thumb/c/c6/Attica_06-13_Athens_50_View_from_Philopappos_-_Acropolis_Hill.jpg/1280px-Attica_06-13_Athens_50_View_from_Philopappos_-_Acropolis_Hill.jpg?utm_source=fr.wikipedia.org&utm_campaign=api&utm_content=thumbnail,ok,monuments/europe/5-2-003_acropole-d-athenes.md
5-2-004,monuments,europe,Château de Versailles,Château de Versailles,Q2946,https://thumb.wikimedia.org/wikipedia/commons/thumb/0/04/Vue_a%C3%A9rienne_du_domaine_de_Versailles_par_ToucanWings_-_Creative_Commons_By_Sa_3.0_-_083.jpg/1280px-Vue_a%C3%A9rienne_du_domaine_de_Versailles_par_ToucanWings_-_Creative_Commons_By_Sa_3.0_-_083.jpg?utm_source=fr.wikipedia.org&utm_campaign=api&utm_content=thumbnail,ok,monuments/europe/5-2-004_chateau-de-versailles.md
5-2-005,monuments,europe,Sagrada Família,Sagrada Família,Q48435,https://thumb.wikimedia.org/wikipedia/commons/thumb/7/78/SF_maig_2026.jpg/1280px-SF_maig_2026.jpg?utm_source=fr.wikipedia.org&utm_campaign=api&utm_content=thumbnail,ok,monuments/europe/5-2-005_sagrada-familia.md
5-2-006,monuments,europe,Parthénon,Parthénon,Q10288,https://upload.wikimedia.org/wikipedia/commons/d/da/The_Parthenon_in_Athens.jpg?utm_source=fr.wikipedia.org&utm_campaign=api&utm_content=thumbnail_unscaled,ok,monuments/europe/5-2-006_parthenon.md
5-2-007,monuments,europe,Château de Neuschwanstein,Château de Neuschwanstein,Q4152,https://thumb.wikimedia.org/wikipedia/commons/thumb/f/f8/Schloss_Neuschwanstein_2013.jpg/1280px-Schloss_Neuschwanstein_2013.jpg?utm_source=fr.wikipedia.org&utm_campaign=api&utm_content=thumbnail,ok,monuments/europe/5-2-007_chateau-de-neuschwanstein.md
5-2-008,monuments,europe,Big Ben,Big Ben,Q41225,https://thumb.wikimedia.org/wikipedia/commons/thumb/0/05/Elizabeth_Tower_and_the_north_front_of_the_Palace_of_Westminster%2C_London.jpg/1280px-Elizabeth_Tower_and_the_north_front_of_the_Palace_of_Westminster%2C_London.jpg?utm_source=fr.wikipedia.org&utm_campaign=api&utm_content=thumbnail,ok,monuments/europe/5-2-008_big-ben.md
5-2-009,monuments,europe,Tour de Pise,Tour de Pise,Q39054,https://thumb.wikimedia.org/wikipedia/commons/thumb/2/2a/Exterior_of_the_Leaning_Tower_%28Pisa%29_in_April_2024.jpg/1280px-Exterior_of_the_Leaning_Tower_%28Pisa%29_in_April_2024.jpg?utm_source=fr.wikipedia.org&utm_campaign=api&utm_content=thumbnail,ok,monuments/europe/5-2-009_tour-de-pise.md
5-2-010,monuments,europe,Arc de Triomphe,Arc de triomphe,Q143912,https://thumb.wikimedia.org/wikipedia/commons/thumb/a/a3/Arch_of_Constantine_%28Rome%29_-_South_side%2C_from_Via_triumphalis.jpg/1280px-Arch_of_Constantine_%28Rome%29_-_South_side%2C_from_Via_triumphalis.jpg?utm_source=fr.wikipedia.org&utm_campaign=api&utm_content=thumbnail,ok,monuments/europe/5-2-010_arc-de-triomphe.md
5-2-011,monuments,europe,Mont-Saint-Michel,Le Mont-Saint-Michel,Q20892,https://thumb.wikimedia.org/wikipedia/commons/thumb/e/ef/Mont_St_Michel_in_the_afternoon.jpg/1280px-Mont_St_Michel_in_the_afternoon.jpg?utm_source=fr.wikipedia.org&utm_campaign=api&utm_content=thumbnail,ok,monuments/europe/5-2-011_mont-saint-michel.md
5-2-012,monuments,europe,Mosquée Sainte-Sophie,Sainte-Sophie (Constantinople),Q12506,https://thumb.wikimedia.org/wikipedia/commons/thumb/4/4a/Hagia_Sophia_%28228968325%29.jpeg/1280px-Hagia_Sophia_%28228968325%29.jpeg?utm_source=fr.wikipedia.org&utm_campaign=api&utm_content=thumbnail,ok,monuments/europe/5-2-012_mosquee-sainte-sophie.md
5-2-013,monuments,europe,Notre-Dame de Paris,Notre-Dame de Paris,Q2002409,,no-image,monuments/europe/5-2-013_notre-dame-de-paris.md
5-2-014,monuments,europe,Basilique du Sacré-Cœur,Basilique du Sacré-Cœur,Q810083,https://thumb.wikimedia.org/wikipedia/commons/thumb/b/bf/Sacre_Coeur_ter.JPG/1280px-Sacre_Coeur_ter.JPG?utm_source=fr.wikipedia.org&utm_campaign=api&utm_content=thumbnail,ok,monuments/europe/5-2-014_basilique-du-sacre-c-ur.md
5-2-015,monuments,europe,Château de Chambord,Château de Chambord,Q205367,https://thumb.wikimedia.org/wikipedia/commons/thumb/4/47/Chambord_Castle_Northwest_facade.jpg/1280px-Chambord_Castle_Northwest_facade.jpg?utm_source=fr.wikipedia.org&utm_campaign=api&utm_content=thumbnail,ok,monuments/europe/5-2-015_chateau-de-chambord.md
5-2-016,monuments,europe,Alhambra,Alhambra,Q230040,,no-image,monuments/europe/5-2-016_alhambra.md
5-2-017,monuments,europe,Palais de l'Escurial,Le Jardin des délices,Q321303,https://thumb.wikimedia.org/wikipedia/commons/thumb/9/96/The_Garden_of_earthly_delights.jpg/1280px-The_Garden_of_earthly_delights.jpg?utm_source=fr.wikipedia.org&utm_campaign=api&utm_content=thumbnail,ok,monuments/europe/5-2-017_palais-de-l-escurial.md
5-2-018,monuments,europe,Tour de Belém,Tour de Belém,Q215003,https://thumb.wikimedia.org/wikipedia/commons/thumb/f/fa/Bel%C3%A9m_Tower_in_Lisbon%2C_Portugal.jpg/1280px-Bel%C3%A9m_Tower_in_Lisbon%2C_Portugal.jpg?utm_source=fr.wikipedia.org&utm_campaign=api&utm_content=thumbnail,ok,monuments/europe/5-2-018_tour-de-belem.md
5-2-019,monuments,europe,Monastère des Hiéronymites,Monastère des Hiéronymites,Q272781,https://thumb.wikimedia.org/wikipedia/commons/thumb/6/6e/Jer%C3%B3nimos_April_2009-4.jpg/1280px-Jer%C3%B3nimos_April_2009-4.jpg?utm_source=fr.wikipedia.org&utm_campaign=api&utm_content=thumbnail,ok,monuments/europe/5-2-019_monastere-des-hieronymites.md
5-2-020,monuments,europe,Palais de Westminster,Palais de Westminster,Q62408,https://thumb.wikimedia.org/wikipedia/commons/thumb/3/3b/Houses_of_Parliament_in_2022_%28cropped%29.jpg/1280px-Houses_of_Parliament_in_2022_%28cropped%29.jpg?utm_source=fr.wikipedia.org&utm_campaign=api&utm_content=thumbnail,ok,monuments/europe/5-2-020_palais-de-westminster.md
5-2-021,monuments,europe,Tower Bridge,Tower Bridge,Q83125,https://thumb.wikimedia.org/wikipedia/commons/thumb/4/46/Tower_Bridge_at_dawn_24-01-2015.jpg/1280px-Tower_Bridge_at_dawn_24-01-2015.jpg?utm_source=fr.wikipedia.org&utm_campaign=api&utm_content=thumbnail,ok,monuments/europe/5-2-021_tower-bridge.md
5-2-022,monuments,europe,Stonehenge,Stonehenge,Q39671,https://thumb.wikimedia.org/wikipedia/commons/thumb/3/3c/Stonehenge2007_07_30.jpg/1280px-Stonehenge2007_07_30.jpg?utm_source=fr.wikipedia.org&utm_campaign=api&utm_content=thumbnail,ok,monuments/europe/5-2-022_stonehenge.md
5-2-023,monuments,europe,Château d'Édimbourg,Château d'Édimbourg,Q212065,https://thumb.wikimedia.org/wikipedia/commons/thumb/8/8f/Scotland-2016-Aerial-Edinburgh_Castle.jpg/1280px-Scotland-2016-Aerial-Edinburgh_Castle.jpg?utm_source=fr.wikipedia.org&utm_campaign=api&utm_content=thumbnail,ok,monuments/europe/5-2-023_chateau-d-edimbourg.md
5-2-024,monuments,europe,Cathédrale de Cologne,Cathédrale de Cologne,Q4176,https://thumb.wikimedia.org/wikipedia/commons/thumb/a/af/K%C3%B6lner_Dom_-_Westfassade_2022_ohne_Ger%C3%BCst-0968.jpg/1280px-K%C3%B6lner_Dom_-_Westfassade_2022_ohne_Ger%C3%BCst-0968.jpg?utm_source=fr.wikipedia.org&utm_campaign=api&utm_content=thumbnail,ok,monuments/europe/5-2-024_cathedrale-de-cologne.md
5-2-025,monuments,europe,Porte de Brandebourg,Porte de Brandebourg,Q82425,https://thumb.wikimedia.org/wikipedia/commons/thumb/8/80/Berlin_-_0266_-_16052015_-_Brandenburger_Tor.jpg/1280px-Berlin_-_0266_-_16052015_-_Brandenburger_Tor.jpg?utm_source=fr.wikipedia.org&utm_campaign=api&utm_content=thumbnail,ok,monuments/europe/5-2-025_porte-de-brandebourg.md
5-2-026,monuments,europe,Château de Schönbrunn,Château de Schönbrunn,Q131330,https://thumb.wikimedia.org/wikipedia/commons/thumb/c/c4/Schloss_Sch%C3%B6nbrunn_Wien_2014_%28Zuschnitt_1%29.jpg/1280px-Schloss_Sch%C3%B6nbrunn_Wien_2014_%28Zuschnitt_1%29.jpg?utm_source=fr.wikipedia.org&utm_campaign=api&utm_content=thumbnail,ok,monuments/europe/5-2-026_chateau-de-schonbrunn.md
5-2-027,monuments,europe,Cathédrale Saint-Étienne,Cathédrale Saint-Étienne,Q293859,,no-image,monuments/europe/5-2-027_cathedrale-saint-etienne.md
5-2-028,monuments,europe,Basilique Saint-Marc,Basilique Saint-Marc de Venise,Q172988,https://thumb.wikimedia.org/wikipedia/commons/thumb/6/61/Venezia_Basilica_di_San_Marco_Fassade_2.jpg/1280px-Venezia_Basilica_di_San_Marco_Fassade_2.jpg?utm_source=fr.wikipedia.org&utm_campaign=api&utm_content=thumbnail,ok,monuments/europe/5-2-028_basilique-saint-marc.md
5-2-029,monuments,europe,Duomo de Milan,Dôme de Milan,Q18068,https://thumb.wikimedia.org/wikipedia/commons/thumb/7/70/Milan_Cathedral_from_Piazza_del_Duomo.jpg/1280px-Milan_Cathedral_from_Piazza_del_Duomo.jpg?utm_source=fr.wikipedia.org&utm_campaign=api&utm_content=thumbnail,ok,monuments/europe/5-2-029_duomo-de-milan.md
5-2-030,monuments,europe,Fontaine de Trevi,Fontaine de Trevi,Q185382,https://thumb.wikimedia.org/wikipedia/commons/thumb/c/c7/Trevi_Fountain_-_Roma.jpg/1280px-Trevi_Fountain_-_Roma.jpg?utm_source=fr.wikipedia.org&utm_campaign=api&utm_content=thumbnail,ok,monuments/europe/5-2-030_fontaine-de-trevi.md
5-2-031,monuments,europe,Basilique Saint-Pierre,Basilique Saint-Pierre,Q12512,https://thumb.wikimedia.org/wikipedia/commons/thumb/f/f5/Basilica_di_San_Pietro_in_Vaticano_September_2015-1a.jpg/1280px-Basilica_di_San_Pietro_in_Vaticano_September_2015-1a.jpg?utm_source=fr.wikipedia.org&utm_campaign=api&utm_content=thumbnail,ok,monuments/europe/5-2-031_basilique-saint-pierre.md
5-2-032,monuments,europe,Kremlin de Moscou,Kremlin de Moscou,Q133274,https://thumb.wikimedia.org/wikipedia/commons/thumb/f/f5/Moscow_05-2012_Kremlin_22.jpg/1280px-Moscow_05-2012_Kremlin_22.jpg?utm_source=fr.wikipedia.org&utm_campaign=api&utm_content=thumbnail,ok,monuments/europe/5-2-032_kremlin-de-moscou.md
5-2-033,monuments,europe,Cathédrale Sainte-Sophie de Kyiv,Kiev,Q1899,https://thumb.wikimedia.org/wikipedia/commons/thumb/3/35/Flag_of_Kyiv_Kurovskyi.svg/1280px-Flag_of_Kyiv_Kurovskyi.svg.png?utm_source=fr.wikipedia.org&utm_campaign=api&utm_content=thumbnail,ok,monuments/europe/5-2-033_cathedrale-sainte-sophie-de-kyiv.md
5-2-034,monuments,europe,Château de Prague,Château de Prague,Q193369,https://thumb.wikimedia.org/wikipedia/commons/thumb/e/e8/Chateau_de_Prague.jpg/1280px-Chateau_de_Prague.jpg?utm_source=fr.wikipedia.org&utm_campaign=api&utm_content=thumbnail,ok,monuments/europe/5-2-034_chateau-de-prague.md
5-2-035,monuments,europe,Pont Charles,Pont Charles,Q204871,https://thumb.wikimedia.org/wikipedia/commons/thumb/a/a3/Puente_Carlos%2C_Praga%2C_Rep%C3%BAblica_Checa%2C_2022-07-02%2C_DD_215.jpg/1280px-Puente_Carlos%2C_Praga%2C_Rep%C3%BAblica_Checa%2C_2022-07-02%2C_DD_215.jpg?utm_source=fr.wikipedia.org&utm_campaign=api&utm_content=thumbnail,ok,monuments/europe/5-2-035_pont-charles.md
5-2-036,monuments,europe,Château de Buda,Palais de Budavár,Q46313,https://thumb.wikimedia.org/wikipedia/commons/thumb/5/5c/Budav%C3%A1ri_Palota%2C_ABCDEF_%C3%A9p%C3%BClet.jpg/1280px-Budav%C3%A1ri_Palota%2C_ABCDEF_%C3%A9p%C3%BClet.jpg?utm_source=fr.wikipedia.org&utm_campaign=api&utm_content=thumbnail,ok,monuments/europe/5-2-036_chateau-de-buda.md
5-2-037,monuments,europe,Parlement hongrois,Parlement hongrois,Q11819,https://thumb.wikimedia.org/wikipedia/commons/thumb/2/29/Budapeszt-parlament.jpg/1280px-Budapeszt-parlament.jpg?utm_source=fr.wikipedia.org&utm_campaign=api&utm_content=thumbnail,ok,monuments/europe/5-2-037_parlement-hongrois.md
5-2-038,monuments,europe,Château du Wawel,Château du Wawel,Q18820,https://thumb.wikimedia.org/wikipedia/commons/thumb/8/87/Wawel_%284%29.jpg/1280px-Wawel_%284%29.jpg?utm_source=fr.wikipedia.org&utm_campaign=api&utm_content=thumbnail,ok,monuments/europe/5-2-038_chateau-du-wawel.md
5-2-039,monuments,europe,Auschwitz-Birkenau,Auschwitz,Q7341,https://thumb.wikimedia.org/wikipedia/commons/thumb/e/e8/Birkenau_gate.JPG/1280px-Birkenau_gate.JPG?utm_source=fr.wikipedia.org&utm_campaign=api&utm_content=thumbnail,ok,monuments/europe/5-2-039_auschwitz-birkenau.md
5-2-040,monuments,europe,Site archéologique de Delphes,Delphes,Q75459,https://upload.wikimedia.org/wikipedia/commons/d/d4/Delphi_Composite.jpg?utm_source=fr.wikipedia.org&utm_campaign=api&utm_content=thumbnail_unscaled,ok,monuments/europe/5-2-040_site-archeologique-de-delphes.md
5-2-041,monuments,europe,Site archéologique d'Olympie,Olympie,Q38888,https://thumb.wikimedia.org/wikipedia/commons/thumb/5/55/Olympia_34.jpg/1280px-Olympia_34.jpg?utm_source=fr.wikipedia.org&utm_campaign=api&utm_content=thumbnail,ok,monuments/europe/5-2-041_site-archeologique-d-olympie.md
5-2-042,monuments,europe,Acropole de Mycènes,Mycènes,Q132564,https://thumb.wikimedia.org/wikipedia/commons/thumb/2/25/Lions-Gate-Mycenae.jpg/1280px-Lions-Gate-Mycenae.jpg?utm_source=fr.wikipedia.org&utm_campaign=api&utm_content=thumbnail,ok,monuments/europe/5-2-042_acropole-de-mycenes.md
5-2-043,monuments,europe,Théâtre d'Épidaure,Sanctuaire d'Asclépios et théâtre d'Épidaure,Q7698713,https://thumb.wikimedia.org/wikipedia/commons/thumb/5/5b/The_great_theater_of_Epidaurus%2C_designed_by_Polykleitos_the_Younger_in_the_4th_century_BC%2C_Sanctuary_of_Asklepeios_at_Epidaurus%2C_Greece_%2814015010416%29.jpg/1280px-The_great_theater_of_Epidaurus%2C_designed_by_Polykleitos_the_Younger_in_the_4th_century_BC%2C_Sanctuary_of_Asklepeios_at_Epidaurus%2C_Greece_%2814015010416%29.jpg?utm_source=fr.wikipedia.org&utm_campaign=api&utm_content=thumbnail,ok,monuments/europe/5-2-043_theatre-d-epidaure.md
5-3-001,monuments,monde,Taj Mahal,Taj Mahal,Q9141,https://thumb.wikimedia.org/wikipedia/commons/thumb/b/bd/Taj_Mahal%2C_Agra%2C_India_edit3.jpg/1280px-Taj_Mahal%2C_Agra%2C_India_edit3.jpg?utm_source=fr.wikipedia.org&utm_campaign=api&utm_content=thumbnail,ok,monuments/monde/5-3-001_taj-mahal.md
5-3-002,monuments,monde,Statue de la Liberté,Statue de la Liberté,Q9202,https://thumb.wikimedia.org/wikipedia/commons/thumb/f/fd/Statue_of_Liberty%2C_statue%2C_Liberty_Island%2C_New_York.jpg/1280px-Statue_of_Liberty%2C_statue%2C_Liberty_Island%2C_New_York.jpg?utm_source=fr.wikipedia.org&utm_campaign=api&utm_content=thumbnail,ok,monuments/monde/5-3-002_statue-de-la-liberte.md
5-3-003,monuments,monde,Machu Picchu,Machu Picchu,Q676203,https://thumb.wikimedia.org/wikipedia/commons/thumb/1/13/Before_Machu_Picchu.jpg/1280px-Before_Machu_Picchu.jpg?utm_source=fr.wikipedia.org&utm_campaign=api&utm_content=thumbnail,ok,monuments/monde/5-3-003_machu-picchu.md
5-3-004,monuments,monde,Petra,Petra,Q226245,https://thumb.wikimedia.org/wikipedia/commons/thumb/2/2b/Petra_Jordan_3.jpg/1280px-Petra_Jordan_3.jpg?utm_source=fr.wikipedia.org&utm_campaign=api&utm_content=thumbnail,ok,monuments/monde/5-3-004_petra.md
5-3-005,monuments,monde,Moaï de Rapa Nui,Rapa Nui (peuple),Q852486,https://upload.wikimedia.org/wikipedia/commons/4/4a/Rapanookee_vona.jpg?utm_source=fr.wikipedia.org&utm_campaign=api&utm_content=thumbnail_unscaled,ok,monuments/monde/5-3-005_moai-de-rapa-nui.md
5-3-006,monuments,monde,Cité interdite,Cité interdite,Q80290,https://thumb.wikimedia.org/wikipedia/commons/thumb/e/e0/%E6%99%AF%E5%B1%B1%E5%85%AC%E5%9B%AD_%2820315852831%29-_cropped.jpg/1280px-%E6%99%AF%E5%B1%B1%E5%85%AC%E5%9B%AD_%2820315852831%29-_cropped.jpg?utm_source=fr.wikipedia.org&utm_campaign=api&utm_content=thumbnail,ok,monuments/monde/5-3-006_cite-interdite.md
5-3-007,monuments,monde,Angkor Wat,Angkor Vat,Q43473,https://thumb.wikimedia.org/wikipedia/commons/thumb/4/41/Angkor_Wat.jpg/1280px-Angkor_Wat.jpg?utm_source=fr.wikipedia.org&utm_campaign=api&utm_content=thumbnail,ok,monuments/monde/5-3-007_angkor-wat.md
5-3-008,monuments,monde,Burj Khalifa,Burj Khalifa,Q12495,https://thumb.wikimedia.org/wikipedia/commons/thumb/a/af/Vue_du_haut_Burj.jpg/1280px-Vue_du_haut_Burj.jpg?utm_source=fr.wikipedia.org&utm_campaign=api&utm_content=thumbnail,ok,monuments/monde/5-3-008_burj-khalifa.md
5-3-009,monuments,monde,Cathédrale Saint-Basile,Cathédrale Saint-Basile,Q28530310,,no-image,monuments/monde/5-3-009_cathedrale-saint-basile.md
5-3-010,monuments,monde,Pyramide de Khéops,Pyramide de Khéops,Q37200,https://thumb.wikimedia.org/wikipedia/commons/thumb/a/a0/Great_Pyramid_of_Giza.jpg/1280px-Great_Pyramid_of_Giza.jpg?utm_source=fr.wikipedia.org&utm_campaign=api&utm_content=thumbnail,ok,monuments/monde/5-3-010_pyramide-de-kheops.md
5-3-011,monuments,monde,Grande Muraille de Chine,Grande Muraille,Q12501,https://thumb.wikimedia.org/wikipedia/commons/thumb/f/fa/Great_Wall_of_China_July_2006.JPG/1280px-Great_Wall_of_China_July_2006.JPG?utm_source=fr.wikipedia.org&utm_campaign=api&utm_content=thumbnail,ok,monuments/monde/5-3-011_grande-muraille-de-chine.md
5-3-012,monuments,monde,Temple du Ciel,Temple du Ciel,Q125445,https://thumb.wikimedia.org/wikipedia/commons/thumb/5/5f/Temple_of_Heaven_20160323_01.jpg/1280px-Temple_of_Heaven_20160323_01.jpg?utm_source=fr.wikipedia.org&utm_campaign=api&utm_content=thumbnail,ok,monuments/monde/5-3-012_temple-du-ciel.md
5-3-013,monuments,monde,Armée de terre cuite,Armée de terre cuite,Q47672,https://thumb.wikimedia.org/wikipedia/commons/thumb/b/b5/A_rank_of_terracotta_soldiers.jpg/1280px-A_rank_of_terracotta_soldiers.jpg?utm_source=fr.wikipedia.org&utm_campaign=api&utm_content=thumbnail,ok,monuments/monde/5-3-013_armee-de-terre-cuite.md
5-3-014,monuments,monde,Empire State Building,Empire State Building,Q9188,https://upload.wikimedia.org/wikipedia/commons/1/10/Empire_State_Building_%28aerial_view%29.jpg?utm_source=fr.wikipedia.org&utm_campaign=api&utm_content=thumbnail_unscaled,ok,monuments/monde/5-3-014_empire-state-building.md
5-3-015,monuments,monde,Golden Gate Bridge,Pont du Golden Gate,Q44440,https://thumb.wikimedia.org/wikipedia/commons/thumb/3/3c/GG-ftpoint-bridge-2.jpg/1280px-GG-ftpoint-bridge-2.jpg?utm_source=fr.wikipedia.org&utm_campaign=api&utm_content=thumbnail,ok,monuments/monde/5-3-015_golden-gate-bridge.md
5-3-016,monuments,monde,Pont de Brooklyn,Pont de Brooklyn,Q125006,https://thumb.wikimedia.org/wikipedia/commons/thumb/f/f0/Brooklyn_Bridge_and_the_Lower_Manhattan_skyline_from_Pebble_Beach%2C_New_York.jpg/1280px-Brooklyn_Bridge_and_the_Lower_Manhattan_skyline_from_Pebble_Beach%2C_New_York.jpg?utm_source=fr.wikipedia.org&utm_campaign=api&utm_content=thumbnail,ok,monuments/monde/5-3-016_pont-de-brooklyn.md
5-3-017,monuments,monde,Mont Rushmore,Mont Rushmore,Q83497,https://thumb.wikimedia.org/wikipedia/commons/thumb/8/87/Mount_Rushmore_detail_view_%28100MP%29.jpg/1280px-Mount_Rushmore_detail_view_%28100MP%29.jpg?utm_source=fr.wikipedia.org&utm_campaign=api&utm_content=thumbnail,ok,monuments/monde/5-3-017_mont-rushmore.md
5-3-018,monuments,monde,Chichén Itzá,Chichén Itzá,Q5859,https://thumb.wikimedia.org/wikipedia/commons/thumb/8/8d/El_Castillo_Stitch_2008_Edit_1.jpg/1280px-El_Castillo_Stitch_2008_Edit_1.jpg?utm_source=fr.wikipedia.org&utm_campaign=api&utm_content=thumbnail,ok,monuments/monde/5-3-018_chichen-itza.md
5-3-019,monuments,monde,Teotihuacan,Teotihuacan,Q172613,https://thumb.wikimedia.org/wikipedia/commons/thumb/0/06/View_from_Pyramide_de_la_luna.jpg/1280px-View_from_Pyramide_de_la_luna.jpg?utm_source=fr.wikipedia.org&utm_campaign=api&utm_content=thumbnail,ok,monuments/monde/5-3-019_teotihuacan.md
5-3-020,monuments,monde,Christ Rédempteur,Christ rédempteur,Q397406,,no-image,monuments/monde/5-3-020_christ-redempteur.md
5-3-021,monuments,monde,Château de Himeji,Château de Himeji,Q188754,https://thumb.wikimedia.org/wikipedia/commons/thumb/c/c1/Himeji_castle_in_may_2015.jpg/1280px-Himeji_castle_in_may_2015.jpg?utm_source=fr.wikipedia.org&utm_campaign=api&utm_content=thumbnail,ok,monuments/monde/5-3-021_chateau-de-himeji.md
5-3-022,monuments,monde,Bouddha de Kamakura,Kōtoku-in,Q672056,https://thumb.wikimedia.org/wikipedia/commons/thumb/b/b6/230128_Kamakura_Daibutsu_Japan01s3.jpg/1280px-230128_Kamakura_Daibutsu_Japan01s3.jpg?utm_source=fr.wikipedia.org&utm_campaign=api&utm_content=thumbnail,ok,monuments/monde/5-3-022_bouddha-de-kamakura.md
5-3-023,monuments,monde,Fushimi Inari,Fushimi Inari-taisha,Q714828,https://thumb.wikimedia.org/wikipedia/commons/thumb/1/16/KyotoFushimiInariLarge.jpg/1280px-KyotoFushimiInariLarge.jpg?utm_source=fr.wikipedia.org&utm_campaign=api&utm_content=thumbnail,ok,monuments/monde/5-3-023_fushimi-inari.md
5-3-024,monuments,monde,Borobudur,Temple de Borobudur,Q42798,https://upload.wikimedia.org/wikipedia/commons/b/bf/Borobudur_Northwest_View.jpg?utm_source=fr.wikipedia.org&utm_campaign=api&utm_content=thumbnail_unscaled,ok,monuments/monde/5-3-024_borobudur.md
5-3-025,monuments,monde,Shwedagon,Pagode Shwedagon,Q464535,https://thumb.wikimedia.org/wikipedia/commons/thumb/a/a3/Yangon_-_Shwedagon_Pagoda_03.jpg/1280px-Yangon_-_Shwedagon_Pagoda_03.jpg?utm_source=fr.wikipedia.org&utm_campaign=api&utm_content=thumbnail,ok,monuments/monde/5-3-025_shwedagon.md
5-3-026,monuments,monde,Mur des Lamentations,Mur des Lamentations,Q134821,https://thumb.wikimedia.org/wikipedia/commons/thumb/8/82/Klagemauer.JPG/1280px-Klagemauer.JPG?utm_source=fr.wikipedia.org&utm_campaign=api&utm_content=thumbnail,ok,monuments/monde/5-3-026_mur-des-lamentations.md
5-3-027,monuments,monde,Dôme du Rocher,Dôme du Rocher,Q172077,https://thumb.wikimedia.org/wikipedia/commons/thumb/c/c3/Jerusalem_DomeoftheRock_J65.JPG/1280px-Jerusalem_DomeoftheRock_J65.JPG?utm_source=fr.wikipedia.org&utm_campaign=api&utm_content=thumbnail,ok,monuments/monde/5-3-027_dome-du-rocher.md
5-3-028,monuments,monde,Pyramides de Gizeh,Pyramides de Gizeh,Q12508,https://thumb.wikimedia.org/wikipedia/commons/thumb/a/af/All_Gizah_Pyramids.jpg/1280px-All_Gizah_Pyramids.jpg?utm_source=fr.wikipedia.org&utm_campaign=api&utm_content=thumbnail,ok,monuments/monde/5-3-028_pyramides-de-gizeh.md
5-3-029,monuments,monde,Sphinx de Gizeh,Sphinx de Gizeh,Q130958,https://thumb.wikimedia.org/wikipedia/commons/thumb/1/18/The_amazing_Sphinx.jpg/1280px-The_amazing_Sphinx.jpg?utm_source=fr.wikipedia.org&utm_campaign=api&utm_content=thumbnail,ok,monuments/monde/5-3-029_sphinx-de-gizeh.md
5-3-030,monuments,monde,Temples d'Abou Simbel,Temples d'Abou Simbel,Q134140,https://thumb.wikimedia.org/wikipedia/commons/thumb/6/63/Panorama_Abu_Simbel_crop.jpg/1280px-Panorama_Abu_Simbel_crop.jpg?utm_source=fr.wikipedia.org&utm_campaign=api&utm_content=thumbnail,ok,monuments/monde/5-3-030_temples-d-abou-simbel.md
5-3-031,monuments,monde,Ruines de Carthage,Carthage,Q6343,https://upload.wikimedia.org/wikipedia/commons/1/1b/Carthage_sud_urbanisation.jpg?utm_source=fr.wikipedia.org&utm_campaign=api&utm_content=thumbnail_unscaled,ok,monuments/monde/5-3-031_ruines-de-carthage.md
5-3-032,monuments,monde,Grande Mosquée de Djenné,Grande mosquée de Djenné,Q683632,https://upload.wikimedia.org/wikipedia/commons/c/ce/Great_Mosque_of_Djenn%C3%A9_1.jpg?utm_source=fr.wikipedia.org&utm_campaign=api&utm_content=thumbnail_unscaled,ok,monuments/monde/5-3-032_grande-mosquee-de-djenne.md
5-3-033,monuments,monde,Églises de Lalibela,Églises rupestres de Lalibela,Q642979,https://thumb.wikimedia.org/wikipedia/commons/thumb/a/aa/Lalibela%2C_san_giorgio%2C_esterno_24.jpg/1280px-Lalibela%2C_san_giorgio%2C_esterno_24.jpg?utm_source=fr.wikipedia.org&utm_campaign=api&utm_content=thumbnail,ok,monuments/monde/5-3-033_eglises-de-lalibela.md
5-3-034,monuments,monde,Robben Island,Robben Island,Q192493,https://thumb.wikimedia.org/wikipedia/commons/thumb/2/24/Robben_Island_-_Cape_Town%2C_South_Africa_%283883849594%29.jpg/1280px-Robben_Island_-_Cape_Town%2C_South_Africa_%283883849594%29.jpg?utm_source=fr.wikipedia.org&utm_campaign=api&utm_content=thumbnail,ok,monuments/monde/5-3-034_robben-island.md
5-3-035,monuments,monde,Opéra de Sydney,Opéra de Sydney,Q45178,https://thumb.wikimedia.org/wikipedia/commons/thumb/9/92/Sydney_Opera_House_from_Circular_Quay%2C_2023%2C_10.jpg/1280px-Sydney_Opera_House_from_Circular_Quay%2C_2023%2C_10.jpg?utm_source=fr.wikipedia.org&utm_campaign=api&utm_content=thumbnail,ok,monuments/monde/5-3-035_opera-de-sydney.md
5-3-036,monuments,monde,Petronas Towers,Tours Petronas,Q83063,https://thumb.wikimedia.org/wikipedia/commons/thumb/b/bc/Petronas_Towers_Logo.svg/1280px-Petronas_Towers_Logo.svg.png?utm_source=fr.wikipedia.org&utm_campaign=api&utm_content=thumbnail,ok,monuments/monde/5-3-036_petronas-towers.md
5-3-037,monuments,monde,Marina Bay Sands,Marina Bay Sands,Q548679,https://thumb.wikimedia.org/wikipedia/commons/thumb/3/33/Marina_Bay_Sands_Hotel_3_%2831345110894%29.jpg/1280px-Marina_Bay_Sands_Hotel_3_%2831345110894%29.jpg?utm_source=fr.wikipedia.org&utm_campaign=api&utm_content=thumbnail,ok,monuments/monde/5-3-037_marina-bay-sands.md
5-3-038,monuments,monde,Taipei 101,Taipei 101,Q83101,https://thumb.wikimedia.org/wikipedia/commons/thumb/0/0b/Taipei_101_logo.svg/1280px-Taipei_101_logo.svg.png?utm_source=fr.wikipedia.org&utm_campaign=api&utm_content=thumbnail,ok,monuments/monde/5-3-038_taipei-101.md
5-3-039,monuments,monde,Stone Town,Stone Town,Q844417,https://thumb.wikimedia.org/wikipedia/commons/thumb/8/8d/Fort_Stone_Town.jpg/1280px-Fort_Stone_Town.jpg?utm_source=fr.wikipedia.org&utm_campaign=api&utm_content=thumbnail,ok,monuments/monde/5-3-039_stone-town.md
5-3-040,monuments,monde,Bouddha de Leshan,Grand Bouddha de Leshan,Q205131,https://thumb.wikimedia.org/wikipedia/commons/thumb/3/38/Leshan_Buddha_Statue_View.JPG/1280px-Leshan_Buddha_Statue_View.JPG?utm_source=fr.wikipedia.org&utm_campaign=api&utm_content=thumbnail,ok,monuments/monde/5-3-040_bouddha-de-leshan.md
5-1-001,monuments,suisse,Château de Chillon,Château de Chillon,Q372647,https://thumb.wikimedia.org/wikipedia/commons/thumb/6/6d/Chillon_viewed_from_south_2021.jpg/1280px-Chillon_viewed_from_south_2021.jpg?utm_source=fr.wikipedia.org&utm_campaign=api&utm_content=thumbnail,ok,monuments/suisse/5-1-001_chateau-de-chillon.md
5-1-002,monuments,suisse,Château de Gruyères,Château de Gruyères,Q691966,https://thumb.wikimedia.org/wikipedia/commons/thumb/1/1f/12_Chateau_de_Gruy%C3%A8res_Photo_by_Giles_Laurent.jpg/1280px-12_Chateau_de_Gruy%C3%A8res_Photo_by_Giles_Laurent.jpg?utm_source=fr.wikipedia.org&utm_campaign=api&utm_content=thumbnail,ok,monuments/suisse/5-1-002_chateau-de-gruyeres.md
5-1-003,monuments,suisse,Abbaye de Saint-Gall,Abbaye de Saint-Gall,Q155699,https://thumb.wikimedia.org/wikipedia/commons/thumb/2/21/StGallen_asv2022-10_F%C3%BCrstabtei_img1.jpg/1280px-StGallen_asv2022-10_F%C3%BCrstabtei_img1.jpg?utm_source=fr.wikipedia.org&utm_campaign=api&utm_content=thumbnail,ok,monuments/suisse/5-1-003_abbaye-de-saint-gall.md
5-1-004,monuments,suisse,Château de Bellinzone,Châteaux de Bellinzone,Q510279,https://thumb.wikimedia.org/wikipedia/commons/thumb/d/d6/Joseph_Mallord_William_Turner_005.jpg/1280px-Joseph_Mallord_William_Turner_005.jpg?utm_source=fr.wikipedia.org&utm_campaign=api&utm_content=thumbnail,ok,monuments/suisse/5-1-004_chateau-de-bellinzone.md
5-1-005,monuments,suisse,Pont de la Chapelle,Pont Saint-Bénézet,Q284444,https://upload.wikimedia.org/wikipedia/commons/2/20/Le_pont_d%27Avignon_depuis_l%27%C3%AEle_de_la_Barthelasse.jpg?utm_source=fr.wikipedia.org&utm_campaign=api&utm_content=thumbnail_unscaled,ok,monuments/suisse/5-1-005_pont-de-la-chapelle.md
5-1-006,monuments,suisse,Cathédrale de Lausanne,Cathédrale de Lausanne,Q669544,https://upload.wikimedia.org/wikipedia/commons/c/cb/Lausanne-cathe7.JPG?utm_source=fr.wikipedia.org&utm_campaign=api&utm_content=thumbnail_unscaled,ok,monuments/suisse/5-1-006_cathedrale-de-lausanne.md
5-1-007,monuments,suisse,Palais fédéral,Palais fédéral,Q30911,https://thumb.wikimedia.org/wikipedia/commons/thumb/4/46/Bern_Parliament_Plaza_Flagged_Wide_2019-09-13_23-11.jpg/1280px-Bern_Parliament_Plaza_Flagged_Wide_2019-09-13_23-11.jpg?utm_source=fr.wikipedia.org&utm_campaign=api&utm_content=thumbnail,ok,monuments/suisse/5-1-007_palais-federal.md
5-1-008,monuments,suisse,Château de Prangins,Château de Prangins,Q530659,https://upload.wikimedia.org/wikipedia/commons/7/77/Ch%C3%A2teau_de_Prangins.jpg?utm_source=fr.wikipedia.org&utm_campaign=api&utm_content=thumbnail_unscaled,ok,monuments/suisse/5-1-008_chateau-de-prangins.md
5-1-009,monuments,suisse,Château de Thoune,Château de Thoune,Q519524,https://thumb.wikimedia.org/wikipedia/commons/thumb/4/43/4144_-_Thun_-_Schloss_Thun.JPG/1280px-4144_-_Thun_-_Schloss_Thun.JPG?utm_source=fr.wikipedia.org&utm_campaign=api&utm_content=thumbnail,ok,monuments/suisse/5-1-009_chateau-de-thoune.md
5-1-010,monuments,suisse,Château de Spiez,Château de Spiez,Q2243562,https://thumb.wikimedia.org/wikipedia/commons/thumb/2/2b/Schloss_Spiez_von_oben.JPG/1280px-Schloss_Spiez_von_oben.JPG?utm_source=fr.wikipedia.org&utm_campaign=api&utm_content=thumbnail,ok,monuments/suisse/5-1-010_chateau-de-spiez.md
5-1-011,monuments,suisse,Château de Grandson,Château de Grandson,Q691947,https://upload.wikimedia.org/wikipedia/commons/e/e1/Castle_grandson.jpg?utm_source=fr.wikipedia.org&utm_campaign=api&utm_content=thumbnail_unscaled,ok,monuments/suisse/5-1-011_chateau-de-grandson.md
5-1-012,monuments,suisse,Château de Tourbillon,Château de Tourbillon,Q2970842,https://thumb.wikimedia.org/wikipedia/commons/thumb/9/95/Ch%C3%A2teau_de_Tourbillon_-_2022.jpg/1280px-Ch%C3%A2teau_de_Tourbillon_-_2022.jpg?utm_source=fr.wikipedia.org&utm_campaign=api&utm_content=thumbnail,ok,monuments/suisse/5-1-012_chateau-de-tourbillon.md
5-1-013,monuments,suisse,Château de Valère,Château de Valère,Q688261,https://thumb.wikimedia.org/wikipedia/commons/thumb/8/8e/Ch%C3%A2teau_de_Val%C3%A8re_et_Haut_de_Cry_-_juillet_2022.jpg/1280px-Ch%C3%A2teau_de_Val%C3%A8re_et_Haut_de_Cry_-_juillet_2022.jpg?utm_source=fr.wikipedia.org&utm_campaign=api&utm_content=thumbnail,ok,monuments/suisse/5-1-013_chateau-de-valere.md
5-1-014,monuments,suisse,Château de Stockalper,Château de Stockalper,Q390656,https://thumb.wikimedia.org/wikipedia/commons/thumb/1/13/Le_ch%C3%A2teau_Stockalper_de_l%27ouest.jpg/1280px-Le_ch%C3%A2teau_Stockalper_de_l%27ouest.jpg?utm_source=fr.wikipedia.org&utm_campaign=api&utm_content=thumbnail,ok,monuments/suisse/5-1-014_chateau-de-stockalper.md
5-1-015,monuments,suisse,Château de Lenzbourg,Château de Lenzbourg,Q668647,https://upload.wikimedia.org/wikipedia/commons/1/10/Lenzburg_schloss.jpg?utm_source=fr.wikipedia.org&utm_campaign=api&utm_content=thumbnail_unscaled,ok,monuments/suisse/5-1-015_chateau-de-lenzbourg.md
5-1-016,monuments,suisse,Château de Habsbourg,Château de Habsbourg,Q317096,https://upload.wikimedia.org/wikipedia/commons/e/ef/Picswiss_AG-24-05.jpg?utm_source=fr.wikipedia.org&utm_campaign=api&utm_content=thumbnail_unscaled,ok,monuments/suisse/5-1-016_chateau-de-habsbourg.md
5-1-017,monuments,suisse,Château de Rapperswil,Château de Rapperswil,Q1354897,https://thumb.wikimedia.org/wikipedia/commons/thumb/d/d7/Rapperswil_-_Schloss_-_Manor_2012-10-16_14-55-00.jpg/1280px-Rapperswil_-_Schloss_-_Manor_2012-10-16_14-55-00.jpg?utm_source=fr.wikipedia.org&utm_campaign=api&utm_content=thumbnail,ok,monuments/suisse/5-1-017_chateau-de-rapperswil.md
5-1-018,monuments,suisse,Château de Kybourg,Château de Kybourg,Q573643,https://upload.wikimedia.org/wikipedia/commons/f/fc/Castle_kyburg.jpg?utm_source=fr.wikipedia.org&utm_campaign=api&utm_content=thumbnail_unscaled,ok,monuments/suisse/5-1-018_chateau-de-kybourg.md
5-1-019,monuments,suisse,Château de Nyon,Château de Nyon,Q1094121,https://thumb.wikimedia.org/wikipedia/commons/thumb/e/ef/Ch%C3%A2teau_de_Nyon.jpg/1280px-Ch%C3%A2teau_de_Nyon.jpg?utm_source=fr.wikipedia.org&utm_campaign=api&utm_content=thumbnail,ok,monuments/suisse/5-1-019_chateau-de-nyon.md
5-1-020,monuments,suisse,Château de Morges,Château de Morges,Q1108722,https://thumb.wikimedia.org/wikipedia/commons/thumb/8/83/Ch%C3%A2teau_de_Morges_-_fa%C3%A7ade.jpg/1280px-Ch%C3%A2teau_de_Morges_-_fa%C3%A7ade.jpg?utm_source=fr.wikipedia.org&utm_campaign=api&utm_content=thumbnail,ok,monuments/suisse/5-1-020_chateau-de-morges.md
5-1-021,monuments,suisse,Cathédrale de Berne,Collégiale Saint-Vincent de Berne,Q688315,https://thumb.wikimedia.org/wikipedia/commons/thumb/4/45/M%C3%BCnster_%28Bern%29.jpg/1280px-M%C3%BCnster_%28Bern%29.jpg?utm_source=fr.wikipedia.org&utm_campaign=api&utm_content=thumbnail,ok,monuments/suisse/5-1-021_cathedrale-de-berne.md
5-1-022,monuments,suisse,Collégiale de Neuchâtel,Collégiale de Neuchâtel,Q686243,https://thumb.wikimedia.org/wikipedia/commons/thumb/e/ea/Neuenburg_Kollegiatskirche_Kirchenhof.jpg/1280px-Neuenburg_Kollegiatskirche_Kirchenhof.jpg?utm_source=fr.wikipedia.org&utm_campaign=api&utm_content=thumbnail,ok,monuments/suisse/5-1-022_collegiale-de-neuchatel.md
5-1-023,monuments,suisse,Grossmünster,Grossmünster,Q684948,https://thumb.wikimedia.org/wikipedia/commons/thumb/e/eb/Grossm%C3%BCnster_-_Limmatquai_-_W%C3%BChre_2018-09-05_15-58-02.jpg/1280px-Grossm%C3%BCnster_-_Limmatquai_-_W%C3%BChre_2018-09-05_15-58-02.jpg?utm_source=fr.wikipedia.org&utm_campaign=api&utm_content=thumbnail,ok,monuments/suisse/5-1-023_grossmunster.md
5-1-024,monuments,suisse,Fraumünster,Fraumünster,Q690944,https://thumb.wikimedia.org/wikipedia/commons/thumb/6/6d/Iglesia_de_Fraum%C3%BCnster%2C_Z%C3%BArich%2C_Suiza%2C_2023-03-05%2C_DD_21.jpg/1280px-Iglesia_de_Fraum%C3%BCnster%2C_Z%C3%BArich%2C_Suiza%2C_2023-03-05%2C_DD_21.jpg?utm_source=fr.wikipedia.org&utm_campaign=api&utm_content=thumbnail,ok,monuments/suisse/5-1-024_fraumunster.md
5-1-025,monuments,suisse,Abbaye d'Einsiedeln,Abbaye territoriale d'Einsiedeln,Q693087,https://thumb.wikimedia.org/wikipedia/commons/thumb/1/1c/CoA_Einsiedeln_Abbey%2C_Switzerland.svg/1280px-CoA_Einsiedeln_Abbey%2C_Switzerland.svg.png?utm_source=fr.wikipedia.org&utm_campaign=api&utm_content=thumbnail,ok,monuments/suisse/5-1-025_abbaye-d-einsiedeln.md
5-1-026,monuments,suisse,Abbaye de Saint-Maurice,Abbaye territoriale de Saint-Maurice,Q334174,https://thumb.wikimedia.org/wikipedia/commons/thumb/4/48/Coat_of_arms_of_St-Maurice_abbey.svg/1280px-Coat_of_arms_of_St-Maurice_abbey.svg.png?utm_source=fr.wikipedia.org&utm_campaign=api&utm_content=thumbnail,ok,monuments/suisse/5-1-026_abbaye-de-saint-maurice.md
5-1-027,monuments,suisse,Hospice du Grand-Saint-Bernard,Hospice du Grand-Saint-Bernard,Q462320,https://upload.wikimedia.org/wikipedia/commons/c/cd/Grand_St-Bernard.jpg?utm_source=fr.wikipedia.org&utm_campaign=api&utm_content=thumbnail_unscaled,ok,monuments/suisse/5-1-027_hospice-du-grand-saint-bernard.md
5-1-028,monuments,suisse,Barrage de la Grande-Dixence,Barrage de la Grande-Dixence,Q675009,https://thumb.wikimedia.org/wikipedia/commons/thumb/a/ab/Barrage_de_la_Grande-Dixence.jpg/1280px-Barrage_de_la_Grande-Dixence.jpg?utm_source=fr.wikipedia.org&utm_campaign=api&utm_content=thumbnail,ok,monuments/suisse/5-1-028_barrage-de-la-grande-dixence.md
5-1-029,monuments,suisse,Vignobles de Lavaux,Lavaux,Q688060,https://thumb.wikimedia.org/wikipedia/commons/thumb/d/da/Lavaux_Switzerland.jpg/1280px-Lavaux_Switzerland.jpg?utm_source=fr.wikipedia.org&utm_campaign=api&utm_content=thumbnail,ok,monuments/suisse/5-1-029_vignobles-de-lavaux.md
5-1-030,monuments,suisse,Monte San Giorgio,Monte San Giorgio,Q16648,https://upload.wikimedia.org/wikipedia/commons/2/26/Lake_Lugano.jpg?utm_source=fr.wikipedia.org&utm_campaign=api&utm_content=thumbnail_unscaled,ok,monuments/suisse/5-1-030_monte-san-giorgio.md
5-1-031,monuments,suisse,Pont du Diable,Pont du Diable,Q445800,https://thumb.wikimedia.org/wikipedia/commons/thumb/7/7a/Ponte_della_Maddalena_daylight.JPG/1280px-Ponte_della_Maddalena_daylight.JPG?utm_source=fr.wikipedia.org&utm_campaign=api&utm_content=thumbnail,ok,monuments/suisse/5-1-031_pont-du-diable.md
5-1-032,monuments,suisse,Vieille ville de Berne,Vieille ville de Berne,Q687973,https://upload.wikimedia.org/wikipedia/commons/7/75/Bern_luftaufnahme.png?utm_source=fr.wikipedia.org&utm_campaign=api&utm_content=thumbnail_unscaled,ok,monuments/suisse/5-1-032_vieille-ville-de-berne.md
5-1-033,monuments,suisse,Château de Châtelard,Château du Châtelard (Vaud),Q2971666,https://thumb.wikimedia.org/wikipedia/commons/thumb/9/9c/Ch%C3%A2telard_Ch%C3%A2teau_-_2011_-_01.jpg/1280px-Ch%C3%A2telard_Ch%C3%A2teau_-_2011_-_01.jpg?utm_source=fr.wikipedia.org&utm_campaign=api&utm_content=thumbnail,ok,monuments/suisse/5-1-033_chateau-de-chatelard.md
